001A0CE8	ResponseFile_int__ref__char__ptr__ptr	8	neighbour	001A0240
001A1238	mcGame__dtor_mcGame_void	144	neighbour	001A09E0
001A28A8	mcGame__PreUpdate_void	144	neighbour	001A1E60
001A2938	mcGame__PostUpdate_void	92	neighbour	001A1EF0
001A3140	mcGame__ProcessInputs_void	8	neighbour	001A2850
001A3A50	mcGame__ShouldRunPauseUpdateLoopOnly_void	80	neighbour	001A3260
001A4198	_GLOBAL_$I$c__soft_mc3_src_mcgame_game_cEIaaaa	32	neighbour	001A38D0
001A41B8	mcGameAudio__mcGameAudio_void	144	neighbour	001A38F0
001A4248	mcGameAudio__InitClass_void	52	neighbour	001A3980
001A42C0	mcGameAudio__dtor_mcGameAudio_void	148	neighbour	001A39F8
001A4358	mcGameAudio__SetNetworkMode_bool	8	neighbour	001A3A90
001A44C0	mcGameAudio__UnloadCity_void	56	neighbour	001A3C00
001A45A0	mcGameAudio__UnloadRace_void	92	neighbour	001A3CB8
001A4600	mcGameAudio__PostLoadFrontend_void	56	neighbour	001A3D18
001A4638	mcGameAudio__UnloadFrontend_void	40	neighbour	001A3D50
001A5160	_GLOBAL_$I$c__soft_mc3_src_mcgame_gameaudio_cNJaaaa	32	neighbour	001A4648
001A55C8	mcGameState__UpdateState_void	8	neighbour	001A4B58
001A56D0	mcGameState__EnterStateBoot_void	44	neighbour	001A4C60
001A6760	mcGameState__EnterStateQuit_void	44	neighbour	001A5B98
001A6FE8	mcGameState__SetTimewarp_void	20	neighbour	001A6848
001A76A0	mcGameState__DoFastForward_void	28	neighbour	001A6F60
001A76C0	mcGameState__DoLoadRace_void	36	neighbour	001A6F80
001A76E8	mcGameState__DoKillRace_void	164	neighbour	001A6FA8
001A7790	mcGameState__DoKillAmbients_void	72	neighbour	001A7050
001A77D8	mcGameState__DoKillConditions_void	72	neighbour	001A7098
001A7820	mcGameState__DoKillCity_void	72	neighbour	001A70E0
001A7868	mcGameState__DoStartReplay_void	36	neighbour	001A7128
001A7890	mcGameState__DoEndReplay_void	36	neighbour	001A7150
001A78B8	mcGameState__DoStartMovie_void	36	neighbour	001A7178
001A7A90	mcGameState__DoLoadGarage_void	36	neighbour	001A7418
001A7AB8	mcGameState__DoKillGarage_void	288	neighbour	001A7440
001A7BD8	mcGameState__DoLoadMC3Frontend_void	36	neighbour	001A7560
001A7C00	mcGameState__DoKillFrontend_void	36	neighbour	001A7588
001A7C28	mcGameState__DoLoadRaceEditor_void	36	neighbour	001A75B0
001A8D10	mcLayer__mcLayer_void	24	neighbour	001A7CB8
001A8D28	mcLayer__dtor_mcLayer_void	40	neighbour	001A7CD0
001A8D90	mcLayer__PreLoad_void	8	neighbour	001A7D38
001A8D98	mcLayer__PostUnLoad_void	8	neighbour	001A7D40
001A8E10	mcLayer__Reload_void	8	neighbour	001A7D98
001A8E18	mcLayer__DeleteBanks_void	8	neighbour	001A7DA0
001A8E20	mcLayer__DisplayTutorialText_unsigned_char	8	neighbour	001A7DA8
001A8E50	mcLayerCity__mcLayerCity_void	68	neighbour	001A8078
001A8E98	mcLayerCity__dtor_mcLayerCity_void	40	neighbour	001A80C0
001A9688	mcLayerManager__dtor_mcLayerManager_void	176	neighbour	001A8908
001A9738	mcLayerManager__CreateInstance_void	52	neighbour	001A89B8
001A9770	mcLayerManager__ShutdownInstance_void	64	neighbour	001A89F0
001A97B0	mcLayerManager__GetInstance_void	12	neighbour	001A8A30
001A97C0	mcLayerManager__GetLayer_mcLayer__eLayer_const	16	neighbour	001A8A40
001A97D0	mcLayerManager__PreLoad_mcLayer__eLayer	84	neighbour	001A8A50
001A9878	mcLayerManager__PreUnload_mcLayer__eLayer	40	neighbour	001A8AF8
001A98A0	mcLayerManager__PostUnload_mcLayer__eLayer	72	neighbour	001A8B20
001A98E8	mcLayerManager__UnloadDownToSpecifiedLayer_mcLayer__eLayer_mcLayer__eLayer	200	neighbour	001A8B68
001A99B0	mcLayerMovie__mcLayerMovie_void	56	neighbour	001A8C30
001A99E8	mcLayerMovie__dtor_mcLayerMovie_void	40	neighbour	001A8C68
001A9C28	mcLayerRace__mcLayerRace_void	52	neighbour	001A8DD0
001A9C60	mcLayerRace__dtor_mcLayerRace_void	40	neighbour	001A8E08
001AA6C8	__static_initialization_and_destruction_0__001A97C8	52	neighbour	001A97C8
001AA700	_GLOBAL_$I$c__soft_mc3_src_mcgame_layerrace_cUCaaaa	32	neighbour	001A9800
001AA720	mcLayerRaceEditor__mcLayerRaceEditor_void	52	neighbour	001A9820
001AA758	mcLayerRaceEditor__dtor_mcLayerRaceEditor_void	40	neighbour	001A9858
001ADD88	mcMusic__GarageEnd_void	80	neighbour	001AB900
001AE730	mcMemCard__ShutdownInstance_void	64	neighbour	001AC158
001AFF20	mcMemCard__GetAllSavegamesOnCardPrintResults_void	60	neighbour	001AD5D8
001B0058	mcMemCard__ExtractUserPartOutOfFullDirectoryName_char_const__ptr	92	neighbour	001AD6D8
001B12B0	mcMemCard__CompareTimeStamps_sceMcStDateTime_const__ref__sceMcStDateTime_const__ref	76	neighbour	001AE6A0
001B33A8	mcNetManagerDerived__PostPeerPhaseChanged_int_net__ePhase	68	neighbour	001AFD60
001B4260	mcNetManagerDerived__HandleInput_mcNetInputMessage_const__ref__int	128	neighbour	001B0248
001B42E0	mcNetManagerDerived__HandlePlayer_mcNetPlayerMessage_const__ref__int	120	neighbour	001B02C8
001B5BA0	mcNetManagerDerived__HandleStopCountdown_mcNetStopCountdownMessage_const__ref__int	148	neighbour	001B19C0
001B8580	mcNetManagerThreadDerived__ProcessJoinFlags_int_unsigned_int	88	neighbour	001B3A28
001BAC40	mcAudioRaceSpeech__PauseOff_void	8	neighbour	001B7130
001BADA8	_GLOBAL_$I$c__soft_mc3_src_mcgame_replay_cxKaaaa	32	neighbour	001B7CA8
001BADC8	mcReplayManager__mcReplayManager_void	116	neighbour	001B7CC8
001BAE40	mcReplayManager__dtor_mcReplayManager_void	92	neighbour	001B7D40
001BAEA0	mcReplayManager__CreateInstance_void	52	neighbour	001B7DA0
001BAED8	mcReplayManager__ShutdownInstance_void	64	neighbour	001B7DD8
001BAFF8	mcReplayManager__PreUpdate_void	152	neighbour	001B7F08
001BB090	mcReplayManager__PostUpdate_void	116	neighbour	001B7FA0
001BB108	mcReplayManager__StartPlayback_void	204	neighbour	001B8018
001BB200	mcReplayManager__Stop_void	48	neighbour	001B8110
001BBBD0	mcGamePhysicsSimulator__ApplyCarVelocityClamp_void	404	neighbour	001B8838
001BCEC8	mcAudioCityWalla__LoadRace_sndBank__ptr	228	neighbour	001B98A8
001BCFB0	mcAudioCityWalla__UnloadRace_void	8	neighbour	001B9990
001BCFC8	mcAudioCityWalla__GetSpeedReduction_mcPlayer_const__ref	396	neighbour	001B99A8
001BD518	mcAudioCityWalla__FindPlayer_void_const	184	neighbour	001B9E68
001BD6B0	mcAudioCityWallaData__GetColorIndex_int__ref__Vector3_const__ref__const	100	neighbour	001B9FF8
001BD718	mcAudioCityWallaData__GetColor_int_int__ref__int__ref__int__ref__const	56	neighbour	001BA060
001BE010	__static_initialization_and_destruction_0__001BA8C8	52	neighbour	001BA8C8
001BE048	_GLOBAL_$I$c__soft_mc3_src_mcgame_layerambients_cMAaaaa	32	neighbour	001BA900
001BE068	mcLayerConditions__mcLayerConditions_void	52	neighbour	001BA920
001BE0A0	mcLayerConditions__dtor_mcLayerConditions_void	40	neighbour	001BA958
001BE228	mcLayerConditions__Unload_void	120	neighbour	001BAAC8
001BE2A0	mcLayerGarage__mcLayerGarage_void	52	neighbour	001BAB40
001BE2D8	mcLayerGarage__dtor_mcLayerGarage_void	40	neighbour	001BAB78
001BE618	mcLayerMC3Frontend__mcLayerMC3Frontend_void	52	neighbour	001BAD78
001BE650	mcLayerMC3Frontend__dtor_mcLayerMC3Frontend_void	40	neighbour	001BADB0
001BEE68	mcReplay__Stop_void	36	neighbour	001B7710
001BEE90	mcReplay__BeginFrame_void	60	neighbour	001B7738
001BF398	__static_initialization_and_destruction_0__001BB180	52	neighbour	001BB180
001BF3D0	_GLOBAL_$I$c__soft_mc3_src_mcgame_layermc3frontend_cSKaaaa	32	neighbour	001BB1B8
001BF730	__static_initialization_and_destruction_0__001BB518	64	neighbour	001BB518
001BF770	_GLOBAL_$I$c__soft_age_src_veh_base_getpivot_cjwaaaa	32	neighbour	001BB558
001BF790	mcChunkMgr__mcChunkMgr_void	100	neighbour	001BB578
001BF898	mcChunkMgr__Destroy_void	100	neighbour	001BB680
001BF900	mcChunkMgr__Update_void	112	neighbour	001BB6E8
001BF970	mcChunkMgr__Reset_void	64	neighbour	001BB758
001BF9B0	mcChunkMgr__Draw_void	152	neighbour	001BB798
001BFB50	mcInstBucket__mcInstBucket_void	256	neighbour	001BB938
001BFC50	mcInstBucket__Reset_void	44	neighbour	001BBA38
001C04B0	mcExplosionTrail__init_void	8	neighbour	001BC298
001C04B8	mcExplosionTrail__kill_void	8	neighbour	001BC2A0
001C04C0	mcExplosionTrail__update_void	8	neighbour	001BC2A8
001C04C8	mcExplosionShockwave__mcExplosionShockwave_void	8	neighbour	001BC2B0
001C04D0	mcExplosionShockwave__dtor_mcExplosionShockwave_void	68	neighbour	001BC2B8
001C06E0	mcExplosionShockwave__update_void	8	neighbour	001BC3E0
001C1148	mcExplosionFlash__mcExplosionFlash_void	32	neighbour	001BC898
001C11A0	mcExplosionFlash__kill_void	64	neighbour	001BC8F0
001C1880	mcExplosionFlash__update_void	236	neighbour	001BCFD0
001C1970	mcExplosionParticles__init_void	8	neighbour	001BD0C0
001C1978	mcExplosionParticles__kill_void	8	neighbour	001BD0C8
001C1980	mcExplosionParticles__draw_void	8	neighbour	001BD0D0
001C1CC0	mcExplosionParticles__mcExplosionParticles_void	8	neighbour	001BD410
001C1F78	mcExplosionFireball__kill_void	48	neighbour	001BD6C8
001C29B8	mcExplosion__kill_void	72	neighbour	001BE078
001C2AD0	mcExplosion__dtor_mcExplosion_void	116	neighbour	001BE190
001C2E40	mcGlassPtxManager__dtor_mcGlassPtxManager_void	116	neighbour	001BE500
001C2EB8	mcGlassPtxManager__FindInstByBanger_mcBanger__ptr	48	neighbour	001BE578
001C2EE8	mcGlassPtxManager__NewGlass_mcBanger__ptr	80	neighbour	001BE5A8
001C2F38	mcGlassPtxManager__Destroy_void	60	neighbour	001BE5F8
001C2F78	mcGlassPtxManager__DestroyGlassList_void	88	neighbour	001BE638
001C2FD0	mcGlassPtxManager__InitAllLighting_void	60	neighbour	001BE690
001C31E8	mcGlassPtx__mcGlassPtx_mcBanger__ptr	204	neighbour	001BE8A8
001C32B8	mcGlassPtx__dtor_mcGlassPtx_void	36	neighbour	001BE978
001C6500	mcGlassPtx__DrawPtxSystem_void	520	neighbour	001C1BE0
001C6718	__static_initialization_and_destruction_0__001C1E98	160	neighbour	001C1E98
001C67B8	_GLOBAL_$I$c__soft_mc3_src_mceffects_glass_cppyNaaaa	32	neighbour	001C1F38
001C6890	rtHalton__GetNum_void	144	neighbour	001C2010
001C6990	mcHandOfGod__dtor_mcHandOfGod_void	88	neighbour	001C2110
001C69E8	mcHandOfGod__InitClass_void	12	neighbour	001C2168
001C69F8	mcHandOfGod__ShutdownClass_void	72	neighbour	001C2178
001C6A58	mcHandOfGod__DrawFlash_void	8	neighbour	001C21D8
001C6C58	mcHandOfGod__StartFlash_void	60	neighbour	001C23D8
001C6CA0	rtMapping__UniformDisk_float_float_Vector2__ref	116	neighbour	001C2420
001C6D48	__static_initialization_and_destruction_0__001C24C8	8	neighbour	001C24C8
001C6D50	_GLOBAL_$I$c__soft_mc3_src_mceffects_mapping_cppfNaaaa	32	neighbour	001C24D0
001C7020	mcDisrupter__dtor_mcDisrupter_void	100	neighbour	001C2780
001C70C0	mcDisrupter__DestroyClass_void	56	neighbour	001C2820
001C8050	Packetize_Blit2D_12_4_unsigned_int_unsigned_int_unsigned_int_unsigned_int_unsigned_int_unsigned_int_unsigned_int_unsigned_int_unsigned_int_unsigned_long__ptr__bool	364	neighbour	001C3668
001C81C0	PacketizeSetScissor_unsigned_long__ptr__unsigned_short_unsigned_short_unsigned_short_unsigned_short_int__ref	120	neighbour	001C37D8
001C8238	CreateFinalHDR_Packets_void	300	neighbour	001C3850
001C8368	mcFbGlow__CreateHDR_Packets_Horizontal_unsigned_long_long__ptr__unsigned_int__ref	752	neighbour	001C3980
001C8658	mcFbGlow__CreateHDR_Packets_Vertical_unsigned_long_long__ptr__unsigned_int__ref	636	neighbour	001C3C70
001C8930	CreateDownsamplePackets_int_unsigned_long_long__ptr__unsigned_int__ref__int_int_int_int_unsigned_int	468	neighbour	001C3F48
001C9238	mcFbGlow__UnloadCondition_void	68	neighbour	001C4850
001C9280	mcFbGlow__BindBackBufferAsTexture_void	176	neighbour	001C4898
001C9330	mcFbGlow__UnbindBackBufferAsTexture_void	180	neighbour	001C4948
001C9978	mcFbGlow__PrepRadialBlur_float	844	neighbour	001C4F90
001CDC88	mcFbGlowTuneParams__mcFbGlowTuneParams_void	236	neighbour	001C9290
001CDD78	mcFbGlowTuneParams__dtor_mcFbGlowTuneParams_void	40	neighbour	001C9380
001CE100	__static_initialization_and_destruction_0__001C9708	52	neighbour	001C9708
001CE138	_GLOBAL_$I$c__soft_mc3_src_mceffects_mcfbglow_cppPBaaaa	32	neighbour	001C9740
001CE440	mcTrashMgr__dtor_mcTrashMgr_void	228	neighbour	001C9A30
001CE568	mcTrashMgr__DestroyClass_void	64	neighbour	001C9B58
001CEA90	mcTrashMgr__SetupCurvedRails_void	280	neighbour	001CA050
001CEBA8	mcTrashMgr__SetupSlopedRails_void	144	neighbour	001CA168
001CFFE8	mcLedMgr__dtor_mcLedMgr_void	208	neighbour	001CB5B0
001D00F0	mcLedMgr__Kill_void	56	neighbour	001CB6B8
001D0128	mcLedMgr__StartUsingLed_void	100	neighbour	001CB6F0
001D01E0	mcLedMgr__UpdateAll_void	244	neighbour	001CB7A8
001D02D8	mcLedMgr__Reset_void	72	neighbour	001CB8A0
001D0810	mcLed__dtor_mcLed_void	180	neighbour	001CBDD8
001D0E98	mcLed__NewPoint_Vector3_const__ref__bool	88	neighbour	001CC600
001D25B8	mcLightning__unloadStaticData_void	36	neighbour	001CDD28
001D25E0	mcLightning__drawCurrentVerts_void	1432	neighbour	001CDD50
001D2B78	mcLightning__updateColorParams_int	20	neighbour	001CE2E8
001D2B90	mcLightning__getColor_int_int_Vector4__ref	404	neighbour	001CE300
001D3528	__static_initialization_and_destruction_0__001CEC98	80	neighbour	001CEC98
001D3578	_GLOBAL_$I$c__soft_mc3_src_mceffects_mclightning_cpp0Jaaaa	32	neighbour	001CECE8
001D36F0	mcParticleFogMgr__dtor_mcParticleFogMgr_void	100	neighbour	001CEE60
001D3880	mcParticleFogMgr__DestroyClass_void	124	neighbour	001CF008
001D3900	mcParticleFogMgr__DrawAllParticles_void	208	neighbour	001CF088
001D39D0	mcParticleFogMgr__UpdateAllParticles_void	96	neighbour	001CF158
001D4318	mcParticleFog__mcParticleFog_datResource__ref	184	neighbour	001CFA88
001D43D0	fogParticle__fogParticle_datResource__ref	32	neighbour	001CFB40
001D4420	_GLOBAL_$I$c__soft_mc3_src_mceffects_mcparticlefog_cpprFaaaa	32	neighbour	001CFB98
001D4440	LerpRawPackedColor_RGBA_AlphaMod_unsigned_int_unsigned_int_float_float__001CFBB8	292	neighbour	001CFBB8
001D4568	LerpRawPackedColor_RGBA_unsigned_int_unsigned_int_float	272	neighbour	001CFCE0
001D5418	mcSpark__Reset_void	68	neighbour	001D0B90
001D58C8	mcSpark__update_void	652	neighbour	001D1040
001D6398	mcSpark__dontDraw_void	20	neighbour	001D1B10
001D6418	mcSpark__kill_void	40	neighbour	001D1B90
001D6440	__static_initialization_and_destruction_0__001D1BB8	100	neighbour	001D1BB8
001D64A8	_GLOBAL_$I$c__soft_mc3_src_mceffects_mcspark_cppYzaaaa	32	neighbour	001D1C20
001D64F0	mcSpotlightTuneParams__mcSpotlightTuneParams_void	236	neighbour	001D1C68
001D6EC0	mcSpotlight__deleteStaticData_void	484	neighbour	001D26B8
001D70A8	mcSpotlight__dtor_mcSpotlight_void	44	neighbour	001D28A0
001D7BB0	CustomBlendSet_int_int_int_int_int	60	neighbour	001D32E8
001D8648	mcSpotlight__CamInCone_Vector3__ref__float_float	152	neighbour	001D3CD0
001D9470	_GLOBAL_$I$c__soft_mc3_src_mceffects_mcspotlight_cppeIaaaa	32	neighbour	001D4AA8
001D9490	mcSwPtx__mcSwPtx_void	20	neighbour	001D4AC8
001D94A8	mcSwPtx__dtor_mcSwPtx_void	36	neighbour	001D4AE0
001D94D0	mcSwPtx__CreateInstance_void	44	neighbour	001D4B08
001D9500	mcSwPtx__DestroyInstance_void	164	neighbour	001D4B38
001D9758	mcSwPtx__RemoveSystem_ptxSystemBase__ptr	212	neighbour	001D4D90
001D9980	mcSwPtx__AddSystem_ptxSystemBase__ptr	36	neighbour	001D4FB8
001D99A8	mcSwPtx__AddSystem_swPtxSystem__ptr	36	neighbour	001D4FE0
001D9B10	mcLightMappedParticleBirthRule__LoadWithHash_char__ptr	280	neighbour	001D5148
001D9C28	mcLightMappedParticle__Draw_unsigned_char	1412	neighbour	001D5260
001DA1B8	mcChainTuneParams__mcChainTuneParams_void	128	neighbour	001D57F0
001DA238	mcFxChain__mcFxChain_swPtxBirth__ptr	308	neighbour	001D5870
001DA370	mcFxChain__dtor_mcFxChain_void	116	neighbour	001D59A8
001DA3E8	mcFxChain__Draw_void	8	neighbour	001D5A20
001DA3F0	mcFxChain__Update_Matrix34_bool_float	1424	neighbour	001D5A28
001DAAE8	mcRoadReflectorSystem__dtor_mcRoadReflectorSystem_void	140	neighbour	001D6120
001DABB8	mcRoadReflectorSystem__DestroyClass_void	64	neighbour	001D61F0
001DB218	mcRoadReflectorSystem__SetupCurvedRails_void	280	neighbour	001D6850
001DB330	mcRoadReflectorSystem__SetupSlopedRails_void	144	neighbour	001D6968
001DC110	mcSenseOfSpeed__DestroyClass_void	64	neighbour	001D76A0
001DCBB0	turboBlurEffect__kill_void	380	neighbour	001D8060
001DCD30	turboBlurEffect__setViewport_int_gfxViewport__ptr	24	neighbour	001D81E0
001DCD88	turboBlurEffect__setBlendColor_int_Vector4_const__ref	88	neighbour	001D8238
001DD850	__static_initialization_and_destruction_0__001D8D00	68	neighbour	001D8D00
001DD898	_GLOBAL_$I$c__soft_mc3_src_mceffects_turboblur_cppbDaaaa	32	neighbour	001D8D48
001DD9F0	mcColorFilter__DestroyClass_void	64	neighbour	001D8EA0
001DDCA0	fx_ResetGIFTag_QWdata__ptr	28	neighbour	001D9128
001DDCC0	CreateConversionSprites_depth16_8h_QWdata__ptr__bool	1768	neighbour	001D9148
001DE3A8	Depth16ToAlpha_Init_void	52	neighbour	001D9830
001DE3E0	Depth16ToAlpha_SendPacket_bool	196	neighbour	001D9868
001DE4A8	TransferHighBitRange_16zs_prepacketized_gfxFrameData_const__ref__unsigned_int_unsigned_int_unsigned_int_unsigned_int_bool_bool_unsigned_int	3264	neighbour	001D9930
001DF168	GenerateBlueToAlphaXferPalette_gfxTexturePalette__ptr	136	neighbour	001DA5F0
001DF1F0	GeneratePass1Palette_gfxTexturePalette__ptr__int_float	364	neighbour	001DA678
001DF360	GeneratePass2Palette_gfxTexturePalette__ptr__int	164	neighbour	001DA7E8
001DF420	Shift16zs_CopyRG2BA_gfxFrameData_const__ref__unsigned_int_unsigned_int	5376	neighbour	001DA8A8
001E0938	Convert16zs_high8_ToAlpha_unsigned_int_gfxFrameData__ref__gfxTexturePalette__ptr__unsigned_int	184	neighbour	001DBDC0
001E0F58	mcFeInternet__IsMe_netGUID_const__ref	48	neighbour	001DC190
001E16B8	mcFeInternet__ThreadedInitGOAStatsConnection_int	64	neighbour	001DC638
001E1768	mcFeInternet__OpenConnection_void	20	neighbour	001DC6C0
001E1780	mcFeInternet__CloseConnection_void	16	neighbour	001DC6D8
001E1920	mcFeInternet__QuitFeToGame_void	60	neighbour	001DC868
001E1B00	sGetUniqueId_void	236	neighbour	001DC9A0
001E1BF0	sMangle_char_const__ptr__char__ptr__int_unsigned_int	236	neighbour	001DCA90
001E1CE0	strParse__IntVal_char	40	neighbour	001DCB80
001E2E30	mcFeInternet__CreateLANMatch_void	8	neighbour	001DD990
001E3060	mcFeInternet__DeleteMatch_void	60	neighbour	001DDB70
001E30B0	mcFeInternet__LeaveMatch_bool	60	neighbour	001DDBC0
001E30F0	mcFeInternet__GetNumMatchesFound_void	16	neighbour	001DDC00
001E3230	mcFeInternet__GetMatchAttributeCity_int	60	neighbour	001DDCE8
001E3270	mcFeInternet__GetMatchAttributeRaceType_int	60	neighbour	001DDD28
001E3420	mcFeInternet__GetMatchAttributeAddress_int_netAddress__ref	428	neighbour	001DDE90
001E35D0	mcFeInternet__UpdateMatchAttributes_int	8	neighbour	001DE040
001E3658	mcFeInternet__GetMatchAttributeHasValidData_int	80	neighbour	001DE0C8
001E3720	mcFeInternet__GetLocalPublicIP_void	12	neighbour	001DE190
001E3730	mcFeInternet__GetMatchAttributeRequiresNatNegotiation_int	152	neighbour	001DE1A0
001E37C8	mcFeInternet__InvalidateFoundMatches_void	8	neighbour	001DE238
001E4050	mcFeInternet__IsSearchInProgress_void	16	neighbour	001DE810
001E41F8	mcFeInternet__StopJoinNatNegotiation_void	96	neighbour	001DE9B8
001E4258	mcFeInternet__CheckJoinNatNegotiation_bool__ref__netAddress__ref	144	neighbour	001DEA18
001E4FF8	mcFeInternet__GetProfileID_void	12	neighbour	001DF778
001E5338	mcFeInternet__SendGameInvite_int	96	neighbour	001DFB80
001E53A8	mcFeInternet__InvitesRemoveInvite_int	260	neighbour	001DFBF0
001E54B0	mcFeInternet__InvitesGetInviterName_int	24	neighbour	001DFCF8
001E54C8	mcFeInternet__InvitesGetInviterLocation_int	28	neighbour	001DFD10
001E5520	mcFeInternet__FriendAnswerInvite_int_mcFeInternet__FriendInviteEnum	52	neighbour	001DFD68
001E5640	mcFeInternet__FriendsGetStatusString_int	24	neighbour	001DFE10
001E5658	mcFeInternet__FriendsGetLocation_int	24	neighbour	001DFE28
001E5670	mcFeInternet__FriendsGetDecldGameInvite_int	8	neighbour	001DFE40
001E5678	mcFeInternet__FriendsGetAcceptedGameInvite_int	8	neighbour	001DFE48
001E5680	mcFeInternet__FriendsGetSentFriendRequest_int	8	neighbour	001DFE50
001E5688	mcFeInternet__FriendsGetSentGameInvite_int	8	neighbour	001DFE58
001E56C8	mcFeInternet__FriendsGetJoinable_int	36	neighbour	001DFE68
001E56F0	mcFeInternet__FriendsGetOnline_int	36	neighbour	001DFE90
001E5718	mcFeInternet__FriendsGetUniqueID_int	28	neighbour	001DFEB8
001E5740	mcFeInternet__FriendsGetState_int	28	neighbour	001DFEE0
001E5760	mcFeInternet__FriendsGetRecvdGameInvite_int	36	neighbour	001DFF00
001E5788	mcFeInternet__FriendsGetRecvdFriendRequest_int	36	neighbour	001DFF28
001E57B0	mcFeInternet__FriendsGetRealFriend_int	36	neighbour	001DFF50
001E57D8	mcFeInternet__FriendsGetName_int	24	neighbour	001DFF78
001E5B58	_GLOBAL_$I$c__soft_mc3_src_mcfe_inet_psx2_cPyaaaa	32	neighbour	001E0300
001E5B78	mcLobbyDerived__CreateInstance_void	80	neighbour	001E0320
001E5BC8	mcLobbyDerived__ShutdownInstance_void	28	neighbour	001E0370
001E5BE8	mcLobbyDerived__HandleDisconnected_void__ptr__char_const__ptr	8	neighbour	001E0390
001E5BF0	mcLobbyDerived__HandleListingGames_void__ptr__PEERBool_char_const__ptr___SBServer__ptr__PEERBool_int_int	332	neighbour	001E0398
001E7628	mcClanMgr__GetWorkingMember_netGUID	28	neighbour	001E1398
001E8730	mcClanMgr__InviteMember_netGUID	236	neighbour	001E1F78
001E8E48	__static_initialization_and_destruction_0__001E2648	60	neighbour	001E2648
001E8E88	_GLOBAL_$I$c__soft_mc3_src_mcfe_netclanutils_cRHaaaa	32	neighbour	001E2688
001E8EA8	phICSLinkInstance__phICSLinkInstance_void	196	neighbour	001E26A8
001E8F70	phICSLinkInstance__dtor_phICSLinkInstance_void	36	neighbour	001E2770
001E8FE0	phICSLinkInstance__GetWorldRotationAxis_Vector3__ref__const	52	neighbour	001E27E0
001E9018	phICSLinkType__phICSLinkType_void	60	neighbour	001E2818
001E9058	phICSLinkType__dtor_phICSLinkType_void	48	neighbour	001E2858
001E90E8	phICSLinkType__Freeze_phICSLinkInstance__ref__const	40	neighbour	001E28E8
001E9180	phICSLinkType__ModifyInvMassMatrix_phICSLinkInstance__ptr__Vector3_const__ref__Matrix34__ref__Vector3_const__ref__const	48	neighbour	001E2980
001E91B0	phICSLinkType__AddLocalVelocity_phICSLinkInstance__ptr__Vector3_const__ref__Vector3_const__ref__Vector3__ref__const	48	neighbour	001E29B0
001E91E0	phICSLinkType__ApplyPush_phICSLinkInstance__ptr__Vector3__ref__Vector3_const__ref	48	neighbour	001E29E0
001E9210	phICSLinkType__ChangeLastJointVel_phICSLinkInstance__ptr__int_Vector3_const__ref	96	neighbour	001E2A10
001E9270	phICSLinkType__SetInertiaRatio_float_float	28	neighbour	001E2A70
001E9340	phICSLinkTypeBall__phICSLinkTypeBall_void	116	neighbour	001E2B40
001E93B8	phICSLinkTypeBall__dtor_phICSLinkTypeBall_void	40	neighbour	001E2BB8
001E93E0	phICSLinkTypeBall__Zero_phICSLinkInstance__ref__const	160	neighbour	001E2BE0
001E9540	phICSLinkTypeBall__SetAngleLimit_float	196	neighbour	001E2D40
001E9608	phICSLinkTypeBall__ModifyInvMassMatrix_phICSLinkInstance__ptr__Vector3_const__ref__Matrix34__ref__Vector3_const__ref__const	1216	neighbour	001E2E08
001E9AC8	phICSLinkTypeBall__AddLocalVelocity_phICSLinkInstance__ptr__Vector3_const__ref__Vector3_const__ref__Vector3__ref__const	552	neighbour	001E32C8
001E9CF0	phICSLinkTypeBall__Update_phLinkMotion__ptr__phLinkMotionData__ref	40	neighbour	001E34F0
001E9D18	phICSLinkTypeBall__ApplyImpulse_phICSLinkInstance__ptr__phLinkMotion__ptr__ptr__Vector3_const__ref__Vector3_const__ref__Vector3_const__ref__Vector3_const__ref__bool_phICSLinkType__ptr__int	980	neighbour	001E3518
001EA0F0	phICSLinkTypeBall__ApplyPush_phICSLinkInstance__ptr__Vector3__ref__Vector3_const__ref	1528	neighbour	001E38F0
001EA6E8	phICSLinkTypeBall__SetWorldSituation_phICSLinkInstance__ref__Situation_const__ref__const	112	neighbour	001E3EE8
001EA758	phICSLinkTypeElbow__phICSLinkTypeElbow_void	76	neighbour	001E3F58
001EA7A8	phICSLinkTypeElbow__dtor_phICSLinkTypeElbow_void	40	neighbour	001E3FA8
001EA7D0	phICSLinkTypeElbow__ApplyTurn_phICSLinkInstance__ref__float	96	neighbour	001E3FD0
001EA830	phICSLinkTypeElbow__SetAngleLimit_float	8	neighbour	001E4030
001EA898	phICSLinkTypeElbow__GetInitialLocal_Situation__ref__const	144	neighbour	001E4098
001EA928	phICSLinkTypeElbow__GetAngVelocity_phICSLinkInstance__ptr__Vector3__ref__const	184	neighbour	001E4128
001EA9E0	phICSLinkTypeElbow__Zero_phICSLinkInstance__ref__const	140	neighbour	001E41E0
001EAA70	phICSLinkTypeElbow__ModifyInvMassMatrix_phICSLinkInstance__ptr__Vector3_const__ref__Matrix34__ref__Vector3_const__ref__const	760	neighbour	001E4270
001EAD68	phICSLinkTypeElbow__AddLocalVelocity_phICSLinkInstance__ptr__Vector3_const__ref__Vector3_const__ref__Vector3__ref__const	572	neighbour	001E4568
001EAFA8	phICSLinkTypeElbow__Update_phLinkMotion__ptr__phLinkMotionData__ref	40	neighbour	001E47A8
001EAFD0	phICSLinkTypeElbow__ApplyImpulse_phICSLinkInstance__ptr__phLinkMotion__ptr__ptr__Vector3_const__ref__Vector3_const__ref__Vector3_const__ref__Vector3_const__ref__bool_phICSLinkType__ptr__int	1016	neighbour	001E47D0
001EB3C8	phICSLinkTypeElbow__ApplyPush_phICSLinkInstance__ptr__Vector3__ref__Vector3_const__ref	1024	neighbour	001E4BC8
001EB7C8	phICSLinkTypeElbow__SetWorldSituation_phICSLinkInstance__ref__Situation_const__ref__const	216	neighbour	001E4FC8
001EB8A0	gfxModelBase__gfxModelBase_void	28	neighbour	001E50A0
001EB8C0	gfxModelBase__dtor_gfxModelBase_void	212	neighbour	001E50C0
001EB998	gfxModel__Draw_gfxShader__ptr__ptr__bool_const	436	neighbour	001E5198
001EBD80	Quantize_float__ref	52	neighbour	001E5580
001EBDB8	GetBoundSphere_Vector3_const__ptr__int_Vector4__ptr	516	neighbour	001E55B8
001ED438	gfxFreeModel_gfxModel__ptr	284	neighbour	001E6C38
001ED7F0	gfxShaderFactory__SetParam_gfxShader__ref__char_const__ptr__char_const__ptr	124	neighbour	001E7018
001ED870	gfxShaderFactory__Load_gfxShader__ref	88	neighbour	001E7098
001ED8C8	gfxShaderFactory__GetDrawOrder_gfxShader__ref	8	neighbour	001E70F0
001ED8D0	gfxShaderFactory__ClearGlobalParam_char_const__ptr	8	neighbour	001E70F8
001ED8D8	gfxShaderFactory__SetGlobalParam_char_const__ptr__char_const__ptr	8	neighbour	001E7100
001ED8E0	gfxGeometry__dtor_gfxGeometry_void	80	neighbour	001E7108
001ED930	gfxGeometry__Draw_void_const	116	neighbour	001E7158
001ED9C0	MakeCPV5551_unsigned_char_unsigned_char_unsigned_char_unsigned_char	48	neighbour	001E71E8
001ED9F0	gfxGeometry__BeginPacketsPSX2_int_Vector4_const__ptr	324	neighbour	001E7218
001EDB38	gfxGeometry__BeginPackets_int_Vector4_const__ptr	40	neighbour	001E7360
001EDB60	gfxGeometry__AddPacketPSX2_int_unsigned_int_unsigned_char__ptr__unsigned_short__ptr__unsigned_short_int_unsigned_char__ptr__bool_bool_int_gfxGeometry__geomReskin__ptr	3964	neighbour	001E7388
001EEAE0	gfxGeometry__AddPacket_int_unsigned_int_unsigned_char__ptr__unsigned_short_unsigned_short__ptr__unsigned_short_int_unsigned_char__ptr__bool_bool_int_gfxGeometry__geomReskin__ptr	76	neighbour	001E8308
001EEB30	gfxGeometry__EndPacketsPSX2_void	252	neighbour	001E8358
001EEC30	gfxGeometry__EndPackets_void	28	neighbour	001E8458
001EF9D0	swPtxBirth__dtor_swPtxBirth_void	84	neighbour	001E91F8
001EFA28	swPtxBirth__Destroy_void	88	neighbour	001E9250
001EFB38	swPtxBirth__SetTextureOnly_gfxTexture__ptr	8	neighbour	001E9360
001F0890	swPtxBirth__GetHashtable_void	12	neighbour	001EA0B8
001F08A0	swPtxBirthTabled__BuildTable_void	948	neighbour	001EA0C8
001F0C58	swPtxBirthTabled__LoadWithHash_char__ptr	244	neighbour	001EA480
001F0D50	swPtxBirth__swPtxBirth_datResource__ref	100	neighbour	001EA578
001F0DB8	__static_initialization_and_destruction_0__001EA5E0	64	neighbour	001EA5E0
001F0DF8	_GLOBAL_$I$c__soft_mc3_src_swptx_birth_cppQEaaaa	32	neighbour	001EA620
001F0E18	swPtxPaperSystem__swPtxPaperSystem_void	240	neighbour	001EA640
001F0F08	swPtxPaperSystem__dtor_swPtxPaperSystem_void	116	neighbour	001EA730
001F1200	swPtxPaperSystem__LoadTexture_char_const__ptr__short_short	124	neighbour	001EAA28
001F1280	swPtxPaperSystem__ComputeTextureCoordinates_void	360	neighbour	001EAAA8
001F1520	swPtxPaperSystem__InitPoint_atINode_swPtxPaperSystem__PaperObject__ptr__Matrix34_const__ref__Vector4_const__ref	36	neighbour	001EAD48
001F1548	swPtxPaperSystem__Reset_void	272	neighbour	001EAD70
001F1658	swPtxPaperSystem__Blast_int_Vector4_const__ref__float	36	neighbour	001EAE80
001F1680	swPtxPaperSystem__BlastTransformed_int_Matrix34_const__ref__Vector4_const__ref	332	neighbour	001EAEA8
001F17D0	swPtxPaperSystem__Blast_int_swPtxBirth__ptr__Matrix34_const__ref__Vector4_const__ref	288	neighbour	001EAFF8
001F1AA8	swPtxPaperSystem__DrawPtxBase_void	168	neighbour	001EB2D0
001F1B50	swPtxPaperSystem__PaperObject__InitObject_swPtxPaperSystem__ptr__Matrix34_const__ref__Vector4_const__ref	2384	neighbour	001EB378
001F2AE0	swPtxPaperSystem__PaperObject__Draw_void	732	neighbour	001EC308
001F2E20	swPtxSystem__dtor_swPtxSystem_void	84	neighbour	001EC648
001F2E78	LerpRawPackedColor_RGBA_AlphaMod_unsigned_int_unsigned_int_float_float__001EC6A0	292	neighbour	001EC6A0
001F2FA0	ptxSystemBase__dtor_ptxSystemBase_void	48	neighbour	001EC7C8
001F2FD0	propPtxPoint__propPtxPoint_void	92	neighbour	001EC7F8
001F3030	swPropPtxSystem__swPropPtxSystem_int	272	neighbour	001EC858
001F3140	swPropPtxSystem__dtor_swPropPtxSystem_void	124	neighbour	001EC968
001F31C0	swPropPtxSystem__Draw_unsigned_char	1676	neighbour	001EC9E8
001F5118	swPtxSystem__Update_void	936	neighbour	001EE938
001F54C0	swPtxSystem__Draw_unsigned_char	328	neighbour	001EECE0
001F5730	swPtxSystem__CreateGroup_int	132	neighbour	001EEF50
001F57C0	swPtxSystem__DrawRotationTable_void	760	neighbour	001EEFE0
001F5AB8	swPtxGroup__swPtxGroup_void	20	neighbour	001EF2D8
001F5AD0	swPtxGroup__dtor_swPtxGroup_void	80	neighbour	001EF2F0
001F5B20	swPtxGroup__Create_int	284	neighbour	001EF340
001F5C40	vehWheelPtx__vehWheelPtx_void	64	neighbour	001EF460
001F5C80	vehWheelPtx__dtor_vehWheelPtx_void	80	neighbour	001EF4A0
001F5DF0	vehWheelPtx__DestroyClass_void	112	neighbour	001EF5F0
001F5E60	vehWheelPtx__Reset_void	64	neighbour	001EF660
001F5EA0	vehWheelPtx__Init_vehSim__ptr__char__ptr	284	neighbour	001EF6A0
001F5FC0	vehWheelPtx__Init_vehSim__ptr__gfxTexture__ptr	252	neighbour	001EF7C0
001F60C0	vehWheelPtx__Update_void	184	neighbour	001EF8C0
001F6178	vehWheelPtx__UpdateWheel_vehWheel__ptr	256	neighbour	001EF978
001F6280	vehWheelPtx__Blast_vehWheel__ptr__int_int	952	neighbour	001EFA80
001F66F0	netAddress__netAddress_unsigned_int_unsigned_short	124	neighbour	001EFEF0
001F6770	netAddress__Init_unsigned_int_unsigned_short	124	neighbour	001EFF70
001F67F0	netAddress__SetAddress_unsigned_int	8	neighbour	001EFFF0
001F6808	netAddress__Zero_void	68	neighbour	001F0008
001F84F0	netHardware__DeleteSemaphore_void	8	neighbour	001F0F80
001F8B08	netManager__QueryHosts_void	28	neighbour	001F1548
001F8B28	netManager__JoinSession_netAddress_const__ref__unsigned_wchar_t_const__ptr__netGUID_const__ref__net__ePhase_char_const__ptr	72	neighbour	001F1568
001F8B70	netManager__QuitSession_net__eQuitReason	72	neighbour	001F15B0
001F8BB8	netManager__Eject_int_net__eQuitReason	96	neighbour	001F15F8
001F8C18	netManager__GetNumConnected_void_const	60	neighbour	001F1658
001F8C58	netManager__PostJoin_int	8	neighbour	001F1698
001F8C60	netManager__PostQuit_int_unsigned_wchar_t_const__ptr__net__eQuitReason_int_int	8	neighbour	001F16A0
001F8CA0	netManager__PostPeerPhaseChanged_int_net__ePhase	8	neighbour	001F16E0
001F8CA8	netManager__PostSessionPhaseChanged_net__ePhase	68	neighbour	001F16E8
001F8CF0	netManager__HandleMessage_netMessage_const__ref__int	204	neighbour	001F1730
001F8DC0	netManager__HandleHostInfo_netHostInfoMessage_const__ref__int	8	neighbour	001F1800
001F9CC8	netManagerThread__SendVoice_netSocket__VDPData_const__ref__unsigned_int_unsigned_int	340	neighbour	001F26E0
001FA538	netManagerThread__PreProcessMessage_netMessage__ptr__netAddress_const__ref	216	neighbour	001F2DE0
001FA610	netManagerThread__UpdateOutgoing_void	1964	neighbour	001F2EB8
001FADC0	netManagerThread__UpdateStatistics_void	600	neighbour	001F3668
001FB018	netManagerThread__UpdatePeerStatistics_int_float_float_const__ptr	44	neighbour	001F38C0
001FB048	netManagerThread__PreProcessPacket_int_netAddress_const__ref__unsigned_char__ptr__int	8	neighbour	001F38F0
001FB050	netManagerThread__SetPeerInfo_int_unsigned_wchar_t_const__ptr__netGUID_const__ref__void_const__ptr	136	neighbour	001F38F8
001FB0D8	netManagerThread__StartNatNegotiation_int_netAddress_const__ref__netAddress_const__ref	8	neighbour	001F3980
001FB0E0	netManagerThread__StopNatNegotiation_int	8	neighbour	001F3988
001FB0E8	netManagerThread__UpdateNatNegotiation_void	8	neighbour	001F3990
001FB0F0	netManagerThread__HostSession_unsigned_wchar_t_const__ptr__int_netGUID_const__ref__net__ePhase_net__ePhase	748	neighbour	001F3998
001FB440	netManagerThread__QueryHosts_void	108	neighbour	001F3CE8
001FB4B0	netManagerThread__SetPassword_char_const__ptr	96	neighbour	001F3D58
001FB510	netManagerThread__SendJoinRequest_unsigned_wchar_t_const__ptr__char_const__ptr__netGUID_const__ref__net__ePhase	236	neighbour	001F3DB8
001FB600	netManagerThread__GetDH_X_void	356	neighbour	001F3EA8
001FB768	netManagerThread__SendAck_int	128	neighbour	001F4010
001FDDD0	netManagerThread__SendDenyMessage_netAddress_const__ref__net__eQuitReason	184	neighbour	001F6380
001FDE88	netManagerThread__PostJoin_int	8	neighbour	001F6438
001FDE90	netManagerThread__PostQuit_int_unsigned_wchar_t_const__ptr__net__eQuitReason_int_int	8	neighbour	001F6440
001FDFC8	netManagerThread__UpdatePhase_void	432	neighbour	001F6550
001FE178	netManagerThread__ProcessAck_unsigned_int_int	1424	neighbour	001F6700
001FE708	netManagerThread__ResetPeer_int	244	neighbour	001F6C90
001FE800	netManagerThread__HandleAck_netAckMessage_const__ref__int	8	neighbour	001F6D88
001FE808	netManagerThread__SendMessageToAddress_netMessage__ref__netAddress_const__ref	136	neighbour	001F6D90
001FE890	netManagerThread__SendPacketToAddress_netPacket__ref__netAddress_const__ref	208	neighbour	001F6E18
001FE960	netManagerThread__SendMessageToPeer_netMessage__ref__netThreadPeer_const__ref	152	neighbour	001F6EE8
001FFB68	_GLOBAL_$I$c__soft_age_src_net2_netmanagerthread_cppLAaaaa	32	neighbour	001F80C0
001FFB88	netPacket__netPacket_void	44	neighbour	001F80E0
001FFBB8	netPacket__netPacket_netMessage_const__ref	100	neighbour	001F8110
001FFC20	netPacket__AddMessage_netMessage_const__ref	112	neighbour	001F8178
001FFC90	netPacket__GetMessage_int	52	neighbour	001F81E8
001FFCC8	netPacket__CalculateDigest_void	96	neighbour	001F8220
001FFD28	netPacket__VerifyDigest_void	232	neighbour	001F8280
001FFE10	netJoinRequestMessage__SetName_unsigned_wchar_t_const__ptr	188	neighbour	001F8368
001FFED0	netJoinRequestMessage__SetPassword_char_const__ptr	44	neighbour	001F8428
001FFF00	netPeer__netPeer_void	80	neighbour	001F8458
001FFF50	netPeer__dtor_netPeer_void	40	neighbour	001F84A8
001FFF78	netPeer__Create_void	36	neighbour	001F84D0
001FFFA0	netPeer__Destroy_netPeer__ptr	40	neighbour	001F84F8
001FFFC8	netPeer__Reset_void	64	neighbour	001F8520
00200008	netPeer__SetName_unsigned_wchar_t_const__ptr	48	neighbour	001F8560
00200038	MultMod_unsigned_long_unsigned_long_unsigned_long	588	neighbour	001F8590
00200288	netPrime__ExpMod_unsigned_long_unsigned_long_unsigned_long	136	neighbour	001F87E0
00200310	netProtocol__netProtocol_void	20	neighbour	001F8868
00200328	netProtocol__dtor_netProtocol_void	40	neighbour	001F8880
00200350	netProtocol__Create_void	36	neighbour	001F88A8
00200378	netProtocol__Destroy_netProtocol__ptr	40	neighbour	001F88D0
002003A0	netProtocol__GetVersion_void_const	8	neighbour	001F88F8
00200AB0	netSocket__SendVoice_netAddress_const__ref__netSocket__VDPData_const__ref__unsigned_int	28	neighbour	001F9018
00200AD0	netThreadPeer__netThreadPeer_void	452	neighbour	001F9038
00200C98	netThreadPeer__dtor_netThreadPeer_void	84	neighbour	001F9200
00200CF0	netThreadPeer__Create_void	36	neighbour	001F9258
00200D18	netThreadPeer__Destroy_netThreadPeer__ptr	40	neighbour	001F9280
00200D40	netThreadPeer__Reset_void	240	neighbour	001F92A8
00200E30	netThreadPeer__ResetQueue_void	752	neighbour	001F9398
00201120	netThreadPeer__UpdateStatistics_float_float_const__ptr	308	neighbour	001F9688
00201258	netThreadPeer__SetName_unsigned_wchar_t_const__ptr	48	neighbour	001F97C0
00201288	DES__Init_DES__Context__ptr__unsigned_char_const__ptr__unsigned_char_const__ptr__int	104	neighbour	001F97F0
002012F0	DES__Update_DES__Context__ptr__unsigned_char__ptr__unsigned_char_const__ptr__unsigned_int	340	neighbour	001F9858
00201448	DES__Restart_DES__Context__ptr	20	neighbour	001F99B0
00201478	Pack_unsigned_int__ptr__unsigned_char_const__ptr	144	neighbour	001F99E0
00201508	Unpack_unsigned_char__ptr__unsigned_int_const__ptr	104	neighbour	001F9A70
00201570	DESKey_unsigned_int__ptr__unsigned_char_const__ptr__int	612	neighbour	001F9AD8
002017D8	CookKey_unsigned_int__ptr__unsigned_int_const__ptr__int	236	neighbour	001F9D40
002018C8	DESFunction_unsigned_int__ptr__unsigned_int_const__ptr	888	neighbour	001F9E30
00201F40	ezNetCnfSetDefault	196	neighbour	0053B850
00203A98	netConfiguration__SelectDefault_char_const__ptr__char_const__ptr	28	neighbour	0053B498
00203AC0	netConfiguration__LaunchConfigurator_char_const__ptr__int_char_const__ptr__ptr	28	neighbour	0053B4C0
00203D58	mcUIProjector__dtor_mcUIProjector_void	172	neighbour	001FBC90
00203E40	mcUIProjector__ShutdownInstance_void	56	neighbour	001FBD78
00203E78	mcUIProjector__SetCorners_Vector3__ptr	140	neighbour	001FBDB0
00204880	mc__DeallocateAudSfx_void	72	neighbour	001FC7B8
00204930	__static_initialization_and_destruction_0__001FC868	44	neighbour	001FC868
00204960	_GLOBAL_$I$c__soft_mc3_src_mcaudio_common_clCaaaa	32	neighbour	001FC898
00204980	mcAudioCurve__mcAudioCurve_void	28	neighbour	001FC8B8
002049A0	mcAudioCurve__mcAudioCurve_mcAudioCurveData_const__ptr	52	neighbour	001FC8D8
002049D8	mcAudioCurve__dtor_mcAudioCurve_void	40	neighbour	001FC910
00204A00	mcAudioCurve__Init_mcAudioCurveData_const__ptr	12	neighbour	001FC938
00204FE8	mcAudioCurveData__AfterLoad_void	168	neighbour	001FCEA8
002052A8	mcAudioCurveData__LoadAscii_datAsciiTokenizer__ref	624	neighbour	001FD168
00205538	mcAudioCurveData__mcAudioCurveData_datResource__ref	76	neighbour	001FD3D8
00205BA8	mcAudioManager__StreamIsPaused_mcAudioManager__eStreamType_const	100	neighbour	001FD980
00205D20	mcAudioManager__StreamIsPlayingAlt_mcAudioManager__eStreamType_const	112	neighbour	001FDAC8
00205EE8	mcAudioManager__ShutdownInstance_void	68	neighbour	001FDC90
00207200	mcAudioManager__UnloadFrontend_void	152	neighbour	001FEB10
00207720	mcAudioManager__StopAuxSound_void	48	neighbour	001FEFE8
00208000	mcAudioManager__SetReverb_float_int	64	neighbour	001FF740
00208040	mcAudioManager__AddReverb_float_mcAudioManager__sReverbSettings	112	neighbour	001FF780
002080B0	mcAudioManager__GetMusicCanPlay_void_const	48	neighbour	001FF7F0
00208148	mcAudioManager__LostWindowFocus_void	12	neighbour	001FF888
002086A0	mcAudioVolumeGroup__dtor_mcAudioVolumeGroup_void	40	neighbour	001FFA70
00208960	mcAudioPlaylist__dtor_mcAudioPlaylist_void	196	neighbour	001FFDF0
00208A28	mcAudioPlaylist__Delete_void	216	neighbour	001FFEB8
002090E0	mcAudioPlaylist__GetTune_int_char__ptr__int_const	100	neighbour	00200810
00209640	mcAudioRpcMgr__ShutdownInstance_void	64	neighbour	00200D30
002096E0	mcAudioRpcMgr__dtor_mcAudioRpcMgr_void	80	neighbour	00200DD0
00209730	mcAudioRpcMgr__ReconfigureRpcData_int_sndRpcData_const__ref	48	neighbour	00200E20
00209760	mcAudioRpcMgr__SetRpcData_sndRpcData_const__ref	140	neighbour	00200E50
002097F0	mcAudioRpcMgr__SetRpcData_mcAudioRpcMgr__eRegisterNames_float__ptr	76	neighbour	00200EE0
00209840	mcAudioRpcMgr__SetRpcData_mcAudioRpcMgr__eRegisterNames_int__ptr	76	neighbour	00200F30
00209890	mcAudioRpcMgr__SetRpcData_mcAudioRpcMgr__eRegisterNames_char__ptr	76	neighbour	00200F80
002098E0	mcAudioRpcMgr__SetRpcData_mcAudioRpcMgr__eRegisterNames_bool__ptr	76	neighbour	00200FD0
00209930	mcAudioRpcMgr__SetRpcData_mcAudioRpcMgr__eRegisterNames_float	96	neighbour	00201020
00209990	mcAudioRpcMgr__SetRpcData_mcAudioRpcMgr__eRegisterNames_int	92	neighbour	00201080
002099F0	mcAudioRpcMgr__SetRpcData_mcAudioRpcMgr__eRegisterNames_char	96	neighbour	002010E0
00209A50	mcAudioRpcMgr__SetRpcData_mcAudioRpcMgr__eRegisterNames_bool	92	neighbour	00201140
00209AB0	mcAudioRpcMgr__GetRpcRegisterData_mcAudioRpcMgr__eRegisterNames	28	neighbour	002011A0
00209FD8	mcAudioEvent__dtor_mcAudioEvent_void	164	neighbour	00201418
0020A080	mcAudioEvent__Group__Group_void	24	neighbour	002014C0
0020A098	mcAudioEvent__Group__dtor_Group_void	172	neighbour	002014D8
0020A148	mcAudioEvent__Update_void	232	neighbour	00201588
0020A240	mcAudioEvent__SetFadeIn_void	12	neighbour	00201670
0020A250	mcAudioEvent__SetFadeOut_void	104	neighbour	00201680
0020A2B8	mcAudioEvent__GetGroupVolPitch_int_float__ref__float__ref	388	neighbour	002016E8
0020A440	mcAudioEventData__GroupData__GroupData_void	48	neighbour	00201870
0020A470	mcAudioEventData__GroupData__dtor_GroupData_void	172	neighbour	002018A0
0020A520	mcAudioEventData__mcAudioEventData_char_const__ptr	64	neighbour	00201950
0020A560	mcAudioEventData__dtor_mcAudioEventData_void	144	neighbour	00201990
0020A5F0	mcAudioEventData__GetGroupID_int_const	24	neighbour	00201A20
0020A608	mcAudioEventData__GetVolInData_int_const	24	neighbour	00201A38
0020A620	mcAudioEventData__GetVolOutData_int_const	24	neighbour	00201A50
0020A638	mcAudioEventData__GetPitchInData_int_const	24	neighbour	00201A68
0020A650	mcAudioEventData__GetPitchOutData_int_const	24	neighbour	00201A80
0020A9C0	null_delete_texture_swfTEXTURE__ptr	8	neighbour	00201DF0
0020A9C8	dummy_play_sound_char_const__ptr__bool	8	neighbour	00201DF8
0020A9D0	dummy_stop_sound_char_const__ptr	8	neighbour	00201E00
0020AC40	swfCONTEXT__ActivatePools_bool	88	neighbour	00202070
0020AC98	swfCONTEXT__DeactivatePools_void	52	neighbour	002020C8
0020ACD0	swfCONTEXT__Update_float	212	neighbour	00202100
0020ADA8	swfCONTEXT__UpdateMany_float_swfCONTEXT__ptr__ptr__int	352	neighbour	002021D8
0020AF08	swfCONTEXT__UpdateTwo_float_swfCONTEXT__ptr__swfCONTEXT__ptr	40	neighbour	00202338
0020AF38	swfCONTEXT__Draw_void	40	neighbour	00202368
0020B198	swfCONTEXT__SetGlobal_char_const__ptr__int	56	neighbour	002025C8
0020B218	swfCONTEXT__SetGlobal_char_const__ptr__float	56	neighbour	00202648
0020B2D8	swfCONTEXT__SetGlobal_char_const__ptr__char_const__ptr	56	neighbour	00202708
0020B380	swfCONTEXT__dtor_swfCONTEXT_void	268	neighbour	002027B0
0020B490	swfFILE__dtor_swfFILE_void	168	neighbour	002028C0
0020B538	swfFILE__UpdateInternal_swfINSTANCE__ref__swfINSTANCE__ptr__ref__const	132	neighbour	00202968
0020B5C0	swfFILE__DrawInternal_swfINSTANCE__ref__swfINSTANCE__ptr__const	308	neighbour	002029F0
0020B6F8	swfFILE__GarbageCollectInternal_swfINSTANCE__ref	40	neighbour	00202B28
0020B720	swfCONTEXT__GarbageCollect_void	360	neighbour	00202B50
0020B888	swfFILE__UnPlace_swfFILE__ref	8	neighbour	00202CB8
0020B970	swfINPUT__Init_int_bool	280	neighbour	00202DA0
0020BA88	swfINPUT__Update_void	440	neighbour	00202EB8
0020BC48	swfINPUT__RegisterMappings_ioMapper__ptr__ioValue__ptr__int_ValueMapData_const__ptr	124	neighbour	00203078
0020BCC8	swfINPUT__swfINPUT_int_bool	188	neighbour	002030F8
0020BD88	swfINPUT__dtor_swfINPUT_void	152	neighbour	002031B8
0020BE20	swfSYMTAB__Kill_void	88	neighbour	00203250
0020BF70	swfSYMTAB__Delete_char_const__ptr	136	neighbour	002033A0
0020BFF8	swfINSTANCE__swfINSTANCE_void	136	neighbour	00203428
0020C080	swfINSTANCE__dtor_swfINSTANCE_void	184	neighbour	002034B0
0020C138	swfINSTANCE__SetObject_swfOBJECT__ptr	88	neighbour	00203568
0020C190	swfINSTANCE__GotoFrame_unsigned_short	180	neighbour	002035C0
0020C248	swfINSTANCE__NextFrame_void	80	neighbour	00203678
0020C298	swfINSTANCE__PreviousFrame_void	92	neighbour	002036C8
0020C8A8	swfINSTANCE__DeleteProperty_char_const__ptr	48	neighbour	00203CD8
0020C8D8	swfSCRIPTOBJECT__DeleteProperty_char_const__ptr	28	neighbour	00203D08
0020CAC0	swfINSTANCE__WantsFocus_void_const	88	neighbour	00203EF0
0020CB18	swfINSTANCE__RecurseUpdateFocus_void	176	neighbour	00203F48
0020CBF8	swfINSTANCE__GainFocus_void	48	neighbour	00204028
0020CC28	swfINSTANCE__UpdateFocus_void	1588	neighbour	00204058
0020D260	swfINSTANCE__Update_void	324	neighbour	00204690
0020D3A8	swfINSTANCE__UpdatePlayStop_void	120	neighbour	002047D8
0020D420	swfINSTANCE__Draw_swfDRAWINFO_const__ref	744	neighbour	00204850
0020D708	Math_sin_swfBASE__ref__int_swfVARIANT_const__ptr__swfVARIANT__ref	60	neighbour	00204B38
0020D748	Array_swfBASE__ref__int_swfVARIANT_const__ptr__swfVARIANT__ref	176	neighbour	00204B78
0020DEB0	swfSCRIPTOBJECT__CallMethod_char_const__ptr__int_swfVARIANT_const__ptr__swfVARIANT__ref	136	neighbour	002052E0
0020DF38	swfSYMTAB__GarbageCollect_void	60	neighbour	00205368
0020DF78	swfSCRIPTOBJECT__GarbageCollect_void	28	neighbour	002053A8
0020DF98	swfINSTANCE__GarbageCollect_void	136	neighbour	002053C8
0020E080	swfINSTANCE__operator_delete_void__ptr	44	neighbour	002054B0
0020E110	swfSCRIPTOBJECT__operator_delete_void__ptr	44	neighbour	00205540
0020E1A0	swfSYMTAB__SYMBOL__operator_delete_void__ptr	44	neighbour	002055D0
0020E1D0	swfMATRIX__Dot_swfMATRIX_const__ref__swfMATRIX_const__ref	212	neighbour	00205600
0020E2A8	swfMATRIX__MakeRotate_unsigned_short	128	neighbour	002056D8
0020E328	swfCXFORMWITHALPHA__Dot_swfCXFORMWITHALPHA_const__ref__swfCXFORMWITHALPHA_const__ref	180	neighbour	00205758
0020E3E0	swfDRAWINFO__swfDRAWINFO_void	200	neighbour	00205810
0020E4A8	swfCXFORMWITHALPHA__Transform_unsigned_int_const	272	neighbour	002058D8
0020E5B8	swfSTRING__GarbageCollect_void	68	neighbour	002059E8
0020E600	swfVARIANT__GarbageCollect_void	40	neighbour	00205A30
0020E7C8	swfVARIANT__asFloat_void_const	136	neighbour	00205BF8
0020E9D0	swfSTRING__dtor_swfSTRING_void	80	neighbour	00205E00
0020EBC8	swfSTRING__operator_delete_void__ptr	44	neighbour	00205F90
0020EBF8	swfOBJECT__Draw_swfDRAWINFO_const__ref__swfOBJECT__DRAWSTATE_const	8	neighbour	00205FC0
0020EC00	swfOBJECT__Update_swfINSTANCE__ref__const	8	neighbour	00205FC8
0020EC08	swfOBJECT__ChangeState_swfINSTANCE__ref__swfOBJECT__DRAWSTATE_swfOBJECT__DRAWSTATE_const	8	neighbour	00205FD0
0020EC10	swfOBJECT__CreateInstances_swfINSTANCE__ptr__const	8	neighbour	00205FD8
0020EC18	swfOBJECT__GetProperty_char_const__ptr__swfVARIANT__ref__const	8	neighbour	00205FE0
0020EC20	swfOBJECT__SetProperty_char_const__ptr__swfVARIANT_const__ref	8	neighbour	00205FE8
0020EC28	swfOBJECT__WantsFocus_void_const	8	neighbour	00205FF0
0020EC30	swfOBJECT__Fixup_datResource__ref__swfOBJECT__ptr	252	neighbour	00205FF8
0020ED30	swfSHAPE__dtor_swfSHAPE_void	268	neighbour	002060F8
0020EE40	swfVertexTexCoord2i_int_int	300	neighbour	00206208
0020EF70	swfVertex2i_int_int	300	neighbour	00206338
0020F0A0	DrawWideLine_int_int_int_int_int	356	neighbour	00206468
0020F208	swfSHAPE__Draw_swfDRAWINFO_const__ref__swfOBJECT__DRAWSTATE_const	1428	neighbour	002065D0
0020F7A0	swfGRADIENT__swfGRADIENT_datResource__ref	56	neighbour	00206B68
0020F7D8	swfSHAPE__FILLSTYLE__FILLSTYLE_datResource__ref	92	neighbour	00206BA0
0020F838	swfSHAPE__swfSHAPE_datResource__ref	240	neighbour	00206C00
0020F928	swfSOUND__dtor_swfSOUND_void	48	neighbour	00206CF0
0020F958	swfSOUND__swfSOUND_datResource__ref	20	neighbour	00206D20
0020F970	swfSPRITE__dtor_swfSPRITE_void	168	neighbour	00206D38
0020FA18	swfSPRITE__Update_swfINSTANCE__ref__const	108	neighbour	00206DE0
0020FA88	swfSPRITE__UpdateNoAction_swfINSTANCE__ref__const	40	neighbour	00206E50
0020FAB0	swfSPRITE__swfSPRITE_datResource__ref	156	neighbour	00206E78
0020FB50	swfBITMAP__dtor_swfBITMAP_void	100	neighbour	00206F18
0020FBB8	swfBITMAP__swfBITMAP_datResource__ref	68	neighbour	00206F80
0020FC40	swfBUTTON__dtor_swfBUTTON_void	184	neighbour	00207008
0020FDF0	swfBUTTON__Update_swfINSTANCE__ref__const	376	neighbour	002071B8
0020FF68	swfBUTTON__Draw_swfDRAWINFO_const__ref__swfOBJECT__DRAWSTATE_const	272	neighbour	00207330
00210078	swfBUTTON__BUTTONRECORD__BUTTONRECORD_datResource__ref	32	neighbour	00207440
00210098	swfBUTTON__BUTTONCONDACTION__BUTTONCONDACTION_datResource__ref	32	neighbour	00207460
002100B8	swfBUTTON__swfBUTTON_datResource__ref	228	neighbour	00207480
002101A0	swfVertex2i_int_int_float	216	neighbour	00207568
00210278	swfFONT__SHEET__EndDraw_void_const	44	neighbour	00207640
002102A8	swfFONT__SHEET__DrawGlyph_int_int_float_int_const	552	neighbour	00207670
002104D0	swfFONT__GLYPH__Draw_int_int_float_const	300	neighbour	00207898
00210600	swfFONT__SHEET__dtor_SHEET_void	144	neighbour	002079C8
00210690	swfFONT__dtor_swfFONT_void	260	neighbour	00207A58
00210798	swfTEXT__dtor_swfTEXT_void	100	neighbour	00207B60
00210800	swfEDITTEXT__dtor_swfEDITTEXT_void	112	neighbour	00207BC8
00210870	swfTEXT__Draw_swfDRAWINFO_const__ref__swfOBJECT__DRAWSTATE_const	748	neighbour	00207C38
00210B60	swfFONT__GetGlyphFromChar_unsigned_short_const	92	neighbour	00207F28
00210C68	MeasureLine_char_const__ptr__swfFONT__ptr__int_bool__ref__int__ref	360	neighbour	00208048
00211360	swfFONT__SHEET__SHEET_datResource__ref	236	neighbour	00208730
00211450	swfFONT__swfFONT_datResource__ref	196	neighbour	00208820
00211518	swfTEXT__swfTEXT_datResource__ref	40	neighbour	002088E8
00211540	swfEDITTEXT__swfEDITTEXT_datResource__ref	88	neighbour	00208910
00211598	swfFRAME__dtor_swfFRAME_void	120	neighbour	00208968
00211610	swfFRAME__Update_swfINSTANCE__ref__const	80	neighbour	002089E0
00211660	swfFRAME__UpdateNoAction_swfINSTANCE__ref__const	80	neighbour	00208A30
002116B0	swfFRAME__UpdateStopped_swfINSTANCE__ref__const	80	neighbour	00208A80
00211700	swfFRAME__swfFRAME_datResource__ref	112	neighbour	00208AD0
00212B78	swfACTIONLIST__Release_void	48	neighbour	00209F48
00212BA8	swfCMD__dtor_swfCMD_void	48	neighbour	00209F78
00212BD8	swfCMD_PlaceObject2__dtor_swfCMD_PlaceObject2_void	84	neighbour	00209FA8
00212C30	swfCMD_PlaceObject2ClipEvent__dtor_swfCMD_PlaceObject2ClipEvent_void	160	neighbour	0020A000
002130B0	swfCMD_DoAction__dtor_swfCMD_DoAction_void	76	neighbour	0020A480
00213128	swfCMD_DoInitAction__dtor_swfCMD_DoInitAction_void	76	neighbour	0020A4F8
002131C8	swfCMD_RemoveObject2__dtor_swfCMD_RemoveObject2_void	40	neighbour	0020A598
00213258	swfCMD_PlaceObject2ClipEvent__CLIPEVENT__CLIPEVENT_datResource__ref	32	neighbour	0020A628
00213278	swfCMD_PlaceObject2__swfCMD_PlaceObject2_datResource__ref	64	neighbour	0020A648
002132B8	swfCMD_PlaceObject2ClipEvent__swfCMD_PlaceObject2ClipEvent_datResource__ref	184	neighbour	0020A688
00213370	swfCMD__Fixup_datResource__ref__swfCMD__ptr	200	neighbour	0020A740
002134A0	mcTrainSegment__dtor_mcTrainSegment_void	96	neighbour	0020AF30
00213D30	mcTrainSegment__CheckCollisions_void	240	neighbour	0020B610
00216650	aiAmbientAudioObstacle__IsActive_void_const	120	neighbour	0020DF18
002166C8	aiAmbientAudioManager__CreateInstance_void	52	neighbour	0020DF90
00216700	aiAmbientAudioManager__ShutdownInstance_void	64	neighbour	0020DFC8
00216AF8	aiAmbientAudioManager__FindInObstacleList_aiObstacle_const__ptr__const	48	neighbour	0020E340
00216DE8	aiAmbientAudioManager__IsAmbientInObstacleList_aiObstacle_const__ptr__const	32	neighbour	0020E5B8
00218FB8	aiAmbientColliderManager__aiAmbientColliderManager_void	200	neighbour	00210560
00219080	aiAmbientColliderManager__dtor_aiAmbientColliderManager_void	220	neighbour	00210628
00219160	aiAmbientColliderManager__GetAmbientCollider_void	84	neighbour	00210708
00219220	aiAmbientColliderManager__ResetAmbientColliders_void	88	neighbour	002107C8
00219278	aiAmbientCollider__aiAmbientCollider_datResource__ref	372	neighbour	00210820
002193F0	aiAmbientColliderManager__aiAmbientColliderManager_datResource__ref	220	neighbour	00210998
002194D0	__static_initialization_and_destruction_0__00210A78	280	neighbour	00210A78
002195E8	_GLOBAL_$I$c__soft_mc3_src_mctraffic_ambientcollider_cppUFaaaa	32	neighbour	00210B90
00219608	aiTrafficPopulateParams__HaveCheckedThresholdNumSloteRails_void_const	20	neighbour	00210BB0
00219620	aiTrafficPopulateParams__Init_unsigned_char	8	neighbour	00210BC8
002196A8	aiTrafficPopulateParams__OnRaceReset_void	120	neighbour	00210C50
00219740	aiTrafficPopulateParams__SetHoodCurrVehicleTypeToFeed_unsigned_char_int	20	neighbour	00210CD0
00219760	aiTrafficPopulateParams__OnCycleCompletion_void	20	neighbour	00210CF0
00219920	aiAmbientVehicleInstances__OnRaceReset_void	12	neighbour	00210EB0
00219930	aiAmbientVehicleInstances__ResetUpdateParameters_void	16	neighbour	00210EC0
00219940	aiAmbientVehicleInstances__Release_void	328	neighbour	00210ED0
00219CD0	aiAmbientVehicleInstances__GetAmbientType_int	24	neighbour	00211260
0021A130	aiAmbientTrafficData__ReleaseControlledVehicles_void	156	neighbour	00211828
0021A1D0	aiAmbientTrafficData__GetAmbientType_int	20	neighbour	002118C8
0021A448	aiAmbientTrafficData__UnLoadRaceSpecificAmbientType_void	276	neighbour	00211B40
0021A990	aiAmbientTrafficData__DeleteAllAmbientType_void	184	neighbour	00212088
0021B0C0	aiAmbientTrafficData__GetRandomHoodVehicleType_unsigned_char_int	340	neighbour	002127A8
0021B358	aiAmbientTrafficData__SafeVehicleRailInsert_aiRail_const__ref__float_aiAmbientType_const__ref	956	neighbour	00212AC0
0021BCD8	aiAmbientTrafficData__bSlotVehicleAlongRail_unsigned_short_float__ref__aiAmbientType_const__ref__bool	1228	neighbour	00213420
0021C1B0	aiAmbientTrafficData__GetCollider_void	28	neighbour	002138F8
0021C1F0	aiAmbientTrafficData__CreateColliders_void	72	neighbour	00213938
0021C238	aiAmbientTrafficData__ResetColliders_void	28	neighbour	00213980
0021C258	aiAmbientTrafficData__DestroyColliders_void	56	neighbour	002139A0
0021C700	aiAmbientTrafficData__ActivateVehicle_int_int_unsigned_short_float_int	236	neighbour	00213F00
0021DC18	aiAmbientTrafficData__IncrementFlashTimer_unsigned_char__ref	32	neighbour	00215730
0021DDD0	aiAmbientTrafficData__SetDefaultVehicleDrawLodDist2_void	36	neighbour	002157F8
0021DE50	aiAmbientTraffic__CreateInstance_void	52	neighbour	00215860
0021DEC0	aiAmbientTraffic__aiAmbientTraffic_void	20	neighbour	002158D0
0021E3D8	__static_initialization_and_destruction_0__00215DF0	52	neighbour	00215DF0
0021E410	_GLOBAL_$I$c__soft_mc3_src_mctraffic_ambienttraffic_cppYraaaa	32	neighbour	00215E28
0021E7C8	__static_initialization_and_destruction_0__00216098	52	neighbour	00216098
0021E800	_GLOBAL_$I$c__soft_mc3_src_mctraffic_ambienttrailer_cppFqaaaa	32	neighbour	002160D0
0021F578	aiAmbientType__UnLoadModelData_void	420	neighbour	00216CF8
0021F720	aiAmbientType__GenerateUniqueArcheTypeIndex_void	36	neighbour	00216EA0
0021F748	aiAmbientType__RemoveUniqueArcheTypeIndex_int	48	neighbour	00216EC8
0021F938	aiAmbientType__SetAmbientBodyColor_int	160	neighbour	002170B8
00220AB0	aiAmbientType__Reset_void	80	neighbour	002182E8
00220B00	_pool_sort_func_void_const__ptr__void_const__ptr	28	neighbour	00218338
00220B20	mcAmbientTypePool__ReleasePool_void	64	neighbour	00218358
00220C08	mcAmbientTypePool__AvailableVehicle_aiAmbientVehicle__ptr	120	neighbour	00218448
00220C80	mcAmbientTypePool__RegisterVehicle_aiAmbientVehicle__ref	224	neighbour	002184C0
00220D60	mcAmbientTypePool__UseVehicle_aiAmbientVehicle__ref	140	neighbour	002185A0
00220DF0	mcAmbientTypePool__Sort_void	48	neighbour	00218630
00220E20	aiAmbientWindowDamage__aiAmbientWindowDamage_void	352	neighbour	00218660
00220F80	aiAmbientWindowDamage__dtor_aiAmbientWindowDamage_void	92	neighbour	002187C0
00222C20	aiAmbientClass__RenderAllTypes_mcPassTypes	28	neighbour	0021A190
00222CB0	mcAmbientTypePool__mcAmbientTypePool_datResource__ref	100	neighbour	0021A220
00222D18	mcAmbientPoolManager__mcAmbientPoolManager_datResource__ref	116	neighbour	0021A288
00222E50	aiAmbientTypeCB__aiAmbientTypeCB_datResource__ref	40	neighbour	0021A3C0
002233F0	__static_initialization_and_destruction_0__0021A848	232	neighbour	0021A848
002234D8	_GLOBAL_$I$c__soft_mc3_src_mctraffic_ambienttype_cpp8qaaaa	32	neighbour	0021A930
00227DB0	aiAmbientVehicle__ResetTrailerBound_void	272	neighbour	0021F880
00228780	aiAmbientVehicle__AttemptWindowBreak_void	36	neighbour	0021FF90
00228AA0	chunkPosData__chunkPosData_void	40	neighbour	002202B0
00228E50	aiAmbientVehicle__SpawnBigChunks_void	536	neighbour	002205D8
00229468	aiAmbientVehicle__SetSpeed_float	8	neighbour	00220BE8
00229A78	aiAmbientVehicle__ResetStaticVariables_void	36	neighbour	00221130
0022A240	aiAmbientVehicle__GetVelocity_Vector3__ref__const	68	neighbour	002217D0
0022A288	aiAmbientVehicle__GetLocalVelocity_Vector3_const__ref__Vector3__ref__int_const	60	neighbour	00221818
0022ADF0	aiAmbientVehicle__ClearDownloadedDamage_void	292	neighbour	002224D0
0022D6F8	aiAmbientVehicle__ResetSmoke_void	120	neighbour	00224C98
0022D990	aiAmbientVehicle__GetWheelHeading_Vector3__ptr__const	44	neighbour	00224F30
0022D9C0	aiAmbientVehicle__GetIndex_void_const	40	neighbour	00224F60
0022DDA0	aiAmbientWheel__aiAmbientWheel_void	32	neighbour	00225388
0022DDC0	aiAmbientWheel__Init_phInertialCS__ptr__aiAmbientVehicle__ptr	28	neighbour	002253A8
0022E588	aiAmbientWheel__aiAmbientWheel_datResource__ref	56	neighbour	002259F8
0022E5C0	__static_initialization_and_destruction_0__00225A30	52	neighbour	00225A30
0022E5F8	_GLOBAL_$I$c__soft_mc3_src_mctraffic_ambientwheel_cpp1vaaaa	32	neighbour	00225A68
0022E648	mcAmbientControlledPath__Init_mcRaceAmbient__ref	16	neighbour	00225AB8
0022E670	mcAmbientControlledPath__AdvanceCurrNode_void	208	neighbour	00225AE0
0022E740	mcAmbientControlledPath__GetInitialStart_void_const	8	neighbour	00225BB0
0022E750	mcAmbientControlledPath__GetCurrentStart_void_const	28	neighbour	00225BC0
0022E778	mcAmbientControlledPath__GetCurrentTangent_void_const	60	neighbour	00225BE8
0022E7C0	mcAmbientControlledPath__FinishedPath_void_const	48	neighbour	00225C30
0022E7F0	mcAmbientControlledPath__GetCurrentHeightOffset_void_const	32	neighbour	00225C60
0022E810	mcAmbientControlledPath__GetCurrentSpeed_void_const	32	neighbour	00225C80
0022E838	mcAmbientControlledPath__SetClosestNodeAsCurrentStart_Vector3_const__ref	192	neighbour	00225CA8
0022E8F8	mcAmbientControlledPath__mcAmbientControlledPath_datResource__ref	32	neighbour	00225D68
0022EED8	__static_initialization_and_destruction_0__00226448	52	neighbour	00226448
0022EF10	_GLOBAL_$I$c__soft_mc3_src_mctraffic_AmbientTrafficUpdate_cppHpaaaa	32	neighbour	00226480
0022FC00	mcTrainType__dtor_mcTrainType_void	72	neighbour	0020C640
0022FFD0	mcTrainCullableClass__mcTrainCullableClass_void	88	neighbour	0020C950
00230028	mcTrainCullableClass__SetRenderStates_mcPassTypes_const	168	neighbour	0020C9A8
002300D0	mcTrainCullableClass__RestoreRenderStates_mcPassTypes_const	8	neighbour	0020CA50
002300D8	mcTrainCullableClass__RenderAllTypes_mcPassTypes	28	neighbour	0020CA58
00230280	mcAmbientControlled__dtor_mcAmbientControlled_void	56	neighbour	00229EE0
002302B8	mcAmbientControlled__SetAmbientParameters_aiAmbientVehicle__ref__mcRaceAmbient__ref	64	neighbour	00229F18
00230470	mcAmbientControlled__SetIntialState_void	32	neighbour	0022A078
002304E8	mcAmbientControlled__DeSpawn_void	44	neighbour	0022A0F0
00230518	mcAmbientControlled__DoStartControlledAmbientVehicle_float	104	neighbour	0022A120
00230580	mcAmbientControlled__CheckIfPathIsCompleted_void_const	28	neighbour	0022A188
002305A0	mcAmbientControlled__ReactToPathCompletion_void	28	neighbour	0022A1A8
002305C0	mcAmbientControlled__SetVehicleAsRecovered_void	44	neighbour	0022A1C8
002305F0	mcAmbientControlled__FindClosestRail_int__ref__float	112	neighbour	0022A1F8
00230660	mcAmbientControlled__UpdateMotionState_void	200	neighbour	0022A268
00230780	mcAmbientControlled__mcAmbientControlled_datResource__ref	116	neighbour	0022A388
002307F8	__static_initialization_and_destruction_0__0022A400	52	neighbour	0022A400
00230830	_GLOBAL_$I$c__soft_mc3_src_mctraffic_ambientcontrolled_cppxtaaaa	32	neighbour	0022A438
00230860	mcVehicleDensityTable__Normalize_void	132	neighbour	0022A468
002308E8	mcAmbientDistrib__dtor_mcAmbientDistrib_void	232	neighbour	0022A4F0
00230AC0	mcAmbientDistrib__nFindRandomLargeOrSmallVehicleSequenceNumber_void_const	160	neighbour	0022A6C8
00230B60	mcAmbientDistrib__nFindRandomLargeVehicleSequenceNumber_void_const	176	neighbour	0022A768
00230C10	mcAmbientDistrib__nFindRandomSmallVehicleSequenceNumber_void_const	156	neighbour	0022A818
00230D38	mcAmbientDistrib__GetVehicleDensity_int_int	56	neighbour	0022A940
00231560	mcAmbientDistrib__LoadVehicleDensity_datAsciiTokenizer__ref__int	280	neighbour	0022B168
00231678	mcAmbientDistrib__NormalizeData_void	92	neighbour	0022B280
002317C0	mcAmbientDistrib__mcAmbientDistrib_datResource__ref	172	neighbour	0022B3C8
00231870	mcVehicleDensityTable__mcVehicleDensityTable_datResource__ref	32	neighbour	0022B478
00232100	__static_initialization_and_destruction_0__00227DD8	52	neighbour	00227DD8
00232138	_GLOBAL_$I$c__soft_mc3_src_mctraffic_Train_cppeDaaaa	32	neighbour	00227E10
00232158	mcTrainBuilder__mcTrainBuilder_void	56	neighbour	00227E30
00232190	mcTrainBuilder__dtor_mcTrainBuilder_void	304	neighbour	00227E68
00232300	mcTrainBuilder__Release_void	164	neighbour	00227FD8
002323A8	TrainOpenFile_char_const__ptr__char_const__ptr__char_const__ptr__Stream__ptr__ref__datAsciiTokenizer__ref	136	neighbour	00228080
00232BA8	mcTrainBuilder__FindTrainType_char_const__ptr	156	neighbour	00228960
00232C48	RailGoesToNeighborRoad_aiRail__ptr__int	92	neighbour	00228A00
00232CA8	mcTrainBuilder__RailIsStartingTrack_aiRail__ptr__const	152	neighbour	00228A60
00233148	mcTrainBuilder__GetTrainTrack_int_const	16	neighbour	00228EF8
002357C8	ioMemCard__SetPath_char_const__ptr	12	neighbour	0022C210
002357D8	ioMemCard__SetIconNames_char_const__ptr__char_const__ptr__char_const__ptr	28	neighbour	0022C220
00235808	ioMemCard__SetBackgroundColor_ioMemCard__BackGroundColorPos_Vector3_const__ref	92	neighbour	0022C250
00235868	ioMemCard__SetLightSource_int_Vector3_const__ref__Vector3_const__ref	100	neighbour	0022C2B0
002358F8	ioMemCard__SetBackgroundTransparency_float	32	neighbour	0022C340
00235930	ioMemCard__SetCardValid_int_bool	68	neighbour	0022C378
00235978	ioMemCard__Format_void	60	neighbour	0022C3C0
002359C0	ioMemCard__Unmount_void	72	neighbour	0022C408
00235A08	ioMemCard__SaveFile_int_void_const__ptr__int	92	neighbour	0022C450
00235A68	ioMemCard__LoadFile_int_void__ptr__int	92	neighbour	0022C4B0
00235AC8	ioMemCard__RemoveFile_int	72	neighbour	0022C510
00235B48	ioMemCard__Unformat_void	60	neighbour	0022C590
00235B88	ioMemCard__InitDirectory_void	60	neighbour	0022C5D0
00235BC8	ioMemCard__InitData_char_const__ptr__char_const__ptr__char_const__ptr__bool	104	neighbour	0022C610
002363C0	ioMemCard__WriteIconSys_void	60	neighbour	0022CE08
002364D8	ioMemCard__UpdateGetValid_void	340	neighbour	0022CF20
00236630	ioMemCard__UpdateMount_void	20	neighbour	0022D078
00236648	ioMemCard__UpdateFormat_void	144	neighbour	0022D090
002366D8	ioMemCard__UpdateUnformat_void	144	neighbour	0022D120
00236768	ioMemCard__UpdateGetFileSize_void	212	neighbour	0022D1B0
00236B68	ioMemCard__UpdateRemoveFile_void	612	neighbour	0022D5B0
00236DD0	ioMemCard__UpdateGetFreeSpace_void	160	neighbour	0022D818
00236FA0	ioMemCard__UpdateGetInfo_void	152	neighbour	0022D9E8
00237090	ioMemCard__UpdateCreate_void	76	neighbour	0022DAD8
00237140	ioMemCard__UpdateWrite_void	92	neighbour	0022DB88
002371A0	ioMemCard__UpdateSeek_void	92	neighbour	0022DBE8
00237948	ioMemCard__CreateAsync_char_const__ptr__int__ref	204	neighbour	0022E390
00237AB0	ioMemCard__WriteAsync_int_void_const__ptr__int_int__ref	152	neighbour	0022E4F8
00237B48	ioMemCard__SeekAsync_int_int_seekWhence_int__ref	152	neighbour	0022E590
00237DE0	ioMouse__Update_void	32	neighbour	0022E828
00237E00	ioPad__ioPad_void	64	neighbour	0022E848
00237FE8	ioPad__SetButtonsAnalog_bool	32	neighbour	0022EA30
00238008	ioPad__SetActuatorsActivation_bool	36	neighbour	0022EA50
00238030	ioPad__Attach_void	820	neighbour	0022EA78
00238808	ioPad__Update_void	96	neighbour	0022EF88
00238868	ioPad__SetActuatorValue_int_float	140	neighbour	0022EFE8
00238980	ioPad__UpdateAll_void	108	neighbour	0022F100
002389F0	__static_initialization_and_destruction_0__0022F170	92	neighbour	0022F170
00238A50	_GLOBAL_$I$c__soft_age_src_input_pad_cpp7yaaaa	32	neighbour	0022F1D0
0023CBD8	GetRelDisp_Matrix34_const__ptr__Matrix34_const__ptr__Matrix34_const__ptr__Vector3_const__ref__Vector3__ptr	360	neighbour	00233280
0023CD50	TestPolygonToOrientedBoxFP_Vector3_const__ref__Vector3_const__ref__Vector3_const__ref__Vector3_const__ptr__Vector3_const__ref__Vector3_const__ref__Vector3_const__ptr__float_const__ptr	768	neighbour	002333F8
0023D058	TestSegmentToCenteredAlignedBox_Vector3_const__ref__Vector3_const__ref__Vector3_const__ref__float__ptr__float__ptr	724	neighbour	00233700
0023D340	Test2DPointVsTri_Vector3_const__ref__Vector3_const__ref__Vector3_const__ref__Vector3_const__ref	216	neighbour	002339E8
0023D418	Test2DSegmentVsCenteredAlignedRect_Vector3_const__ref__Vector3_const__ref__Vector3_const__ref	696	neighbour	00233AC0
0023D6D8	Test2DSegVsSeg_float__ref__float__ref__Vector2_const__ref__Vector2_const__ref__Vector2_const__ref__Vector2_const__ref__bool	148	neighbour	00233D80
0023D770	Test2DLineVsLine_float__ref__float__ref__Vector2_const__ref__Vector2_const__ref__Vector2_const__ref__Vector2_const__ref__bool	376	neighbour	00233E18
0023D8E8	RectangleTouchesRectangle_Vector3_const__ref__Vector3_const__ref__float_float_Vector3_const__ref__Vector3_const__ref__float_float	996	neighbour	00233F90
0023DCD0	__static_initialization_and_destruction_0__00234378	140	neighbour	00234378
0023DD60	_GLOBAL_$I$c__soft_age_src_vector_geometry_cppSyaaaa	32	neighbour	00234408
0023DF80	Matrix34__Subtract_Matrix34_const__ref	284	neighbour	00234628
0023E0A0	Matrix34__Subtract_Matrix34_const__ref__Matrix34_const__ref	356	neighbour	00234748
0023E5E8	Matrix34__DotTranspose_Matrix34_const__ref__Matrix34_const__ref	632	neighbour	00234C90
0023EEB0	Matrix34__IsOrthonormal_float_const	548	neighbour	00235558
0023FA70	Matrix34__MakeUpright_float	240	neighbour	00236118
0023FE50	Matrix34__GetEulers_void_const	236	neighbour	002364F8
00240168	Matrix34__FromEulersXZY_Vector3_const__ref	232	neighbour	00236810
00240250	Matrix34__FromEulersYXZ_Vector3_const__ref	220	neighbour	002368F8
00240330	Matrix34__FromEulersYZX_Vector3_const__ref	216	neighbour	002369D8
002404E0	Matrix34__FromEulersZYX_Vector3_const__ref	212	neighbour	00236B88
00240A30	Matrix34__ScaleFull_float	160	neighbour	00236FA8
00240E38	Matrix34__FastInverse_void	152	neighbour	002373B0
00241018	Matrix34__Transpose3x4_Matrix34_const__ref	272	neighbour	00237590
002415B8	Matrix34__MakeDoubleCrossMatrix_Vector3_const__ref	132	neighbour	00237B30
00241640	Matrix34__MakeDoubleCrossMatrix_Vector3_const__ref__Vector3_const__ref	192	neighbour	00237BB8
002418F8	Matrix34__Determinant3x3_void_const	108	neighbour	00237E70
00241AD0	Matrix34__Print_char_const__ptr__const	8	neighbour	00238048
00242540	Matrix34__SolveSVDCondition_Vector3_const__ref__Vector3__ref__const	744	neighbour	00238AB8
00242828	Matrix34__Transform4_Vector3_const__ptr__Vector4__ptr__int_const	188	neighbour	00238DA0
002428E8	__static_initialization_and_destruction_0__00238E60	172	neighbour	00238E60
00242998	_GLOBAL_$I$c__soft_age_src_vector_matrix34_cppVLaaaa	32	neighbour	00238F10
00242A28	Matrix44__CatmullRom_void	136	neighbour	00238FA0
00242B58	Matrix44__Dot_Matrix44_const__ref	120	neighbour	002390D0
00242BD0	Matrix44__DotNoVu0_Matrix44_const__ref	1132	neighbour	00239148
002435C8	Matrix44__MakeRotX_float	160	neighbour	00239B40
00243670	__static_initialization_and_destruction_0__00239BE8	116	neighbour	00239BE8
002436E8	_GLOBAL_$I$c__soft_age_src_vector_matrix44_cpplDaaaa	32	neighbour	00239C60
00243930	Quaternion__FromRotation_Vector3_const__ref	164	neighbour	00239EA8
002439D8	Quaternion__FromRotation_Vector3_const__ref__float	116	neighbour	00239F50
00243CF0	Quaternion__Multiply_Quaternion_const__ref__Quaternion_const__ref	260	neighbour	0023A268
00243DF8	Quaternion__Multiply_Quaternion_const__ref	164	neighbour	0023A370
00243EA0	Quaternion__MultiplyInverse_Quaternion_const__ref__Quaternion_const__ref	272	neighbour	0023A418
00243FB0	Quaternion__MultiplyFromLeft_Quaternion_const__ref	164	neighbour	0023A528
00244058	Quaternion__Transform_Vector3_const__ref__Vector3__ref__const	308	neighbour	0023A5D0
00244190	Quaternion__UnTransform_Vector3_const__ref__Vector3__ref__const	308	neighbour	0023A708
002442C8	Quaternion__Transform_Vector3__ref__const	60	neighbour	0023A840
00244310	__static_initialization_and_destruction_0__0023A888	60	neighbour	0023A888
00244350	_GLOBAL_$I$c__soft_age_src_vector_quaternion_cppRIaaaa	32	neighbour	0023A8C8
002443C8	Situation__Transform_Vector3_const__ref__Vector3__ref__const	112	neighbour	0023A940
00244440	Situation__Transform_Vector3__ref__const	112	neighbour	0023A9B8
002444B8	Situation__Identity_void	44	neighbour	0023AA30
002444E8	Situation__Zero_void	36	neighbour	0023AA60
002445B0	Situation__Inverse_Situation_const__ref	140	neighbour	0023AB28
00244698	Situation__Multiply_Situation_const__ref	96	neighbour	0023AC10
002446F8	Situation__MultiplyInverse_Situation_const__ref__Situation_const__ref	188	neighbour	0023AC70
002447C0	Vector3__Vector3_Vector2_const__ref__Vector2__eVector3Axes	132	neighbour	0023AD38
00244848	Vector3__Approach_Vector3_const__ref__float_float	336	neighbour	0023ADC8
002449A0	Vector3__RotateAboutAxis_float_int	240	neighbour	0023AF20
00244A90	Vector3__MakeOrthonormals_Vector3__ref__Vector3__ref__const	268	neighbour	0023B010
00244BA0	Vector3__GetVector2_int_Vector2__ref__const	128	neighbour	0023B120
00245050	Vector3__Angle_Vector3_const__ref__const	220	neighbour	0023B5D0
00245200	__static_initialization_and_destruction_0__0023B780	164	neighbour	0023B780
002452A8	_GLOBAL_$I$c__soft_age_src_vector_vector3_cppuwaaaa	32	neighbour	0023B828
002452C8	Vector4__ComputePlane_Vector3_const__ref__Vector3_const__ref__Vector3_const__ref	316	neighbour	0023B848
00245408	Vector4__ComputePlane_Vector3_const__ref__Vector3_const__ref	88	neighbour	0023B988
002454E8	__static_initialization_and_destruction_0__0023B9F8	52	neighbour	0023B9F8
00245520	_GLOBAL_$I$c__soft_age_src_vector_vector4_cppDBaaaa	32	neighbour	0023BA30
00246530	__static_initialization_and_destruction_0__0023C6B8	48	neighbour	0023C6B8
00246560	_GLOBAL_$I$c__soft_age_src_psx2_cdcache_ctNaaaa	32	neighbour	0023C6E8
00246E18	_GLOBAL_$I$c__soft_age_src_psx2_iop_cpFaaaa	32	neighbour	0023CF78
00246E38	RefStringHash_void_const__ptr__int	28	neighbour	0023CF98
00246E58	RefStringCompare_void_const__ptr__void_const__ptr	32	neighbour	0023CFB8
00246E78	RefStringFree_void__ptr	40	neighbour	0023CFD8
00247138	SBServerGetPublicQueryPort	28	neighbour	0023D2E8
00247160	SBServerHasPrivateAddress	16	neighbour	0023D310
00247170	SBServerDirectConnect	12	neighbour	0023D320
00247188	SBServerGetPrivateInetAddress	8	neighbour	0023D338
00247190	SBServerGetPrivateQueryPort	28	neighbour	0023D340
002471C0	CheckValidKey_char__ptr	124	neighbour	0023D370
00247240	mytok_char__ptr__char	116	neighbour	0023D3F0
00247548	StringHash_char_const__ptr__int__0023D6F8	116	neighbour	0023D6F8
002475F8	KeyValHashKey_void_const__ptr__int	28	neighbour	0023D7A8
00247618	KeyValCompareKey_void_const__ptr__void_const__ptr	32	neighbour	0023D7C8
00247710	SBServerSetPrivateAddr	12	neighbour	0023D8C0
00247720	SBServerSetICMPIP	8	neighbour	0023D8D0
00247728	SBServerSetState	8	neighbour	0023D8D8
00247730	SBServerGetState	8	neighbour	0023D8E0
00247738	SBIsNullServer	20	neighbour	0023D8E8
002479D0	SBServerListNth	32	neighbour	0023DDE0
00247FC0	BufferAddNTS_char__ptr__ptr__char_const__ptr__int__ptr	128	neighbour	0023E3C0
00248040	BufferAddByte_char__ptr__ptr__unsigned_char_int__ptr	36	neighbour	0023E440
00248068	BufferAddInt_char__ptr__ptr__int_int__ptr	60	neighbour	0023E468
002480A8	BufferAddData_char__ptr__ptr__char__ptr__int_int__ptr	88	neighbour	0023E4A8
002487B8	ServerSizeForFlags_int	56	neighbour	0023EBB8
002489B0	ParseServerIPPort__SBServerList__ptr__char__ptr__int_unsigned_int__ptr__unsigned_short__ptr	96	neighbour	0023EDB0
00249368	ProcessPlayerSearch__SBServerList__ptr__char__ptr__int	388	neighbour	0023F768
002494F0	ProcessMaploop__SBServerList__ptr__char__ptr__int	360	neighbour	0023F8F0
00249DD0	keyrand__GOACryptState__ptr__int_unsigned_char__ptr__unsigned_char_unsigned_char__ptr__unsigned_int__ptr	208	neighbour	00240278
00249EA0	GOAHashInit	92	neighbour	00240348
0024A208	mcCullable__IsEnabled_void	64	neighbour	002406B0
0024A2A8	mcCullable__SetClippingAndSphereTest_void	180	neighbour	00240750
0024A390	mcCullable__GetCullCenter_void_const	40	neighbour	00240900
0024A3B8	mcCullable__GetRadius_void_const	40	neighbour	00240928
0024A3F0	mcCullable__CalcLOD_void	212	neighbour	00240960
0024A4C8	mcCullable__EnableRendering_void	44	neighbour	00240A38
0024A4F8	mcCullable__DisableRendering_void	44	neighbour	00240A68
0024A528	mcCullable__mcCullable_datResource__ref	88	neighbour	00240A98
0024A580	mcCullableClass__mcCullableClass_void	36	neighbour	00240AF0
0024A5A8	mcCullableClass__dtor_mcCullableClass_void	48	neighbour	00240B18
0024A5D8	mcCullableClass__FindType_char_const__ptr__const	84	neighbour	00240B48
0024A648	mcCullableClass__RemoveType_mcCullableType__ptr	108	neighbour	00240BB8
0024A6B8	mcCullableClass__RenderAllTypes_mcPassTypes	80	neighbour	00240C28
0024A708	mcCullableClass__mcCullableClass_datResource__ref	64	neighbour	00240C78
0024A810	mcCullableMgr__ForceCullingPass_mcCullableClassOrder_int	76	neighbour	00240E10
0024AE08	mcCullableMgr__EnableCullableClass_mcCullableClassOrder	40	neighbour	002413D8
0024AE30	mcCullableMgr__DisableCullableClass_mcCullableClassOrder	36	neighbour	00241400
0024B030	mcCullableType__AddToActive_mcCullable__ptr	88	neighbour	002415F8
0024B088	mcCullableType__RemoveFromActive_mcCullable__ptr	120	neighbour	00241650
0024B158	mcCullableType__MakeActive_void	80	neighbour	00241720
0024B1A8	mcCullableType__RenderAllInstances_mcPassTypes	80	neighbour	00241770
0024B300	mcCityModelClass__SetRenderStates_mcPassTypes_const	1952	neighbour	002418B8
0024BAA0	mcCityModelClass__RestoreRenderStates_mcPassTypes_const	84	neighbour	00242058
0024BFE8	mcCityModel__AddAreaLight_void	280	neighbour	002425A0
0024C100	mcCityModel__InitExtents_Vector3_const__ref__Vector3_const__ref	136	neighbour	002426B8
0024C188	mcCityModelType__mcCityModelType_void	72	neighbour	00242740
0024C1D0	mcCityModelType__dtor_mcCityModelType_void	80	neighbour	00242788
0024C380	mcCityModelType__Render_mcCityModel__ref__mcPassTypes_int	424	neighbour	00242920
0024C528	mcCityModelClass__mcCityModelClass_datResource__ref	112	neighbour	00242AC8
0024C598	mcCityModel__mcCityModel_datResource__ref	52	neighbour	00242B38
0024C620	mcCityModelInfo__mcCityModelInfo_void	96	neighbour	00242BC0
0024C680	mcCityModelInfo__dtor_mcCityModelInfo_void	184	neighbour	00242C20
0024C9C0	mcCityModelInfo__GetModel_unsigned_int_mcBuildingParts	68	neighbour	00242F60
0024D540	mcGlow__dtor_mcGlow_void	168	neighbour	00243A00
0024D8A8	mcGlow__unloadConditionSet_void	76	neighbour	00243D58
0024DE88	FlushTexCache_void	144	neighbour	002443B8
00250988	lightGlowCondition__multiplyCondition_lightGlowCondition__ref__lightGlowCondition__ref	1556	neighbour	00246D88
00250FA0	lightGlowCondition__lerpCondition_float_lightGlowCondition__ref__lightGlowCondition__ref	1436	neighbour	002473A0
00251540	mcGlow__AddBufferedEnvMapGlow_glowInfo__ptr	1460	neighbour	00247940
00254180	mcGlow__drawAllBufferedEnvGlows_void	112	neighbour	0024A1B0
00254200	mcGlow__computeIntensityAndColor_glowInfo__ref	524	neighbour	0024A230
00254CD0	mcGlow__drawPlayerReverseLight_Matrix34_const__ptr__int_float_bool	524	neighbour	0024ACE0
00254EE8	mcGlow__drawPlayerSideMarker_Matrix34_const__ref__Vector4_const__ref__float_bool	448	neighbour	0024AEF8
002550B8	mcGlow__drawPlayerTaillight_Matrix34_const__ptr__int_float_float_bool	1004	neighbour	0024B0C8
00255F30	mcGlow__drawLightReflections_gfxTexture__ptr__Matrix34_const__ref__int_Matrix34_const__ptr__float_float_float_Vector4_const__ref__bool_float	456	neighbour	0024BE80
002560F8	mcGlow__drawHeadlightGlows_gfxTexture__ptr__Matrix34_const__ref__int_Matrix34_const__ptr__float_Vector4_const__ref__bool_int_int_unsigned_char	388	neighbour	0024C048
00256290	__static_initialization_and_destruction_0__0024C1E0	8	neighbour	0024C1E0
00256298	_GLOBAL_$I$c__soft_mc3_src_mclevel_glows_cppLvaaaa	32	neighbour	0024C1E8
002562B8	mcInstCityModelClass__SetRenderStates_mcPassTypes_const	1952	neighbour	0024C208
00256A58	mcInstCityModelClass__RestoreRenderStates_mcPassTypes_const	84	neighbour	0024C9A8
00256FA0	mcInstCityModelType__mcInstCityModelType_void	64	neighbour	0024CE30
00256FE0	mcInstCityModelType__dtor_mcInstCityModelType_void	40	neighbour	0024CE70
00257008	mcInstCityModelType__Render_mcInstCityModel__ref__mcPassTypes_int	424	neighbour	0024CE98
002571B0	mcInstCityModelClass__mcInstCityModelClass_datResource__ref	112	neighbour	0024D040
00257220	mcInstCityModel__mcInstCityModel_datResource__ref	52	neighbour	0024D0B0
002575C0	mcCity__Delete_void	124	neighbour	0024D450
00257A60	mcCity__DeleteConditions_void	100	neighbour	0024D8A0
00257BE8	mcCity__CalcRelCellNo_Vector3_const__ref__const	108	neighbour	0024DA20
00257D40	mcCity__CalcRelCellCenter_int_int_Vector3__ref__const	44	neighbour	0024DB78
00257D70	mcCity__CalcAbsCellCenter_int_int_Vector3__ref	68	neighbour	0024DBA8
00258100	mcCity__GetCityExtendsForMap_mc__eCity_Vector3__ref__Vector3__ref	324	neighbour	0024DF30
00258D88	mcCity__InsideLevel_Vector3_const__ref__const	92	neighbour	0024EDE8
00258DE8	mcCity__SetIntendedFrameRate_int	40	neighbour	0024EE48
00259598	mcLightManager__dtor_mcLightManager_void	116	neighbour	0024F5F8
00259610	mcLightManager__RemoveLightFromGrid_mcLight_const__ptr	68	neighbour	0024F670
00259658	mcLightManager__AddLightToGrid_mcLight__ptr	96	neighbour	0024F6B8
002596B8	mcLightManager__GetClosestLightsFromCell_int_Vector3_const__ref__mcLight__ptr__ptr__float__ptr__int_const	464	neighbour	0024F718
00259CB8	mcLight__GetDirection_Vector3_const__ref__Vector3__ref	168	neighbour	0024FC80
0025BD70	mcSkyHatClass__DeleteTuneData_void	32	neighbour	00252700
0025CAA0	mcStarField__dtor_mcStarField_void	76	neighbour	002538F8
0025CB70	mcStarField__mcStarField_datResource__ref	176	neighbour	002539C8
0025CC20	mcConditionVariables__Init_char_const__ptr	28	neighbour	00253A80
0025CC40	mcConditionVariables__Kill_void	28	neighbour	00253AA0
0025D2D0	mcConditionVariables__GetSkylightDir_void	156	neighbour	002540D0
0025D370	mcConditionVariables__mcConditionVariables_datResource__ref	52	neighbour	00254170
0025D3B0	mcHood__dtor_mcHood_void	88	neighbour	002541B0
0025D418	mcHood__DeleteModels_void	212	neighbour	00254218
0025D4F0	mcHood__mcHood_datResource__ref	236	neighbour	002542F0
0025D5E0	vehChassis__vehChassis_void	200	neighbour	002543E0
0025D6A8	vehChassis__dtor_vehChassis_void	696	neighbour	002544A8
0025DF80	vehChassis__MakeAero_char_const__ptr	80	neighbour	00254D80
0025DFD0	vehChassis__MakeFluid_char_const__ptr	108	neighbour	00254DD0
0025E040	vehChassis__MakeEngine_char_const__ptr	72	neighbour	00254E40
0025E088	vehChassis__MakeTransmission_char_const__ptr	72	neighbour	00254E88
0025E4F0	vehChassis__MakeDrivetrains_char_const__ptr	196	neighbour	002552F0
0025EC48	vehChassis__ConfigureDrivetrain_int	28	neighbour	00255A48
0025EC68	vehChassis__ConfigureDrivetrain_void	484	neighbour	00255A68
0025EE50	vehChassis__ComputeConstants_void	2048	neighbour	00255C50
0025F650	vehChassis__ApplyJointNormalLoad_void	412	neighbour	00256450
0025F7F0	vehChassis__AddNormalLoad_float_Vector3_const__ref__const	368	neighbour	002565F0
0025F9A8	vehChassis__BottomedOut_void_const	60	neighbour	002567A8
0025F9E8	vehChassis__SetTransDirection_int	104	neighbour	002567E8
0025FA50	vehChassis__GetTransDirection_void_const	40	neighbour	00256850
0025FA80	vehChassis__SetStateIncludeFlag_unsigned_char_bool	44	neighbour	00256880
0025FF08	vehChassis__TestProbe_void	2624	neighbour	00256D08
00260948	vehChassis__TestProbeSingleProbeLOD_void	956	neighbour	00257748
00260ED8	vehChassis__Update_void	28	neighbour	00257CD8
00260EF8	vehChassis__UpdatePush_void	512	neighbour	00257CF8
002610F8	vehChassisTune__vehChassisTune_void	192	neighbour	00257EF8
002611B8	vehChassisTune__dtor_vehChassisTune_void	204	neighbour	00257FB8
00261288	vehChassisTune__Allocate_void	296	neighbour	00258088
002613C0	vehChassisTune__Lerp_float_vehChassisTune_const__ptr__vehChassisTune_const__ptr	688	neighbour	002581C0
00261948	vehChassisTune__vehChassisTune_datResource__ref	344	neighbour	00258748
00261AA0	__static_initialization_and_destruction_0__002588A0	52	neighbour	002588A0
00261AD8	_GLOBAL_$I$c__soft_age_src_veh_dyna_chassis_cCwaaaa	32	neighbour	002588D8
00261AF8	vehDrivetrain__vehDrivetrain_void	72	neighbour	002588F8
00261B40	vehDrivetrain__dtor_vehDrivetrain_void	40	neighbour	00258940
00261B68	vehDrivetrain__Init_vehSim__ptr__vehDrivetrainTune_const__ptr__vehTransmission__ptr__vehEngine__ptr	20	neighbour	00258968
00261B80	vehDrivetrain__ComputeConstants_void	8	neighbour	00258980
00261B88	vehDrivetrain__Reset_void	20	neighbour	00258988
00261BA0	vehDrivetrain__Attach_void	16	neighbour	002589A0
00261BB0	vehDrivetrain__Detach_void	8	neighbour	002589B0
00261BB8	vehDrivetrain__AddWheel_vehWheel__ptr	56	neighbour	002589B8
00261BF0	vehDrivetrain__Update_void	2204	neighbour	002589F0
00262490	vehDrivetrainTune__vehDrivetrainTune_void	48	neighbour	00259290
002624C0	vehDrivetrainTune__Lerp_float_vehDrivetrainTune_const__ptr__vehDrivetrainTune_const__ptr	76	neighbour	002592C0
002625A0	__static_initialization_and_destruction_0__002593A0	52	neighbour	002593A0
002625D8	_GLOBAL_$I$c__soft_age_src_veh_dyna_drivetrain_c9Eaaaa	32	neighbour	002593D8
002625F8	vehEngine__vehEngine_void	180	neighbour	002593F8
002626B0	vehEngine__dtor_vehEngine_void	40	neighbour	002594B0
002626D8	vehEngine__ComputeConstants_void	184	neighbour	002594D8
00262790	vehEngine__Reset_void	188	neighbour	00259590
00262850	vehEngine__GetIdleRPM_void_const	24	neighbour	00259650
00262868	vehEngine__GetOptRPM_void_const	24	neighbour	00259668
00262898	vehEngine__SetPowertrain_vehDrivetrain__ptr	16	neighbour	00259698
002628A8	vehEngine__Init_vehSim__ptr__vehEngineTune_const__ptr	80	neighbour	002596A8
002628F8	vehEngine__GetMaxHP_void_const	76	neighbour	002596F8
00262960	vehEngine__CalcTorqueAtFullThrottle_float	256	neighbour	00259760
00262A60	vehEngine__CalcTorqueAtZeroThrottle_void	164	neighbour	00259860
00262B08	vehEngine__StartBoost_float	40	neighbour	00259908
00262B30	vehEngine__StopBoost_void	16	neighbour	00259930
002630E8	vehEngineTune__vehEngineTune_void	120	neighbour	00259EE8
00263160	vehEngineTune__Lerp_float_vehEngineTune_const__ptr__vehEngineTune_const__ptr	244	neighbour	00259F60
002633C8	vehFluid__vehFluid_void	200	neighbour	0025A1C8
00263490	vehFluid__dtor_vehFluid_void	40	neighbour	0025A290
002634B8	vehFluid__Reset_void	20	neighbour	0025A2B8
002634D0	vehFluid__Init_vehSim__ptr__Vector3_const__ref__Vector3_const__ref__vehFluidTune_const__ptr	236	neighbour	0025A2D0
002635E8	vehFluid__Activate_void	16	neighbour	0025A3E8
00263C78	vehSuspension__dtor_vehSuspension_void	84	neighbour	0025AA78
00263CD0	vehSuspension__Reset_void	8	neighbour	0025AAD0
00263F50	vehSuspension__SetWidthOffset_float	28	neighbour	0025AD50
00263F70	vehSuspension__Update_void	728	neighbour	0025AD70
00264318	vehTrailerJoint__Init_phJointedICS__ptr__phJointedICS__ptr__Vector3_const__ref__Vector3_const__ref	560	neighbour	0025B118
00264548	vehTrailerJoint__Reset_void	232	neighbour	0025B348
00264648	vehTrailerJoint__SetJointForceFlag_void	188	neighbour	0025B448
00266B70	__static_initialization_and_destruction_0__0025D970	100	neighbour	0025D970
00266BD8	_GLOBAL_$I$c__soft_age_src_veh_dyna_trailerjoint_cgzaaaa	32	neighbour	0025D9D8
00266BF8	vehTransmission__vehTransmission_void	208	neighbour	0025D9F8
00266CC8	vehTransmission__dtor_vehTransmission_void	40	neighbour	0025DAC8
00266CF0	vehTransmission__SetPowertrain_vehDrivetrain__ptr	16	neighbour	0025DAF0
00267528	vehTransmission__SetGearChangeFlag_int	20	neighbour	0025E310
002675D0	vehTransmission__GetNumGears_void	12	neighbour	0025E3B8
002675E8	vehTransTune__vehTransTune_void	124	neighbour	0025E3D0
00267668	vehTransTune__Lerp_float_vehTransTune_const__ptr__vehTransTune_const__ptr	284	neighbour	0025E450
00267A68	vehWheel__dtor_vehWheel_void	104	neighbour	0025E848
00267AD0	vehWheel__Reset_void	272	neighbour	0025E8B0
00267BE0	vehWheel__ComputeConstants_void	256	neighbour	0025E9C0
00267CE0	vehWheel__CalcNormalLoad_Vector3_const__ref__float	112	neighbour	0025EAC0
00267D50	vehWheel__AddNormalLoad_float	48	neighbour	0025EB30
00267D80	vehWheel__AddNormalLoad_Vector3_const__ref__float	48	neighbour	0025EB60
00267DB0	vehWheel__SetNormalLoad_float	400	neighbour	0025EB90
00267F40	vehWheel__ComputeFriction_float_float__ptr	204	neighbour	0025ED20
00268010	vehWheel__ComputeSlipPercent_float__ptr__float_float	116	neighbour	0025EDF0
00268088	vehWheel__SetSim_vehChassis__ptr	20	neighbour	0025EE68
00268130	vehWheel__Init_vehChassis__ptr__Vector3_const__ref__vehWheelTune_const__ptr__phBound__ptr	36	neighbour	0025EF10
00268158	vehWheel__Init_phInertialCS__ptr__Vector3_const__ref__vehWheelTune_const__ptr__phBound__ptr	320	neighbour	0025EF38
00268298	vehWheel__GetSuspensionProbeUp_void_const	24	neighbour	0025F078
002682B0	vehWheel__GetSuspensionProbeDn_void_const	32	neighbour	0025F090
002682D0	vehWheel__CalcMinMaxSuspensionValue_float__ref__float__ref__float	180	neighbour	0025F0B0
00268388	vehWheel__CalcSuspensionValue_float_float	152	neighbour	0025F168
00268AB8	vehWheel__ComputeProbeConstants_void	756	neighbour	0025F858
00269198	vehWheel__ComputeTorque_float_float__ptr__float__ptr__float__ptr	3204	neighbour	0025FF38
00269E20	vehWheel__CalcDispAndDamp_float__ptr__float_float_float_float__ptr__bool__ptr	116	neighbour	00260BC0
0026AC28	vehWheel__SetSphericalWheelEnabled_bool_float_float_float	36	neighbour	002619C8
0026AC50	vehWheel__SetInputs_float_float_float	148	neighbour	002619F0
0026ACE8	vehWheel__SetBrake_float	36	neighbour	00261A88
0026AD10	vehWheel__GetVisualDispLat_void_const	32	neighbour	00261AB0
0026AD30	vehWheelTune__vehWheelTune_void	312	neighbour	00261AD0
0026AE68	vehWheelTune__Lerp_float_vehWheelTune_const__ptr__vehWheelTune_const__ptr	604	neighbour	00261C08
0026B418	vehAero__vehAero_void	80	neighbour	002621B8
0026B468	vehAero__Reset_void	16	neighbour	00262208
0026B478	vehAero__dtor_vehAero_void	40	neighbour	00262218
0026BA78	vehAeroTune__vehAeroTune_void	160	neighbour	00262818
0026BE08	vehAxle__dtor_vehAxle_void	84	neighbour	00262BA8
0026C1C0	vehAxle__SetWidthOffset_float	32	neighbour	00262F60
0026C1E0	vehAxle__Update_void	760	neighbour	00262F80
0026C4D8	vehAxleTune__vehAxleTune_void	32	neighbour	00263278
0026C4F8	vehAxleTune__Lerp_float_vehAxleTune_const__ptr__vehAxleTune_const__ptr	52	neighbour	00263298
0026C8D8	mcCutsceneProxy__FireOffPTX_ParticleTag__ptr	8	neighbour	002636B0
0026C8E0	mcCutsceneProxy__FireOffClipPlane_float_float	80	neighbour	002636B8
0026C930	mcCutsceneProxy__FireOffEndScene_void	160	neighbour	00263708
0026C9D0	mcCutsceneProxy__FireOffCastDraw_rmcDrawable__ptr__crSkeleton__ptr__Matrix34__ptr	308	neighbour	002637A8
0026CB08	mcCutsceneProxy__FireOffPlayAudio_char_const__ptr	8	neighbour	002638E0
0026CB88	mcCutSceneManager__dtor_mcCutSceneManager_void	96	neighbour	00263958
0026CBE8	mcCutSceneManager__CreateInstance_void	68	neighbour	002639B8
0026EFF8	CareerHudScreen__SetShowMap_bool	20	neighbour	00289880
0026F010	CareerHudScreen__GetShowMap_void_const	28	neighbour	00289898
0026F030	CareerHudScreen__IsMapActive_void_const	28	neighbour	002898B8
00272D38	hudHud__GetDirName_void	28	neighbour	002656E0
00272D58	hudHud__Anchor1d__Anchor1d_void	24	neighbour	00265700
00272D70	hudHud__Anchor1d__CalculatePosition_int_int	128	neighbour	00265718
00272EC8	hudHud__Anchor2d__CalculateXPosition_int_int	28	neighbour	00265870
00272EE8	hudHud__Anchor2d__CalculateYPosition_int_int	28	neighbour	00265890
00273030	hudChat__dtor_hudChat_void	156	neighbour	002659B0
002730D0	hudChat__Init_int_hudHud__ptr__hudHud__Anchors	84	neighbour	00265A50
00273128	hudChat__Reset_void	8	neighbour	00265AA8
00273130	hudChat__Update_void	68	neighbour	00265AB0
00273178	hudChat__Display_void	52	neighbour	00265AF8
002731B0	hudChat__DisplayMessage_char_const__ptr__unsigned_int	744	neighbour	00265B30
002734C0	hudChat__FileIO_datParser__ref	28	neighbour	00265E18
00273550	hudChat__SharedData__dtor_SharedData_void	72	neighbour	00265EA8
00273598	hudChat__SharedData__FileIO_datParser__ref	28	neighbour	00265EF0
002735B8	hudChatBoxLine__hudChatBoxLine_void	48	neighbour	00265F10
002735E8	hudChatBoxLine__dtor_hudChatBoxLine_void	80	neighbour	00265F40
00273638	hudChatBoxLine__Init_int	52	neighbour	00265F90
002736A0	hudChatBoxLine__CalculateHeight_txtCursor__ptr	220	neighbour	00265FC8
00273780	hudChatBoxLine__StartFadingIn_void	16	neighbour	002660A8
00273790	hudChatBoxLine__Update_void	240	neighbour	002660B8
00273880	hudChatBoxLine__Draw_txtCursor__ptr__bool	648	neighbour	002661A8
00273B08	hudChatBox__hudChatBox_int_int	236	neighbour	00266430
00273BF8	hudChatBox__dtor_hudChatBox_void	152	neighbour	00266520
00273CD8	hudChatBox__ShutdownClass_void	64	neighbour	00266600
00273D78	hudChatBox__AddLine_char_const__ptr__Vector3_const__ref	332	neighbour	00266640
00273ED0	hudChatBox__Update_void	216	neighbour	00266798
00273FA8	hudChatBox__Draw_void	288	neighbour	00266870
002741C8	hudChatBox__SharedData__dtor_SharedData_void	76	neighbour	00266A80
00274EE8	mcHudClock__FileIO_datParser__ref	28	neighbour	00267328
00274FA8	mcHudClock__SharedData__FileIO_datParser__ref	80	neighbour	00267408
002750B8	hudDamage__hudDamage_void	172	neighbour	002674E8
00275168	hudDamage__dtor_hudDamage_void	248	neighbour	00267598
00275D00	hudDamage__FileIO_datParser__ref	28	neighbour	00268130
00275D20	hudDamage__SharedData__SharedData_void	188	neighbour	00268150
00275EC8	hudDamage__SharedData__TextureData__TextureData_void	36	neighbour	002682F8
00276060	hudDamage__SharedDataNumberOfViewports__SharedDataNumberOfViewports_void	64	neighbour	00268490
002781E0	hudDropCounter__dtor_hudDropCounter_void	196	neighbour	002685D8
00278DE8	hudDropCounter__Reset_void	8	neighbour	00268C80
00278E30	hudDropCounter__FileIO_datParser__ref	28	neighbour	00268CC8
00279010	hudElement__dtor_hudElement_void	40	neighbour	00268F00
002790F0	hudElement__Init_int_char_const__ptr	44	neighbour	00268FD0
00279120	hudElement__SetActive_bool	8	neighbour	00269000
00279130	hudElement__Update_void	8	neighbour	00269010
002793A0	hudElement__GetPosition_int__ref__int__ref	20	neighbour	00269270
002793B8	hudElement__SetPosition_int_int	12	neighbour	00269288
002793C8	hudElement__PositionHasChangedInternal_void	116	neighbour	00269298
00279440	hudElement__GetDirName_void	28	neighbour	00269310
002794D0	hudElement__AfterLoad_void	28	neighbour	002693A0
002794F0	hudFlag__hudFlag_void	128	neighbour	002693C0
00279570	hudFlag__dtor_hudFlag_void	156	neighbour	00269440
00279C10	hudFlag__SharedData__TextureData__TextureData_void	28	neighbour	00269B08
00279DF0	hudGear__dtor_hudGear_void	212	neighbour	00269CE0
0027A4A0	hudGear__SetHudColor_mcPackedColor4_const__ref	40	neighbour	0026A338
0027A538	hudGear__SharedData__SharedData_void	148	neighbour	0026A360
0027A648	hudGear__SharedData__TextureData__TextureData_void	28	neighbour	0026A470
0027B528	hudLapCounter__dtor_hudLapCounter_void	204	neighbour	0026A708
0027CA98	hudLapCounter__LapHasChanged_void	28	neighbour	0026B4F0
0027CAB8	hudLapCounter__PositionHasChanged_void	28	neighbour	0026B510
0027CAD8	hudLapCounter__PositionHasChangedInternal_void	100	neighbour	0026B530
0027CBB0	hudLapCounter__AfterLoad_void	44	neighbour	0026B608
0027CD28	hudLapCounter__SharedDataNumberOfViewports__SharedDataNumberOfViewports_void	76	neighbour	0026B7C8
0027CD78	hudLapCounter__SharedDataNumberOfViewports__FileIO_datParser__ref	112	neighbour	0026B818
0027D2F0	hudMap__Display_void	80	neighbour	0026BD10
0027DF88	hudMap__DrawIconTexture_hudMapServer__Element_const__ref__Matrix34_const__ref__rmcTexture__ptr__Vector4_const__ref__float	224	neighbour	0026D178
002813F0	hudMap__GetStreamedTexture_void	8	neighbour	002702B0
00283098	hudMap__DrawSingleCheckPoint_Vector4_const__ref__float_Matrix34_const__ref__Matrix34_const__ref__Vector4_const__ref	252	neighbour	00270DE0
00284D20	hudMap__DoCopsChaseThePlayer_void	36	neighbour	00272868
002860B0	hudMapLocal__dtor_hudMapLocal_void	180	neighbour	002736E8
00287918	hudMapLocal__SharedDataLocalMap__SharedDataLocalMap_void	392	neighbour	00274CA0
00287D88	hudMapLocal__SharedDataLocalMap__TextureData__TextureData_void	36	neighbour	00275110
00287FA8	hudMapGlobal__dtor_hudMapGlobal_void	140	neighbour	00275328
00288038	hudMapGlobal__SetViewportParameters_void	120	neighbour	002753B8
00288B18	hudMapGlobal__ShouldDrawNames_void_const	8	neighbour	00275F58
00288B20	hudMapGlobal__CanDrawName_int_const	8	neighbour	00275F60
00288B28	hudMapGlobal__CanDrawName_char_const__ptr__const	8	neighbour	00275F68
00288B30	hudMapGlobal__SharedDataGlobalMap__SharedDataGlobalMap_void	164	neighbour	00275F70
0028A2B8	_GLOBAL_$I$c__soft_mc3_src_mchud_hudMap_cppbqaaaa	32	neighbour	00276F28
0028A490	hudMapServer__dtor_hudMapServer_void	168	neighbour	00277100
0028A538	hudMapServer__Clear_void	132	neighbour	002771A8
0028A5C0	hudMapServer__AddElement_hudMapServer__Element__ptr__hudMapServer__eDisplayPriorities	160	neighbour	00277230
0028A7C8	hudMapServer__GetElement_char_const__ptr	60	neighbour	00277498
0028A830	hudMapServer__GetElement_hudMapServer__eDisplayPriorities_int_const	32	neighbour	00277500
0028AAF8	hudMapServer__Element__HasMatchingId_char_const__ptr__const	76	neighbour	00277760
0028ABB0	hudMapServer__Element__SetEventCallBack_Base__ptr__void_Base___ptr__Base__ptr__hudMapServer__Element_const__ref__hudMapServer__EventType_void__ptr	36	neighbour	00277818
0028AD00	hudNitro__hudNitro_void	232	neighbour	002778A8
0028ADE8	hudNitro__dtor_hudNitro_void	240	neighbour	00277990
0028B638	hudNitro__SharedDataNumberOfViewports__SharedDataNumberOfViewports_void	64	neighbour	00278178
0028B678	hudNitro__SharedDataNumberOfViewports__FileIO_datParser__ref	80	neighbour	002781B8
0028BC30	hudPowerup__dtor_hudPowerup_void	132	neighbour	002782A8
0028BFB0	hudPowerup__PositionHasChanged_void	28	neighbour	002786C8
0028BFD0	hudPowerup__PositionHasChangedInternal_void	100	neighbour	002786E8
0028C0C8	hudPowerup__AfterLoad_void	44	neighbour	002787E0
0028C0F8	hudPowerup__SharedData__SharedData_void	152	neighbour	00278810
0028C2F0	hudSSTurbo__dtor_hudSSTurbo_void	268	neighbour	002789F8
0028D028	hudSSTurbo__SharedData__TextureData__TextureData_void	44	neighbour	00279678
0028D230	hudSSTurbo__SharedDataNumberOfViewports__SharedDataNumberOfViewports_void	64	neighbour	00279880
0028D270	hudSSTurbo__SharedDataNumberOfViewports__FileIO_datParser__ref	80	neighbour	002798C0
0028D2C0	hudStreamedTextures__hudStreamedTextures_void	8	neighbour	00279910
0028D3F8	hudStreamedTextures__GetAndTouchMap_int	36	neighbour	002799A8
0028D420	hudStreamedTextures__GetAndTouchRaceInfo_int	36	neighbour	002799D0
0028E070	mcHudTimer__mcHudTimer_void	204	neighbour	00279EA8
0028E140	mcHudTimer__dtor_mcHudTimer_void	196	neighbour	00279F78
0028EAC8	mcHudTimer__SharedDataNumberOfViewports__SharedDataNumberOfViewports_void	64	neighbour	0027A988
0028EB08	mcHudTimer__SharedDataNumberOfViewports__FileIO_datParser__ref	80	neighbour	0027A9C8
00291AF8	hudRankDisplay__dtor_hudRankDisplay_void	204	neighbour	0027AAD0
00292888	hudRankDisplay__FileIO_datParser__ref	28	neighbour	0027B838
00292A40	hudRankDisplay__SharedDataNumberOfViewports__FileIO_datParser__ref	112	neighbour	0027BA38
00292BB0	hudRearViewMirror__dtor_hudRearViewMirror_void	320	neighbour	0027BBA0
00293868	hudRearViewMirror__ResetDrawingStates_void	16	neighbour	0027C748
00293D28	hudRearViewMirror__FileIO_datParser__ref	28	neighbour	0027CC00
00293D48	hudRearViewMirror__SharedData__SharedData_void	248	neighbour	0027CC20
00293F98	hudRearViewMirror__SharedData__WidgetsHaveChanged_void	16	neighbour	0027CE70
00293FA8	hudRearViewMirror__SharedData__AfterLoad_void	44	neighbour	0027CE80
00293FD8	hudRearViewMirror__SharedData__TextureData__TextureData_void	36	neighbour	0027CEB0
00294170	hudRearViewMirror__SharedDataNumberOfViewports__SharedDataNumberOfViewports_void	68	neighbour	0027D048
002941B8	hudRearViewMirror__SharedDataNumberOfViewports__WidgetsHaveChanged_void	16	neighbour	0027D090
002941C8	hudRearViewMirror__SharedDataNumberOfViewports__AfterLoad_void	44	neighbour	0027D0A0
002941F8	hudRearViewMirror__SharedDataNumberOfViewports__FileIO_datParser__ref	80	neighbour	0027D0D0
00294280	hudSharedData__dtor_hudSharedData_void	40	neighbour	0027D158
002942A8	hudSharedData__GetDirName_void	28	neighbour	0027D180
00294390	hudSpeedometer__dtor_hudSpeedometer_void	248	neighbour	0027D268
00294488	hudSpeedometer__ForceScaleForGarage_float	16	neighbour	0027D360
00295110	hudSpeedometer__SetHudColor_mcPackedColor4_const__ref	40	neighbour	0027DFB0
00295138	hudSpeedometer__SetUnitMode_bool	8	neighbour	0027DFD8
00295140	hudSpeedometer__FileIO_datParser__ref	28	neighbour	0027DFE0
00295160	hudSpeedometer__SharedData__SharedData_void	204	neighbour	0027E000
00295318	hudSpeedometer__SharedData__TextureData__TextureData_void	56	neighbour	0027E1B8
00296660	hudSplashMgr__Reset_void	320	neighbour	0027F4A0
00296ED8	hudSplashBase__dtor_hudSplashBase_void	156	neighbour	0027FA58
00296F78	hudSplashBase__Init_void	104	neighbour	0027FAF8
00296FE0	hudSplashBase__Update_void_const__ptr	40	neighbour	0027FB60
00297060	hudSplashBase__Reset_void	108	neighbour	0027FBE0
002970D8	hudSplashBase__GetDirName_void	8	neighbour	0027FC58
002970E0	hudSplashBase__TriggerSound_bool	140	neighbour	0027FC60
00297250	hudSplashImage__dtor_hudSplashImage_void	92	neighbour	0027FDD0
00297738	hudSplashTranslatedText__dtor_hudSplashTranslatedText_void	40	neighbour	002802B8
002978C0	hudSplashDynamicText__dtor_hudSplashDynamicText_void	108	neighbour	00280440
00297A28	hudSplashDynamicText__SetText_char_const__ptr	120	neighbour	002805A8
00297AA0	hudSplashDynamicText__SetText_unsigned_wchar_t_const__ptr	28	neighbour	00280620
00297AC0	hudSplashDynamicText__GetQueueData_void	28	neighbour	00280640
00297AE0	hudSplashDynamicText__FreeQueueData_void__ptr	36	neighbour	00280660
00297B08	hudSplashAnim__Init_hudSplashBase__ptr	44	neighbour	00280688
00297B38	hudSplashAnim__Reset_void	8	neighbour	002806B8
00297B40	hudSplashAnim__Update_void	52	neighbour	002806C0
00297C50	hudSplashSimpleZoomInAnim__hudSplashSimpleZoomInAnim_void	136	neighbour	002807D0
00297CD8	hudSplashSimpleZoomInAnim__Reset_void	40	neighbour	00280858
00298920	hudTachometer__hudTachometer_void	172	neighbour	002812A8
002989D0	hudTachometer__dtor_hudTachometer_void	248	neighbour	00281358
00298E50	hudTachometer__SetHudColor_mcPackedColor4_const__ref	40	neighbour	00281758
00299710	hudTachometer__FileIO_datParser__ref	28	neighbour	00282018
00299730	hudTachometer__SharedData__SharedData_void	172	neighbour	00282038
002998C8	hudTachometer__SharedData__TextureData__TextureData_void	56	neighbour	002821D0
00299B40	hudTachometer__SharedDataNumberOfViewports__SharedDataNumberOfViewports_void	64	neighbour	00282448
00299B80	hudTachometer__SharedDataNumberOfViewports__FileIO_datParser__ref	80	neighbour	00282488
00299BD0	hudZoneMeter__hudZoneMeter_void	200	neighbour	002824D8
00299FD0	hudZoneMeter__Reset_void	148	neighbour	002828E8
0029ADF0	hudZoneMeter__SharedData__TextureData__TextureData_void	52	neighbour	002836F8
0029B068	hudZoneMeter__SharedDataNumberOfViewports__SharedDataNumberOfViewports_void	64	neighbour	00283970
0029B0A8	hudZoneMeter__SharedDataNumberOfViewports__FileIO_datParser__ref	80	neighbour	002839B0
0029C2F8	hudArrow__SetHudColor_mcPackedColor4_const__ref	40	neighbour	00283CD8
0029CB40	hudArrow__GetDirName_void	28	neighbour	002844C8
0029CCE8	BorderBase__QuadUvs__QuadUvs_void	116	neighbour	0028CA08
0029CD60	BorderBase__QuadUvs__dtor_QuadUvs_void	200	neighbour	0028CA80
0029CF68	BorderBase__BorderBase_void	24	neighbour	0028CC88
0029CF80	BorderBase__dtor_BorderBase_void	48	neighbour	0028CCA0
0029D010	BorderSide__BorderSide_void	108	neighbour	0028CD30
0029D080	BorderSide__dtor_BorderSide_void	132	neighbour	0028CDA0
0029D110	BorderSide__SetUv_BorderBase__Location_BorderBase__Location_Vector2_const__ref	44	neighbour	0028CE30
0029D140	BorderSide__SetImage_BorderBase__Location_rmcTexture__ptr	288	neighbour	0028CE60
0029D260	BorderSide__SetAltImage_BorderBase__Location_rmcTexture__ptr	284	neighbour	0028CF80
0029D5E0	CurvedBorderData__CurvedBorderData_void	108	neighbour	0028D300
0029D650	CurvedBorderData__dtor_CurvedBorderData_void	132	neighbour	0028D370
0029D6E0	CurvedBorderData__SetUv_CurvedBorderData__QuadLocation_BorderBase__Location_Vector2_const__ref	44	neighbour	0028D400
0029D710	CurvedBorderData__SetImage_CurvedBorderData__QuadLocation_rmcTexture__ptr	288	neighbour	0028D430
0029D830	CurvedBorderData__SetAltImage_CurvedBorderData__QuadLocation_rmcTexture__ptr	284	neighbour	0028D550
0029D950	CurvedBorderData__SaveWithTokenizer_int_datAsciiTokenizer__ref	308	neighbour	0028D670
0029DA88	BackdropItem__BackdropItem_char_const__ptr	208	neighbour	0028D7A8
0029DB58	BackdropItem__dtor_BackdropItem_void	392	neighbour	0028D878
0029DCE0	BackdropItem__Reset_void	508	neighbour	0028DA00
0029F420	BackdropItem__IsSelected_void_const	8	neighbour	0028F178
0029F430	BackdropItem__RenderQuad_Vector2_const__ref__Vector2_const__ref__Vector4_const__ref__Vector2_const__ptr__rmcTexture__ptr	808	neighbour	0028F188
0029F758	BackdropItem__RenderQuad_Vector2_const__ref__Vector2_const__ref__Vector2_const__ref__Vector2_const__ref__Vector4_const__ref__rmcTexture__ptr	820	neighbour	0028F4B0
0029FAA0	BackdropItem__Relationships__Relationships_void	44	neighbour	0028F7F8
0029FAD0	BackdropItem__Relationships__dtor_Relationships_void	92	neighbour	0028F828
0029FB30	BackdropItem__Relationships__Reset_void	92	neighbour	0028F888
0029FB90	BackdropItemText__BackdropItemText_char_const__ptr	92	neighbour	0028F8E8
0029FBF0	BackdropItemText__dtor_BackdropItemText_void	40	neighbour	0028F948
0029FC18	BackdropItemText__Reset_void	84	neighbour	0028F970
0029FC70	BackdropItemText__Draw_Vector2__ref__Vector2__ref__Vector4__ref	788	neighbour	0028F9C8
002A0428	BackdropItemText__SetJustification_BackdropItemText__Justfication	8	neighbour	00290180
002A0430	BackdropItemText__SetTextScale_Vector2_const__ref	24	neighbour	00290188
002A0448	BackdropItemText__SetWrap_bool	8	neighbour	002901A0
002A0450	BackdropItemText__AssignTextPointer_unsigned_wchar_t__ptr__bool	12	neighbour	002901A8
002A0460	BackdropItemText__SetFont_txtFontTex__ptr	8	neighbour	002901B8
002A0468	ImageList__ImageInfo__ImageInfo_void	24	neighbour	002901C0
002A0480	ImageList__ImageInfo__dtor_ImageInfo_void	148	neighbour	002901D8
002A0568	ImageList__ImageList_void	20	neighbour	002902F0
002A0580	ImageList__dtor_ImageList_void	144	neighbour	00290308
002A0610	ImageList__Init_int	136	neighbour	00290398
002A0698	ImageList__Reset_void	124	neighbour	00290420
002A0718	ImageList__AddFilename_char_const__ptr	148	neighbour	002904A0
002A07B0	ImageList__FindImage_char_const__ptr	140	neighbour	00290538
002A08D0	StreamedImageList__StreamedElement__StreamedElement_void	56	neighbour	00290658
002A0908	StreamedImageList__StreamedElement__dtor_StreamedElement_void	224	neighbour	00290690
002A0EE0	StreamedImageList__GetStreamedID_BackdropItem__ptr__const	136	neighbour	00290DE8
002A0F68	StreamedImageList__GetAltStreamedID_BackdropItem__ptr__const	136	neighbour	00290E70
002A0FF0	StreamedImageList__AddElement_char_const__ptr	156	neighbour	00290EF8
002A1090	StreamedImageList__FindElement_char_const__ptr	136	neighbour	00290F98
002A11B8	FontList__FontInfo__FontInfo_void	16	neighbour	002910C0
002A11C8	FontList__FontInfo__dtor_FontInfo_void	100	neighbour	002910D0
002A12B0	FontList__FontList_void	20	neighbour	002911E0
002A12C8	FontList__dtor_FontList_void	144	neighbour	002911F8
002A1358	FontList__Init_int	144	neighbour	00291288
002A13E8	FontList__Reset_void	124	neighbour	00291318
002A1468	FontList__AddFilename_char_const__ptr	148	neighbour	00291398
002A1500	FontList__FindFont_char_const__ptr	140	neighbour	00291430
002A1620	BackDrop__BackDrop_char_const__ptr	120	neighbour	00291550
002A1698	BackDrop__dtor_BackDrop_void	188	neighbour	002915C8
002A1B18	BackDrop__LoadImageList_datAsciiTokenizer__ref	148	neighbour	00291A48
002A4E08	rmc_CallPrePacketizeMaterialCB_int_int	40	neighbour	00293428
002A5130	rmcDrawableBase__rmcDrawableBase_void	36	neighbour	00293750
002A5158	rmcDrawableBase__dtor_rmcDrawableBase_void	152	neighbour	00293778
002A51F0	rmcDrawableBase__Delete_void	40	neighbour	00293810
002A5288	rmcDrawable__Delete_void	128	neighbour	002938A8
002A5EB8	rmcDrawable__LoadSkel_rmcTypeFileCbData__ptr	168	neighbour	002944D8
002A6068	rmcDrawable__IsVisible_Matrix34_const__ref__gfxViewport_const__ref__unsigned_char__ref__float__ptr__const	388	neighbour	00294688
002A64B8	rmcDrawable__Draw_rmcShaderData_const__ptr__Matrix34_const__ref__int_int_atBitSet__ptr__int_const	112	neighbour	00294A60
002A6768	rmcDrawableBase__rmcDrawableBase_datResource__ref	64	neighbour	00294D80
002A6AD0	rmcLightGroup__InitDirectionalFromPoint_void	124	neighbour	002950B0
002A6B50	rmcLod__rmcLod_int_int	32	neighbour	00295130
002A6B70	rmcLod__dtor_rmcLod_void	48	neighbour	00295150
002A6C60	rmcLodStatic__rmcLodStatic_int	104	neighbour	00295240
002A6CC8	rmcLodStatic__dtor_rmcLodStatic_void	160	neighbour	002952A8
002A6D68	rmcLodStatic__SetModel_int_char_const__ptr__int_int	128	neighbour	00295348
002A7668	rmcLodStreamed__IsResident_Place_rmcShaderGroup_const__ref__const	408	neighbour	00295C38
002A7800	rmcLodStreamed__IsPlaced_rmcShaderGroup_const__ref__const	140	neighbour	00295DD0
002A7890	rmcLodGroup__rmcLodGroup_void	108	neighbour	00295E60
002A7900	rmcLodGroup__GetBucketMask_int_const	72	neighbour	00295ED0
002A7948	rmcLodGroup__dtor_rmcLodGroup_void	128	neighbour	00295F18
002A7D28	rmcLodGroup__Touch_rmcShaderGroup_const__ref__float_const	228	neighbour	002962F8
002A7E10	rmcLodGroup__GetBestResidentLOD_int_rmcShaderGroup_const__ref__const	312	neighbour	002963E0
002A85E8	rmcLodGroup__UnPlace_rmcLodGroup__ref	92	neighbour	00296BD8
002A8648	rmcModelFactory__rmcModelFactory_void	60	neighbour	00296C38
002A8688	rmcModelFactory__dtor_rmcModelFactory_void	68	neighbour	00296C78
002A86D0	rmcModelFactory__CreateStandardModelFactory_bool	68	neighbour	00296CC0
002A8718	rmcModelFactory__Create_char_const__ptr__int	32	neighbour	00296D08
002A8738	rmcModel__rmcModel_unsigned_char	80	neighbour	00296D28
002A8788	rmcModelGeom__rmcModelGeom_void	64	neighbour	00296D78
002A87C8	rmcModel__Delete_void	124	neighbour	00296DB8
002A8848	rmcModel__UnPlace_rmcModel__ref	8	neighbour	00296E38
002A8850	rmcModel__dtor_rmcModel_void	84	neighbour	00296E40
002A88A8	rmcModelGeom__dtor_rmcModelGeom_void	216	neighbour	00296E98
002A8980	rmcModel__CheckShadersAreResident_rmcShaderGroup_const__ref	152	neighbour	00296F70
002A8A18	rmcModel__FixupShaders_rmcShaderGroup_const__ref__const	216	neighbour	00297008
002A8AF0	rmcModel__TouchShaders_rmcShaderGroup_const__ref__float_const	160	neighbour	002970E0
002A8B90	rmcCreateModel_AABoxGrow_Vector3__ref	196	neighbour	00297180
002A8C58	rmcCreateModelResetAABox_void	68	neighbour	00297248
002A93C8	rmcModelCpv__dtor_rmcModelCpv_void	144	neighbour	002979D0
002A9458	rmcModelCpv__Init_mshMesh_const__ref__Stream__ptr	1068	neighbour	00297A60
002A9888	rmcModelGeom__Draw_int_const	40	neighbour	00297E90
002A98B0	rmcModelGeom__DrawCpv_int_int_const	60	neighbour	00297EB8
002A98F0	rmcModelGeom__DrawSkinned_int_Matrix34_const__ptr__int_const	40	neighbour	00297EF8
002A9BC0	rmcModel__DrawSkinned_rmcShaderGroup_const__ref__rmcShaderData_const__ptr__Matrix34_const__ptr__int_int_int_const	260	neighbour	00298180
002A9CC8	rmcModel__rmcModel_datResource__ref	80	neighbour	00298288
002A9D18	rmcModelGeom__rmcModelGeom_datResource__ref	228	neighbour	002982D8
002A9E00	rmcModelGeom__Place_datResource__ref	28	neighbour	002983C0
002A9E20	rmcModel__Place_datResource__ref	28	neighbour	002983E0
002A9E40	rmcModelCpv__rmcModelCpv_datResource__ref__int	136	neighbour	00298400
002A9EC8	rmcModelFactory__ResourcePageIn_datResource__ref__rmcModel__ptr__ref	44	neighbour	00298488
002A9F50	_GLOBAL_$I$c__soft_age_src_rmcore_model_cJFaaaa	32	neighbour	00298518
002A9F70	normalized_rgba_Vector4_const__ref	268	neighbour	00298538
002AA080	rmcConfigureVuAddrBase_bool	92	neighbour	00298648
002AA0E0	rmcGeometry__dtor_rmcGeometry_void	152	neighbour	002986A8
002AA178	rmcGeometry__ComputeFVF_mshMesh_const__ref__rmcFvf__ptr__rmcFvf_const__ptr__int	292	neighbour	00298740
002AA2A0	rmcGeometry__Init_mshMesh_const__ref__int_bool_int	904	neighbour	00298868
002AA628	rmcGeometryCpv__rmcGeometryCpv_void	16	neighbour	00298BF0
002AA638	rmcGeometryCpv__rmcGeometryCpv_datResource__ref	136	neighbour	00298C00
002AA6C0	rmcGeometryCpv__dtor_rmcGeometryCpv_void	184	neighbour	00298C88
002AA778	rmcGeometryCpv__Init_mshMesh_const__ref__int_mshArray_unsigned_char_64_const__ref	616	neighbour	00298D40
002AA9E0	rmcGeometryCpv__Init_mshMesh_const__ref__int_mshArray_Vector4_64_const__ref	660	neighbour	00298FA8
002AAC78	PackData_unsigned_int__ptr__short_const__ptr__int_int_int_int__ref	1172	neighbour	00299240
002AB110	rmcGeometry__Packet__Init_mshMesh_const__ref__mshMaterial_const__ref__int_int_rmcFvf_const__ref__int_int	6236	neighbour	002996D8
002AC970	rmcGeometry__Draw_rmcModel_const__ref__const	236	neighbour	0029AF38
002ACA60	rmcGeometry__DrawCpv_rmcModel_const__ref__rmcGeometryCpv_const__ref__const	780	neighbour	0029B028
002ACD70	rmcGeometry__DrawSkinned_rmcModel_const__ref__Matrix34_const__ptr__int_const	236	neighbour	0029B338
002ACE68	rmcCpvPalette__Lookup_Vector4_const__ref__const	300	neighbour	0029B430
002AD148	rmcGeometry__rmcGeometry_datResource__ref	100	neighbour	0029B710
002ADC78	rmcState__UpdateLightMatrices_Matrix34_const__ref	1280	neighbour	0029C1A0
002AE178	rmcState__DoSetTextureMatrix_int_Matrix44_const__ptr	164	neighbour	0029C6A0
002AE348	rmcState__DefaultSetLightingGroup_rmcLightGroup_const__ref	512	neighbour	0029C748
002AE980	matchToken_datTokenizer__ref__char_const__ptr__int__varargs__0029CD80	208	neighbour	0029CD80
002AEA70	rmcShader__dtor_rmcShader_void	40	neighbour	0029CE70
002AEA98	rmcShader__SetTemplatePath_char_const__ptr	36	neighbour	0029CE98
002AEAC0	rmcShader__AddMicrocode_char_const__ptr__unsigned_int_const__ptr	56	neighbour	0029CEC0
002AEB00	rmcShader__GetOperand_char_const__ptr__rmcShaderGroup_const__ref	208	neighbour	0029CF00
002AF7B8	rmcShaderFactory__rmcShaderFactory_void	36	neighbour	0029D800
002AF7E0	rmcShaderFactory__dtor_rmcShaderFactory_void	84	neighbour	0029D828
002AF8C8	rmcShaderFactoryStandard__CreateGroup_int	116	neighbour	0029D910
002AF940	rmcShaderFactory__CreateStandardShaderFactory_bool	88	neighbour	0029D988
002AF998	rmcShader__rmcShader_datResource__ref	20	neighbour	0029D9E0
002AF9B0	rmcShader__Place_datResource__ref	52	neighbour	0029D9F8
002AF9E8	rmcShaderFactoryStandard__ResourcePageIn_datResource__ref__rmcShader__ptr__ptr__int	232	neighbour	0029DA30
002AFAD0	rmcShaderFactoryStandard__ResourcePageIn_datResource__ref__rmcShaderGroup__ptr	28	neighbour	0029DB18
002AFB30	rmcShaderBasic__dtor_rmcShaderBasic_void	112	neighbour	0029DB78
002AFBA0	rmcShaderBasic__SetRemapInfo_void	40	neighbour	0029DBE8
002AFBC8	rmcShaderBasic__Touch_float_const	52	neighbour	0029DC10
002AFC00	rmcShaderBasic__IsResident_Place_void_const	52	neighbour	0029DC48
002AFC38	rmcShaderBasic__UnPlace_void	48	neighbour	0029DC80
002AFC68	rmcShaderBasic__Load_char_const__ptr__char_const__ptr_const__ptr__int_rmcShaderGroup__ref	88	neighbour	0029DCB0
002AFCC0	rmcShaderBasic__GetName_void_const	12	neighbour	0029DD08
002AFCD0	rmcShaderBasic__GetNumPasses_void_const	8	neighbour	0029DD18
002AFCD8	rmcShaderBasic__Draw_rmcModel_const__ref__rmcShaderData_const__ptr__int_int_const	104	neighbour	0029DD20
002AFD40	rmcShaderBasic__DrawCpv_rmcModel_const__ref__rmcShaderData_const__ptr__int_int_int_const	120	neighbour	0029DD88
002AFDB8	rmcShaderBasic__DrawSkinned_rmcModel_const__ref__rmcShaderData_const__ptr__int_Matrix34_const__ptr__int_int_const	136	neighbour	0029DE00
002AFE40	rmcShaderBasic__Bind_rmcShaderData_const__ptr__rmcShaderData_const__ptr__int_const	220	neighbour	0029DE88
002AFF20	rmcShaderBasic__rmcShaderBasic_datResource__ref	100	neighbour	0029DF68
002AFFD0	rmcShaderComplex__dtor_rmcShaderComplex_void	92	neighbour	0029E018
002B0030	matchToken_datTokenizer__ref__char_const__ptr__int__varargs__0029E078	208	neighbour	0029E078
002B0100	getBool_datTokenizer__ref__0029E148	80	neighbour	0029E148
002B0208	rmcShaderComplex__Touch_float_const	140	neighbour	0029E250
002B0298	rmcShaderComplex__IsResident_Place_void_const	124	neighbour	0029E2E0
002B0318	rmcShaderComplex__SetRemapInfo_void	112	neighbour	0029E360
002B0500	AddState_datTokenizer__ref__rmcStateType_unsigned_int	292	neighbour	0029E548
002B0628	FinishPass_unsigned_char__ptr__ref	144	neighbour	0029E670
002B1A40	rmcShaderComplex__GetName_void_const	8	neighbour	0029F9B8
002B1B80	rmcShaderComplex__Pass__dtor_Pass_void	112	neighbour	0029FB30
002B1BF0	rmcShaderComplex__Pass__Stage__Bind_int_rmcShaderData_const__ptr__rmcShaderData_const__ptr__const	924	neighbour	0029FBA0
002B1F90	rmcShaderComplex__Pass__Bind_rmcShaderData_const__ptr__rmcShaderData_const__ptr__const	472	neighbour	0029FF40
002B2168	rmcShaderComplex__Bind_rmcShaderData_const__ptr__rmcShaderData_const__ptr__int_const	64	neighbour	002A0118
002B21A8	rmcShaderComplex__Draw_rmcModel_const__ref__rmcShaderData_const__ptr__int_int_const	704	neighbour	002A0158
002B2468	rmcShaderComplex__DrawCpv_rmcModel_const__ref__rmcShaderData_const__ptr__int_int_int_const	720	neighbour	002A0418
002B2738	rmcShaderComplex__DrawSkinned_rmcModel_const__ref__rmcShaderData_const__ptr__int_Matrix34_const__ptr__int_int_const	720	neighbour	002A06E8
002B2A08	rmcShaderComplex__rmcShaderComplex_datResource__ref	80	neighbour	002A09B8
002B2A58	rmcShaderComplex__Pass__Pass_datResource__ref	112	neighbour	002A0A08
002B2AC8	rmcShaderComplex__Pass__Stage__Stage_datResource__ref	180	neighbour	002A0A78
002B2D40	_GLOBAL_$I$c__soft_age_src_rmcore_shadercomplex_c8Daaaa	32	neighbour	002A0CE0
002B2D60	rmcShaderGroup__rmcShaderGroup_void	40	neighbour	002A0D00
002B2D88	rmcShaderGroup__dtor_rmcShaderGroup_void	244	neighbour	002A0D28
002B2E88	rmcShaderGroup__Add_rmcShader__ptr	932	neighbour	002A0E28
002B33D0	rmcShaderGroup__InitCount_int	368	neighbour	002A1370
002B3540	rmcShaderGroup__InitLocals_rmcShaderData__ptr	52	neighbour	002A14E0
002B3578	rmcShaderGroup__GetLocalCount_void_const	52	neighbour	002A1518
002B35B8	rmcShaderGroup__AllocateLocals_void	72	neighbour	002A1558
002B3600	rmcShaderGroup__rmcShaderGroup_datResource__ref	176	neighbour	002A15A0
002B36B8	rmcShaderGroup__UnPlace_rmcShaderGroup__ref	116	neighbour	002A1658
002B3768	rmcShaderInstance__dtor_rmcShaderInstance_void	220	neighbour	002A1708
002B3848	rmcShaderInstance__Touch_float_const	184	neighbour	002A17E8
002B3900	rmcShaderInstance__SetRemapInfo_void	8	neighbour	002A18A0
002B3B30	rmcShaderInstance__Bind_rmcShaderData_const__ptr__rmcShaderData_const__ptr__int_const	76	neighbour	002A1AD0
002B3B80	rmcShaderInstance__Draw_rmcModel_const__ref__rmcShaderData_const__ptr__int_int_const	696	neighbour	002A1B20
002B3E38	rmcShaderInstance__DrawCpv_rmcModel_const__ref__rmcShaderData_const__ptr__int_int_int_const	704	neighbour	002A1DD8
002B40F8	rmcShaderInstance__DrawSkinned_rmcModel_const__ref__rmcShaderData_const__ptr__int_Matrix34_const__ptr__int_int_const	712	neighbour	002A2098
002B4530	rmcShaderTemplate__Bind_int_rmcShaderInstanceParam_const__ptr__unsigned_int_rmcShaderData_const__ptr__rmcShaderData_const__ptr__const	1384	neighbour	002A24D0
002B4A98	matchToken_datTokenizer__ref__char_const__ptr__int__varargs__002A2A38	208	neighbour	002A2A38
002B4B68	getBool_datTokenizer__ref__002A2B08	80	neighbour	002A2B08
002B4BB8	rmcShaderTemplate__AddState_datTokenizer__ref__unsigned_char_float	104	neighbour	002A2B58
002B4C20	rmcShaderTemplate__Add_u8_State_datTokenizer__ref__unsigned_char	148	neighbour	002A2BC0
002B5B58	rmcShaderInstance__rmcShaderInstance_datResource__ref	200	neighbour	002A3AF8
002B5C20	rmcShaderInstance__UnPlace_void	152	neighbour	002A3BC0
002B5CE0	rmcTextureFactory__rmcTextureFactory_void	20	neighbour	002A3C80
002B5CF8	rmcTextureFactory__dtor_rmcTextureFactory_void	68	neighbour	002A3C98
002B5E70	rmcTextureFactory__LookupDictionaryReference_int_int	40	neighbour	002A3E10
002B5E98	rmcTextureFactory__GetLastMountedDictionary_void_const	12	neighbour	002A3E38
002B5EA8	rmcTextureFactory__GetTextureDictionaryIndex_int_char_const__ptr__const	184	neighbour	002A3E48
002B5F60	rmcTextureFactory__LookupParameters_char_const__ptr	160	neighbour	002A3F00
002B6458	rmcTextureFactory__ResetParameters_void	200	neighbour	002A43F8
002B6520	rmcTextureFactory__SetGlobalMipAdjust_float	56	neighbour	002A44C0
002B6558	rmcTextureFactory__GetTextureLod_float	80	neighbour	002A44F8
002B65A8	rmcTexture__UnPlace_void	8	neighbour	002A4548
002B65B0	rmcTexture__dtor_rmcTexture_void	40	neighbour	002A4550
002B65D8	rmcRenderTarget__dtor_rmcRenderTarget_void	40	neighbour	002A4578
002B6600	rmcTextureReference__Touch_float_const	56	neighbour	002A45A0
002B6638	rmcTextureReference__LockRect_int_rmcTextureLock__ref__const	52	neighbour	002A45D8
002B6670	rmcTextureReference__UnlockRect_rmcTextureLock_const__ref__const	48	neighbour	002A4610
002B66A8	rmcTextureFactory__GetCurrentCache_void	12	neighbour	002A4648
002B66B8	rmcTextureReference__GetTexturePtr_void_const	56	neighbour	002A4658
002B6740	rmcTextureFactory__LookupTextureReference_char_const__ptr__bool__ref	148	neighbour	002A46E0
002B68C0	rmcTextureFactory__DeleteTextureReference_char_const__ptr	64	neighbour	002A4860
002B69A0	rmcTextureReference__rmcTextureReference_char_const__ptr__rmcTexture__ptr__unsigned_char	104	neighbour	002A4940
002B6A08	rmcTextureReference__IsPlaced_void_const	52	neighbour	002A49A8
002B6A40	rmcDictionaryReference__rmcDictionaryReference_char_const__ptr__rmcTexture__ptr	112	neighbour	002A49E0
002B6AB0	rmcTextureReference__dtor_rmcTextureReference_void	132	neighbour	002A4A50
002B6B38	rmcTextureReference__GetName_void_const	8	neighbour	002A4AD8
002B6B40	rmcTextureReference__Bind_int_const	76	neighbour	002A4AE0
002B6B90	rmcTextureReference__GetMipMapCount_void_const	52	neighbour	002A4B30
002B6BC8	rmcTextureReference__GetWidth_void_const	52	neighbour	002A4B68
002B6C00	rmcTextureReference__GetHeight_void_const	52	neighbour	002A4BA0
002B6C38	rmcTextureReference__SetClamp_bool_bool	48	neighbour	002A4BD8
002B6C68	rmcTextureReference__GetClamp_bool__ref__bool__ref__const	48	neighbour	002A4C08
002B6C98	rmcTextureReference__Download_void_const	48	neighbour	002A4C38
002B6CC8	rmcTextureReference__GetDownloadSize_void_const	52	neighbour	002A4C68
002B6D00	rmcTexture__GetReference_void	8	neighbour	002A4CA0
002B6D08	rmcTextureReference__SetFilter_rmcTextureFilter	48	neighbour	002A4CA8
002B6D38	rmcTextureReference__GetFilter_void_const	52	neighbour	002A4CD8
002B6D70	rmcTextureReference__SetMipmapBias_float_int	48	neighbour	002A4D10
002B6DA0	rmcTextureReference__GetMipmapBias_float__ref__int__ref__const	48	neighbour	002A4D40
002B6DD0	rmcTextureReference__GetReference_void	52	neighbour	002A4D70
002B6E10	rmcTextureReference__rmcTextureReference_datResource__ref	180	neighbour	002A4DB0
002B6EC8	rmcDictionaryReference__rmcDictionaryReference_datResource__ref	92	neighbour	002A4E68
002B6F28	__static_initialization_and_destruction_0__002A4EC8	240	neighbour	002A4EC8
002B7018	_GLOBAL_$I$c__soft_age_src_rmcore_texture_cLxaaaa	32	neighbour	002A4FB8
002B7C58	rmcTexturePS2__dtor_rmcTexturePS2_void	196	neighbour	002A5B88
002B9D18	rmcTextureFactoryPS2__CreateRenderTarget_char_const__ptr__rmcRenderTargetType_int_int_int_bool	116	neighbour	002A7B60
002BA160	rmcTextureFactory__CreatePagedTextureFactory_bool	68	neighbour	002A7FA8
002BA1A8	rmcTextureProxyPS2__dtor_rmcTextureProxyPS2_void	140	neighbour	002A7FF0
002BA6B0	rmcTextureProxyPS2__rmcTextureProxyPS2_datResource__ref	104	neighbour	002A84D0
002BA718	rmcTextureFactoryPS2__ResourcePageIn_datResource__ref__rmcTexture__ptr__ptr__int	280	neighbour	002A8538
002BA830	rmcTexturePS2__rmcTexturePS2_datResource__ref	196	neighbour	002A8650
002BA8F8	__static_initialization_and_destruction_0__002A8718	8	neighbour	002A8718
002BA900	_GLOBAL_$I$c__soft_age_src_rmcore_textureps2_ckJaaaa	32	neighbour	002A8720
002BA920	rmcTypeFileParser__rmcTypeFileParser_void	188	neighbour	002A8740
002BA9E0	rmcTypeFileParser__dtor_rmcTypeFileParser_void	88	neighbour	002A8800
002BAA38	rmcTypeFileParser__RegisterLoader_char_const__ptr__char_const__ptr__datCallback_bool	364	neighbour	002A8858
002BABA8	rmcTypeFileParser__ProcessTypeFile_datTokenizer__ref	768	neighbour	002A89C8
002BAEA8	rmcTypeFileParser__Reset_void	60	neighbour	002A8CC8
002BAEE8	rmcFvf__rmcFvf_void	60	neighbour	002A8D08
002BAF28	rmcFvf__SetPosChannel_bool_rmcFvf__rmcDataSize_bool	148	neighbour	002A8D48
002BAFC0	rmcFvf__SetBlendWeightChannel_bool_rmcFvf__rmcDataSize	104	neighbour	002A8DE0
002BB028	rmcFvf__SetBindingsChannel_bool_rmcFvf__rmcDataSize	104	neighbour	002A8E48
002BB090	rmcFvf__SetNormalChannel_bool_rmcFvf__rmcDataSize	104	neighbour	002A8EB0
002BB0F8	rmcFvf__SetDiffuseChannel_bool_rmcFvf__rmcDataSize	104	neighbour	002A8F18
002BB160	rmcFvf__SetTextureChannel_int_bool_rmcFvf__rmcDataSize	148	neighbour	002A8F80
002BB1F8	rmcFvf__DisableSetChannels_rmcFvf_const__ref	132	neighbour	002A9018
002BB280	rmcFvf__SetChannelDataSize_rmcFvf__rmcFvfChannels_rmcFvf__rmcDataSize	128	neighbour	002A90A0
002BB300	rmcFvf__RecomputeTotalSize_void	188	neighbour	002A9120
002BB680	rmTokenizer__GetInt_void	200	neighbour	002A94A0
002BB748	rmTokenizer__GetFloat_void	208	neighbour	002A9568
002BBAB8	txtFontTexGlyph__Load_Stream__ptr	156	neighbour	002A98D8
002BDC60	txtFontTex__PrintFontRefs_void	60	neighbour	002ABA80
002BDCA8	__static_initialization_and_destruction_0__002ABAC0	64	neighbour	002ABAC0
002BDCE8	_GLOBAL_$I$c__soft_age_src_text_fonttex_cTMaaaa	32	neighbour	002ABB00
002BDD90	txtHashTable__DeleteEntriesAndData_void	208	neighbour	002ABB20
002BDE60	txtStringData__txtStringData_void	52	neighbour	002ABBF0
002BE838	__static_initialization_and_destruction_0__002AC4F0	48	neighbour	002AC4F0
002BE868	_GLOBAL_$I$c__soft_age_src_text_stringtable_cwyaaaa	32	neighbour	002AC520
002BE9E8	txtDrawBuffer__txtDrawBuffer_void	16	neighbour	002AC6A8
002BE9F8	txtDrawBuffer__dtor_txtDrawBuffer_void	156	neighbour	002AC6B8
002BEA98	txtDrawBuffer__Add_gfxSimpleTex__ptr__short__ptr__unsigned_char__ptr__int	272	neighbour	002AC758
002BECA0	txtHashEntry__txtHashEntry_unsigned_int_txtStringData__ptr__txtHashEntry__ptr	20	neighbour	002AC960
002BECB8	txtHashTable__txtHashTable_int	112	neighbour	002AC978
002BED28	txtHashTable__dtor_txtHashTable_void	188	neighbour	002AC9E8
002BEDE8	txtHashTable__DeleteEntries_void	180	neighbour	002ACAA8
002BEFB8	txtHashTable__Access_unsigned_int	88	neighbour	002ACC60
002BF010	txtHashTable__ComputePrime_int	100	neighbour	002ACCB8
002BF6E8	mcForceField__Update_void	112	neighbour	002AD380
002BF8F0	mcForceFieldManager__ShutdownInstance_void	64	neighbour	002AD588
002BF940	mcForceFieldManager__Update_void	112	neighbour	002AD5D8
002BFA00	mcForceFieldManager__GetForceField_void	64	neighbour	002AD698
002BFCE8	mcForceField__SetPosition_Vector3__ref	328	neighbour	002AD948
002BFE88	mcLevelSimple__dtor_mcLevelSimple_void	180	neighbour	002ADAE8
002BFF40	mcLevelSimple__SetMaterialRain_float_int_phSurface__ptr	328	neighbour	002ADBA0
002C0088	mcLevelSimple__SetConditionRain_float	664	neighbour	002ADCE8
002C0BC0	mcLevelSimple__RestoreMaterials_void	800	neighbour	002AE820
002C25A8	mcPhysics__Delete_void	108	neighbour	002B0210
002C2800	mcPhysics__dtor_mcPhysics_void	220	neighbour	002B0460
002C28F0	mcPhysics__AddBoundToLevel_void	32	neighbour	002B0550
002C2910	mcPhysics__SetupStaticDataPreFixup_Vector3_const__ref__Vector3_const__ref__int_int_int_int	100	neighbour	002B0570
002C29F8	__static_initialization_and_destruction_0__002B0658	8	neighbour	002B0658
002C2A00	_GLOBAL_$I$c__soft_mc3_src_mcphysics_physics_cppapaaaa	32	neighbour	002B0660
002C2AB8	mcLevelBounds__dtor_mcLevelBounds_void	236	neighbour	002B0718
002C2BB0	mcLevelBounds__AddToLevel_phLevelSimple__ptr	180	neighbour	002B0810
002C31F0	mcCar__IsCop_void_const	52	neighbour	002B0E48
002C3240	mcCar__ScaleSuspension_mcCarCustom_const__ptr	328	neighbour	002B0E98
002C5358	mcCar__Impact_phImpactBase__ptr__phInst__ptr	376	neighbour	002B2980
002C5550	mcCar__LerpSimTune_float_mcCarSimTune_const__ptr__mcCarSimTune_const__ptr	28	neighbour	002B2B78
002C5570	mcCar__LerpGyroTune_float_mcGyroTune_const__ptr__mcGyroTune_const__ptr	28	neighbour	002B2B98
002C55E8	DamageVertexZone_int_float	8	neighbour	002B2BB8
002C6598	mcCarCustom__dtor_mcCarCustom_void	224	neighbour	002B3A30
002C6678	mcCarCustom__GetChromeColor_void	8	neighbour	002B3B10
002C6680	mcCarCustom__GetRimChromeColor_void	8	neighbour	002B3B18
002C6688	mcCarCustom__GetExhaustChromeColor_void	8	neighbour	002B3B20
002C6690	mcCarCustom__GetRimInsertColor_void	8	neighbour	002B3B28
002C6698	mcCarCustom__GetNitrousColor_void	8	neighbour	002B3B30
002C66A0	mcCarCustom__GetCaliperColor_void	8	neighbour	002B3B38
002C66A8	mcCarCustom__GetDecalColor_void	28	neighbour	002B3B40
002C7588	mcCarCustom__EraseWindowDamage_void	52	neighbour	002B4A90
002C75C0	mcCarCustom__EraseDecalDamage_void	140	neighbour	002B4AC8
002C7650	mcCarCustom__WindowDamageGroup_int	28	neighbour	002B4B58
002C7698	mcCarCustom__GlassBreakTest_void	220	neighbour	002B4BA0
002C7780	mcCarCustom__GetVertexZoneDamage_int	60	neighbour	002B4C88
002C7868	mcCarCustom__FullDamageTest_void	220	neighbour	002B4D70
002C7948	mcCarCustom__ApplyWindowDamageGroup_void	96	neighbour	002B4E50
002C8CC0	mcCarCustom__CopyInWindowDamage_void	32	neighbour	002B5488
002C8CE0	mcCarCustom__CopyInPaintData_void	280	neighbour	002B54A8
002C8DF8	mcCarCustom__ChangePaintJob_void	12	neighbour	002B55C0
002CA718	mcCarCustom__ChangeDecalPalette_void	12	neighbour	002B6E00
002CA758	mcCarCustom__GetCurrRimScale_int_const	36	neighbour	002B6E40
002CA780	mcCarCustom__GetDefaultTireDiameter_int_const	72	neighbour	002B6E68
002CA7C8	mcCarCustom__FindTexByName_char_const__ptr__char__ptr__ptr__int	120	neighbour	002B6EB0
002CAC70	mcCarCustom__BuildResource_bool	8	neighbour	002B74F8
002CB080	ArePageRequestsFinished_datPageList_const__ptr	76	neighbour	002B7840
002CB400	mcCarCustom__AddNamesToPartDatabase_void	468	neighbour	002B7BE8
002CB6E8	mcVinylColorPreset__GetDirName_void	12	neighbour	002B7EB0
002CB938	mcPaintMtlLib__dtor_mcPaintMtlLib_void	68	neighbour	002B7F68
002CB980	mcPaintMtlLib__KillData_void	208	neighbour	002B7FB0
002CBA60	mcPaintMtlLib__GetPaintJob_mcCarPaintJob__eCarPaintTypes_int_const	28	neighbour	002B8090
002CBA88	mcCarPaintJob__mcCarPaintJob_void	588	neighbour	002B80B8
002CBCD8	mcCarPaintJob__dtor_mcCarPaintJob_void	84	neighbour	002B8308
002CBD30	mcCarPaintJob__operator_assign_mcCarPaintJob_const__ref	304	neighbour	002B8360
002CC058	mcCarPaintJob__FlagAsChanged_void	12	neighbour	002B8688
002CC068	mcCarPaintJob__SetupMetallicGradient_Vector3_const__ref__Vector3_const__ref__float_int	324	neighbour	002B8698
002CC1B0	mcCarPaintJob__SetupPearlGradient_Vector3_const__ref__Vector3_const__ref__int	172	neighbour	002B87E0
002CC260	mcCarPaintJob__SetupGlossGradient_Vector3_const__ref__int	144	neighbour	002B8890
002CC2F0	mcCarPaintJob__GetGradientData_int__ref	308	neighbour	002B8920
002CC428	mcCarCustom__DeletePaintMtlLib_void	8	neighbour	002B8A58
002CC430	mcCarCustom__GetChromeColorLib_void	16	neighbour	002B8A60
002CC440	mcCarCustom__GetOpaqueColorLib_void	16	neighbour	002B8A70
002CC450	mcCarCustom__GetCaliperColorLib_void	16	neighbour	002B8A80
002CC460	mcCarCustom__GetWheelInsertColorLib_void	16	neighbour	002B8A90
002CC470	mcCarCustom__GetWindowColorLib_void	16	neighbour	002B8AA0
002CC480	mcCarCustom__GetNeonColorLib_void	16	neighbour	002B8AB0
002CD030	_GLOBAL_$I$c__soft_mc3_src_mccar_carCustom_cppPLaaaa	32	neighbour	002B9580
002CD1F0	mcCarMetallicPaint__UnloadStaticData_void	144	neighbour	002B9740
002CD310	mcCarMetallicPaint__FindCurrentGradientPos_int_gradientPos__ptr__int	76	neighbour	002B9860
002CD3B0	mcCarMetallicPaint__SetupImage_rmcTexture__ptr	464	neighbour	002B9900
002CED28	mcCarAirRide__mcCarAirRide_void	40	neighbour	002BB270
002CED50	mcCarAirRide__dtor_mcCarAirRide_void	40	neighbour	002BB298
002CED78	mcCarAirRide__Reset_void	56	neighbour	002BB2C0
002CEDB0	mcCarAirRide__Init_mcCar__ptr__mcCarAirRideTune_const__ptr	12	neighbour	002BB2F8
002CEDC8	mcCarAirRide__ComputeConstants_void	8	neighbour	002BB310
002CF2D0	mcCarAirRide__Deactivate_void	44	neighbour	002BB730
002CF4D8	mcCarAirRideTune__Lerp_float_mcCarAirRideTune_const__ptr__mcCarAirRideTune_const__ptr	148	neighbour	002BB960
002CF578	mcCarAirRideTune__mcCarAirRideTune_datResource__ref	8	neighbour	002BBA00
002D2A70	mcCarDamage__dtor_mcCarDamage_void	40	neighbour	002BEC80
002D2AA0	mcCarDamage__Init_mcCar__ptr__mcCarDamageTune_const__ptr	20	neighbour	002BECB0
002D2AB8	mcCarDamage__Reset_void	112	neighbour	002BECC8
002D2B28	mcCarDamage__ClearDamage_void	112	neighbour	002BED38
002D2B98	mcCarDamage__AddDamage_float	384	neighbour	002BEDA8
002D8BC0	mcGyroTune__mcGyroTune_datResource__ref	52	neighbour	002C45C8
002D8BF8	mcCarHydraulics__mcCarHydraulics_void	40	neighbour	002C4600
002D8C20	mcCarHydraulics__dtor_mcCarHydraulics_void	40	neighbour	002C4628
002DA500	mcCarNitro__Init_int_mcCar__ptr__mcCarNitroTune_const__ptr	16	neighbour	002F2AB0
002DA510	mcCarNitro__ComputeConstants_void	8	neighbour	002F2AC0
002DC030	mcCarSim__dtor_mcCarSim_void	176	neighbour	002C6DF0
002DC528	mcCarSim__MakeAero_char_const__ptr	92	neighbour	002C7278
002DC588	mcCarSim__MakeFluid_char_const__ptr	124	neighbour	002C72D8
002DCE10	mcCarSim__MakeAirride_char_const__ptr	100	neighbour	002C7B60
002DCE78	mcCarSim__MakeHydraulics_char_const__ptr	100	neighbour	002C7BC8
002DCEE8	mcCarSim__SetTune_mcCarSimTune_const__ptr	8	neighbour	002C7C38
002DCEF8	mcCarSim__ComputeConstants_void	116	neighbour	002C7C48
002DCF70	mcCarSim__Impact_phImpactBase__ptr__phInst__ptr	180	neighbour	002C7CC0
002DDBE8	mcCarSim__SetCenterOfMass_Vector3_const__ref	32	neighbour	002C8850
002DDC08	mcCarSim__TestProbe_void	28	neighbour	002C8870
002DF9A8	mcCarSim__SetCarFrictionHandling_float	68	neighbour	002CA1D0
002DFFA8	mcCarSimTune__dtor_mcCarSimTune_void	128	neighbour	002CA720
002E0028	mcCarSimTune__Allocate_void	540	neighbour	002CA7A0
002E1FE8	mcCarType__dtor_mcCarType_void	544	neighbour	002CC518
002E22B8	mcCarType__DeleteNamesFromPartDatabase_void	28	neighbour	002CC7F0
002E22E0	mcCarType__AssignLerp_mcCar__ptr__float	112	neighbour	002CC818
002E3C58	mcCarType__ApplyMods_mcCar__ptr	808	neighbour	002CE100
002E53A8	mcCharacter__UnloadStaticData_void	140	neighbour	002CF638
002E5BE0	mcCharacter__GetAnimation_int_const	20	neighbour	002CFD30
002E90F8	mcCharacter__MirrorSteerAnim_crAnimFrame__ptr__int_int	164	neighbour	002D2C00
002E91A0	mcCharacter__MirrorOverlayAnim_crAnimFrame__ptr	96	neighbour	002D2CA8
002EB160	mcCharacter__GetSteerValue_void_const	136	neighbour	002D44F8
002EB1E8	mcCharacterInst__mcCharacterInst_void	56	neighbour	002D4580
002EB220	mcCharacterInst__dtor_mcCharacterInst_void	40	neighbour	002D45B8
002EB248	mcCharacterInst__PreImpact_phImpactBase__ptr__phInst__ptr	40	neighbour	002D45E0
002EB270	mcCharacterData__dtor_mcCharacterData_void	228	neighbour	002D4608
002EBF38	mccarEngineSound__GetEngineWarbleType_void	220	neighbour	002D53A8
002EC018	mccarEngineSound__SetRPM_float	316	neighbour	002D5488
002EC158	mccarEngineSound__SetShiftMode_int_float	36	neighbour	002D55C8
002EC180	mccarEngineSound__GetCurveVolume_float	28	neighbour	002D55F0
002EC1A0	mccarEngineSoundData__mccarEngineSoundData_void	260	neighbour	002D5610
002EC2A8	mccarEngineSoundData__dtor_mccarEngineSoundData_void	204	neighbour	002D5718
002EC620	mccarEngineSoundData__AfterLoad_void	140	neighbour	002D5A90
002EC6B0	mccarEngineSoundData__mccarEngineSoundData_datResource__ref	224	neighbour	002D5B20
002EC790	mccarGearSound__mccarGearSound_void	96	neighbour	002D5C00
002EC7F0	mccarGearSound__dtor_mccarGearSound_void	92	neighbour	002D5C60
002EC850	mccarGearSound__Reset_void	64	neighbour	002D5CC0
002EC890	mccarGearSound__Init_mccarGearSoundData_const__ptr__sndControlVolumeGroup_const__ptr	76	neighbour	002D5D00
002EC8E0	mccarGearSound__Update_Vector3_const__ref__bool	376	neighbour	002D5D50
002ECA58	mccarGearSound__ChangeGear_int	228	neighbour	002D5EC8
002ECB40	mccarGearSoundData__mccarGearSoundData_void	148	neighbour	002D5FB0
002ECBD8	mccarGearSoundData__dtor_mccarGearSoundData_void	40	neighbour	002D6048
002ECC00	mccarGearSoundData__AfterLoad_void	8	neighbour	002D6070
002ECDF8	mccarGearSoundData__mccarGearSoundData_datResource__ref	60	neighbour	002D6268
002ED608	mcCarParticlesManager__dtor_mcCarParticlesManager_void	272	neighbour	002F62B8
002ED820	mcCarParticles__ActivateNitro_void	32	neighbour	002F6468
002ED840	mcCarParticles__StartNitroPuff_void	12	neighbour	002F6488
002ED850	mcCarParticles__DeactivateNitro_void	8	neighbour	002F6498
002EE850	mcCarParticles__RegenSprayParticleTables_void	172	neighbour	002F7498
002EE900	mcCarParticles__RegenMistParticleTables_void	8	neighbour	002F7548
002EE908	mcCarParticles__DrawDeepWaterSplashes_void	1560	neighbour	002F7550
002EEF20	mcCarParticles__DrawShallowWaterSplashes_void	2284	neighbour	002F7B68
002F0C38	opponentIconTuneData__opponentIconTuneData_void	28	neighbour	002D62A8
002F0C58	opponentIconTuneData__dtor_opponentIconTuneData_void	36	neighbour	002D62C8
002F0CC0	opponentIconTuneData__UnloadStaticData_void	64	neighbour	002D6330
002F0F00	opponentTuneStaticData__dtor_opponentTuneStaticData_void	40	neighbour	002D6570
002F1190	mcPowerUpType__dtor_mcPowerUpType_void	100	neighbour	002D6800
002F11F8	mcPowerUpType__PlayPickupSfx_void	72	neighbour	002D6868
002F1240	mcPowerUpType__UpdateShoot_mcCar__ptr	148	neighbour	002D68B0
002F12D8	mcPowerUpType__ShootCar_mcCar__ptr__mcCar__ptr__nsMcPowerUp__TPowerUpTypes	216	neighbour	002D6948
002F3508	mcPowerUpTypeSwapPosition__Activate_mcCar__ptr__bool	8	neighbour	002D8AF8
002F3510	mcPowerUpTypeSwapPosition__Deactivate_mcCar__ptr	676	neighbour	002D8B00
002F39A0	mcPowerUpTypeDisrupter__Activate_mcCar__ptr__bool	52	neighbour	002D8F60
002F39D8	mcPowerUpTypeDisrupter__Deactivate_mcCar__ptr	44	neighbour	002D8F98
002F3A08	mcPowerUpTypeDisrupter__RenderActive_mcCar__ptr__Vector3_const__ptr	28	neighbour	002D8FC8
002F3B60	mcPowerUpTypeShield__dtor_mcPowerUpTypeShield_void	40	neighbour	002D9088
002F3B88	mcPowerUpTypeShield__AddHit_Vector3_const__ref__mcCar__ptr	840	neighbour	002D90B0
002F5AB8	mcPowerUpTypeShield__Activate_mcCar__ptr__bool	68	neighbour	002DAEF0
002F5B00	mcPowerUpTypeShield__Deactivate_mcCar__ptr	40	neighbour	002DAF38
002F5F20	mcPowerUpTypePulse__UpdateActive_mcCar__ptr	244	neighbour	002DB300
002F6018	mcPowerUpTypePulse__Deactivate_mcCar__ptr	8	neighbour	002DB3F8
002F6068	mcPowerUpTypeDecoy__Activate_mcCar__ptr__bool	8	neighbour	002DB448
002F6070	mcPowerUpTypeDecoy__Deactivate_mcCar__ptr	8	neighbour	002DB450
002F63E8	rmcCarModel__UnloadStaticIconData_void	36	neighbour	002DB7D0
002F76B0	rmcCarModel__SetCoplightVal_short_const__ptr__float	84	neighbour	002DCA40
002F7708	rmcCarModel__SetCoplightbarVal_short_const__ptr__float	36	neighbour	002DCA98
002F7730	rmcCarModel__SetReverselightVal_short_const__ptr__float	36	neighbour	002DCAC0
002FACA8	CalcAmbientHeadlightBrightness_Matrix34__ref__Matrix34__ref__Vector3__ref__float__ref	336	neighbour	002DFC38
002FBAA8	rmcCarModel__UpdateTurboEffects_void	8	neighbour	002E0918
002FBAB0	rmcCarModel__UpdatePopupHeadlights_void	336	neighbour	002E0920
002FD338	rmcCarModel__DownloadDamageParams_void	448	neighbour	002E1DC0
002FFCD8	mcCarNeonGlow__UnloadStaticData_void	124	neighbour	002E3E00
003024C8	rmcCarModelType__ComputeMatrixRemapTable_unsigned_short__ptr__mcCarCustom_const__ptr	876	neighbour	002E8118
00302B90	rmcCarModelType__AllocateShaderLocalData_rmcCarModelShaderLocalData__ref	244	neighbour	002E8730
00302C88	rmcCarModelType__DeleteShaderLocalData_rmcCarModelShaderLocalData__ref	136	neighbour	002E8828
00303218	rmcCarModelType__DeleteNamesFromPartDatabase_void	164	neighbour	002E8DB8
003032C0	rmcCarModelType__ClearCarDamage_void	300	neighbour	002E8E60
003033F0	rmcCarModelType__SetWheelSpeed_rmcCarModelShaderLocalData__ptr__float	68	neighbour	002E8F90
00303438	rmcCarModelType__DrawWindowsOnly_Matrix34_const__ptr__int_rmcCarModelShaderLocalData_const__ptr__atBitSet__ptr__atBitSet__ptr	488	neighbour	002E8FD8
00307088	rmcCarModelType__DeletePagedParts_atBitSet_const__ptr	356	neighbour	002EBB88
003077F0	mcCarSuspensionSound__mcCarSuspensionSound_void	96	neighbour	002EC2F0
00307850	mcCarSuspensionSound__dtor_mcCarSuspensionSound_void	140	neighbour	002EC350
003078E0	mcCarSuspensionSound__Init_mcCarSuspensionSoundData_const__ptr__mcCar_const__ptr__sndControlVolumeGroup_const__ptr	148	neighbour	002EC3E0
00307A70	mcCarSuspensionSound__UpdateAir_void	368	neighbour	002EC4E0
00307BE0	mcCarSuspensionSound__UpdateHydraulic_void	368	neighbour	002EC650
00307D50	mcCarSuspensionSound__Reset_void	80	neighbour	002EC7C0
00307DA0	mcCarSuspensionSoundData__mcCarSuspensionSoundData_void	68	neighbour	002EC810
00307EB8	mcCarSuspensionSoundData__mcCarSuspensionSoundData_datResource__ref	20	neighbour	002EC928
00307ED0	rmVehOcclude__rmVehOcclude_rmVehOccludeDataSet_const__ptr	136	neighbour	002EC940
00307F58	rmVehOcclude__dtor_rmVehOcclude_void	80	neighbour	002EC9C8
00307FA8	rmVehOccludeDataSet__ReleaseGroups_void	120	neighbour	002ECA18
00308020	rmVehOccludeDataSet__dtor_rmVehOccludeDataSet_void	76	neighbour	002ECA90
00308080	rmVehOcclude__UpdateView_rmVehOccludeDataSet_const__ptr__int_Vector3__ref__Matrix34__ref	328	neighbour	002ECAF0
003081C8	rmVehOcclude__GetVisibility_rmVehOccludeDataSet_const__ptr__int_eVehPartTypes_int__ref__const	112	neighbour	002ECC38
00308238	rmVehOcclude__GetVisibility_int_int_int__ref__const	68	neighbour	002ECCA8
003082D8	rmConvexSpace__rmConvexSpace_void	52	neighbour	002ECD48
00308310	rmConvexSpaceData__dtor_rmConvexSpaceData_void	144	neighbour	002ECD80
003083A8	rmConvexSpaceData__IsPointInsideLocal_Vector3__ref	128	neighbour	002ECE18
00308430	rmPlane__dtor_rmPlane_void	80	neighbour	002ECEA0
00308498	rmPlane__rmPlane_datResource__ref	76	neighbour	002ECF08
003084E8	rmConvexSpaceData__rmConvexSpaceData_datResource__ref	148	neighbour	002ECF58
00308580	rmVehOccludeDataSet__rmVehOccludeDataSet_datResource__ref	148	neighbour	002ECFF0
00308618	rmOccludeGroupData__rmOccludeGroupData_datResource__ref	40	neighbour	002ED088
00308640	mccarWindNoise__mccarWindNoise_void	56	neighbour	002ED0B0
00308678	mccarWindNoise__dtor_mccarWindNoise_void	92	neighbour	002ED0E8
003086D8	mccarWindNoise__Start_sndControlVolumeGroup_const__ptr	108	neighbour	002ED148
00308830	mccarWindNoiseData__mccarWindNoiseData_void	72	neighbour	002ED298
00308878	mccarWindNoiseData__dtor_mccarWindNoiseData_void	104	neighbour	002ED2E0
00308950	mccarWindNoiseData__AfterLoad_void	40	neighbour	002ED3B8
00308978	mccarWindNoiseData__mccarWindNoiseData_datResource__ref	96	neighbour	002ED3E0
00308DD8	mccarBackFireData__mccarBackFireData_void	116	neighbour	002EDB48
00308F98	mccarBackFireData__mccarBackFireData_datResource__ref	20	neighbour	002EDD88
00308FB0	mcBikeGyro__mcBikeGyro_void	56	neighbour	002EDDA0
00308FE8	mcBikeGyro__dtor_mcBikeGyro_void	40	neighbour	002EDDD8
00309010	mcBikeGyro__GetTune_void_const	8	neighbour	002EDE00
00309018	mcBikeGyro__Init_mcCarSim__ptr__mcGyroTune_const__ptr	28	neighbour	002EDE08
0030BF20	mcCarAero__mcCarAero_void	68	neighbour	002F0840
0030BF68	mcCarAero__dtor_mcCarAero_void	40	neighbour	002F0888
0030C128	mcCarAeroTune__mcCarAeroTune_void	64	neighbour	002F0A10
0030C168	mcCarAeroTune__Lerp_float_vehAeroTune_const__ptr__vehAeroTune_const__ptr	28	neighbour	002F0A50
0030C188	mcCarAeroTune__Lerp_float_mcCarAeroTune_const__ptr__mcCarAeroTune_const__ptr	432	neighbour	002F0A70
0030C428	mcCarAeroTune__mcCarAeroTune_datResource__ref	20	neighbour	002F0D10
0030C608	mcCarAIInfo__mcCarAIInfo_datResource__ref	20	neighbour	002F0EC8
0030C620	mcCarFluid__mcCarFluid_void	56	neighbour	002F0EE0
0030C658	mcCarFluid__dtor_mcCarFluid_void	40	neighbour	002F0F18
0030C680	mcCarFluid__GetTune_void_const	8	neighbour	002F0F40
0030C688	mcCarFluid__Reset_void	48	neighbour	002F0F48
0030C6B8	mcCarFluid__Activate_void	80	neighbour	002F0F78
0030C708	mcCarFluid__Update_void	204	neighbour	002F0FC8
0030C7D8	mcCarFluidTune__mcCarFluidTune_void	112	neighbour	002F1098
0030C848	mcCarFluidTune__Lerp_float_vehFluidTune_const__ptr__vehFluidTune_const__ptr	28	neighbour	002F1108
0030C868	mcCarFluidTune__Lerp_float_mcCarFluidTune_const__ptr__mcCarFluidTune_const__ptr	124	neighbour	002F1128
0030C9B8	mcCarFluidTune__mcCarFluidTune_datResource__ref	20	neighbour	002F1278
0030C9D0	mcCarModPart__mcCarModPart_mcCarModPart__eKits	44	neighbour	002F1290
0030CA00	mcCarModPart__Add_mcCarModPart_const__ref__unsigned_int	68	neighbour	002F12C0
0030CA48	mcCarModPart__Mult_float_unsigned_int	76	neighbour	002F1308
0030CA98	mcCarModEngine__mcCarModEngine_void	88	neighbour	002F1358
0030CAF0	mcCarModEngine__operator_add_assign_mcCarModEngine_const__ref	28	neighbour	002F13B0
0030CB10	mcCarModEngine__operator_mul_float	192	neighbour	002F13D0
0030CD40	mcCarModTrans__mcCarModTrans_void	68	neighbour	002F1600
0030CD88	mcCarModTrans__operator_add_assign_mcCarModTrans_const__ref	28	neighbour	002F1648
0030CDA8	mcCarModTrans__operator_mul_float	144	neighbour	002F1668
0030CF08	mcCarModBrake__mcCarModBrake_void	60	neighbour	002F17C8
0030CF48	mcCarModBrake__operator_add_assign_mcCarModBrake_const__ref	28	neighbour	002F1808
0030CF68	mcCarModBrake__operator_mul_float	112	neighbour	002F1828
0030D068	mcCarModSuspension__mcCarModSuspension_void	92	neighbour	002F1928
0030D0C8	mcCarModSuspension__operator_add_assign_mcCarModSuspension_const__ref	28	neighbour	002F1988
0030D0E8	mcCarModSuspension__operator_mul_float	176	neighbour	002F19A8
0030D328	mcCarModTire__mcCarModTire_void	92	neighbour	002F1BE8
0030D388	mcCarModTire__operator_add_assign_mcCarModTire_const__ref	28	neighbour	002F1C48
0030D3A8	mcCarModTire__operator_mul_float	128	neighbour	002F1C68
0030EBF0	mcCarStuckTune__mcCarStuckTune_datResource__ref	52	neighbour	002F3AC0
0030FC18	mcCarModelLightGlowSet__FileIO_datParser__ref	8	neighbour	002F4790
00311160	__static_initialization_and_destruction_0__002F5A60	108	neighbour	002F5A60
003111D0	_GLOBAL_$I$c__soft_mc3_src_mccar_mccarlightglowset_cpp4Maaaa	32	neighbour	002F5AD0
003112F8	crAsyncStream__ReaderStub_void__ptr	36	neighbour	002FCC90
00311320	crAsyncStream__Close_void	124	neighbour	002FCCB8
003113A0	crAsyncStream__Reader_void	304	neighbour	002FCD38
003115B0	crAsyncStream__Seek_int	56	neighbour	002FCF48
00311A20	csManager__GetResourcePath_void	12	neighbour	002FA020
003121A8	csManager__Restart_void	220	neighbour	002FA238
00312288	csManager__SetPhase_float	116	neighbour	002FA318
00312300	csManager__Update_void	344	neighbour	002FA390
00312458	csManager__Draw_void	112	neighbour	002FA4E8
003126F0	BubbleupSort_int_float__ptr	120	neighbour	002FA728
00312E28	csManager__AddStartupEvent_csEvent__ptr	16	neighbour	002FAF50
00312E38	csManager__AddTimeBasedEvent_csEvent__ptr	16	neighbour	002FAF60
00313DD0	csActor__GetActorCategoryType_char_const__ptr	132	neighbour	002FCF80
00313E58	csActor__csActor_void	44	neighbour	002FD008
00313E88	csActor__Shutdown_void	64	neighbour	002FD038
00313EC8	csActor__dtor_csActor_void	100	neighbour	002FD078
00313F30	csActor__Init_datTokenizer__ref__csManager__ref	236	neighbour	002FD0E0
00314020	csActor__CreateNothingByVal_csActor__ref__csManager__ref	8	neighbour	002FD1D0
00314028	csActor__CreateNothingByRef_csActor__ref__csManager__ref	8	neighbour	002FD1D8
00314030	csActor__InitData_csManager__ref	80	neighbour	002FD1E0
00314080	csActor__Draw_csManager__ref	48	neighbour	002FD230
003140B0	csActor__Update_float_csManager__ref	48	neighbour	002FD260
003140E0	csActor__Reset_void	48	neighbour	002FD290
00314110	csActor__SetPhase_float	48	neighbour	002FD2C0
00314140	csEntitySimple__csEntitySimple_void	128	neighbour	002FD2F0
00314410	csEntitySimple__Shutdown_void	100	neighbour	002FD5C0
00314478	csEntitySimple__dtor_csEntitySimple_void	148	neighbour	002FD628
00314818	csData__GetDataType_char_const__ptr	132	neighbour	002FD9E0
003148A0	csData__csData_void	36	neighbour	002FDA68
00314A48	csData__dtor_csData_void	112	neighbour	002FDC10
00314C80	csEventPlayCamAnim__Fire_csManager__ref	48	neighbour	002FDE58
00314CB0	csEventPlayEntityAnim__Fire_csManager__ref	60	neighbour	002FDE88
00314DB8	csEventSetEntityPos__Fire_csManager__ref	96	neighbour	002FDF90
00314F38	csEventSetEntityVisibility__Fire_csManager__ref	60	neighbour	002FE110
003153B8	csEventPipeFadeIn__Fire_csManager__ref	48	neighbour	002FE5A0
003153E8	csEventPipeFadeIn__Load_datTokenizer__ref__csManager__ref	92	neighbour	002FE5D0
00315448	csEventPipeFadeOut__Fire_csManager__ref	48	neighbour	002FE630
00315478	csEventPipeFadeOut__Load_datTokenizer__ref__csManager__ref	92	neighbour	002FE660
00315F90	mcGameRaceEditor__IsNameDuplicate_int_char_const__ptr	160	neighbour	002FEEE8
003171C8	mcGameRaceEditor__ClearAllCheckpoints_void	104	neighbour	002FFD68
00317F20	mcGameRaceEditor__SelectPrevNextCheckpoint_bool	504	neighbour	00300A28
00318118	mcGameRaceEditor__HideREPauseMenu_void	76	neighbour	00300C20
00318168	mcGameRaceEditor__ShowREPauseMenu_void	204	neighbour	00300C70
00318998	mcGameRaceEditor__CheckpointSharesSpot_int	420	neighbour	00301268
0031AD68	mcGameRaceEditor__ShutdownInstance_void	64	neighbour	00302958
0031B020	gfxEdgeModel__dtor_gfxEdgeModel_void	144	neighbour	00302AB8
0031B258	gfxEdgeModel__Packet__Packet_void	40	neighbour	00302CF0
0031B280	gfxEdgeModel__Packet__dtor_Packet_void	120	neighbour	00302D18
0031B2F8	gfxEdgeModel__Packet__operator_assign_gfxEdgeModel__Packet_const__ref	544	neighbour	00302D90
0031D330	gfxEdgeModel__gfxEdgeModel_datResource__ref	156	neighbour	00304DC8
0031D3D0	gfxEdgeModel__Packet__Packet_datResource__ref	80	neighbour	00304E68
0031D420	gfxEdgeModel__Place_datResource__ref	28	neighbour	00304EB8
0031D440	gfxEdgeModel__UnPlace_gfxEdgeModel__ref	8	neighbour	00304ED8
0031D450	__static_initialization_and_destruction_0__00304EE8	8	neighbour	00304EE8
0031D458	_GLOBAL_$I$c__soft_age_src_gfx_ext_edgemodel_cTzaaaa	32	neighbour	00304EF0
0031D478	gfxInstModel__dtor_gfxInstModel_void	104	neighbour	00304F10
0031E828	ptxSetRes_int	180	neighbour	003062C0
0031EA70	ptxBegin_int	268	neighbour	00306508
0031EDB8	camBaseCS__dtor_camBaseCS_void	40	neighbour	00306808
0031EE60	camBaseCS__IsViewCSInTransition_void	36	neighbour	003068E8
0031F078	camViewCS__dtor_camViewCS_void	40	neighbour	0055B118
0031F2F8	camViewCS__Reset_void	92	neighbour	0055B370
003203B8	BindTexture_swfTEXTURE__ptr	184	neighbour	00307268
00320470	FixupTexture_datResource__ref__swfTEXTURE__ptr__ref	56	neighbour	00307320
00320670	mcFlash__InitializeStaticInput_void	60	neighbour	00307500
003206B0	mcFlash__DestroyStaticInput_void	56	neighbour	00307540
00320870	mcFlash__SetContextVariable_char_const__ptr__float	40	neighbour	003076F0
00320968	mcFlash__SetContextVariable_char_const__ptr__char_const__ptr	40	neighbour	003077F0
00320AF8	mcFlash__UpdateMultipleContext_swfCONTEXT__ptr__swfCONTEXT__ptr	60	neighbour	00307980
00321198	mcFlash__LoadResource_void	12	neighbour	00307F58
00321A38	mc3FeView__ShutdownInstance_void	64	neighbour	00308658
00321A78	mc3FeView__SetMenuColors_void	172	neighbour	00308698
003224F8	mc3FeView__CanTransition_void	32	neighbour	00308E18
003232E0	mc3FeView__Draw_void	8	neighbour	00309DB0
00323BF0	mcGarageHud__dtor_mcGarageHud_void	116	neighbour	0030A4C8
00323C68	mcGarage__SetNewHudColor_void	400	neighbour	0030A540
00323DF8	mcGarageHud__Init_mcCarConfig_const__ptr	460	neighbour	0030A6D0
00324010	mcGarageHud__SetActive_bool	80	neighbour	0030A8E8
003240D8	garageSharedData__dtor_garageSharedData_void	40	neighbour	0030A9B0
00325A30	mcGarage__ShutdownInstance_void	64	neighbour	0030BF98
00326480	mcGarage__TrackVehicle_void	344	neighbour	0030C9F8
003279A0	mcGarage__GetEnginePartOffset_int_int	100	neighbour	0030DDA0
00327A08	mcGarage__GetEnginePartOffset_void	112	neighbour	0030DE08
0032AE00	mcGarage__DoPaintMagic_swfVARIANT__ref__int	268	neighbour	003104A8
0032AF10	mcGarage__DoDecalMagic_swfVARIANT__ref__int	212	neighbour	003105B8
00332AA0	mcGarage__SetPolarValues_void	264	neighbour	00318B18
00337158	mcGarage__SetOldGlobalSelectionVariables_void	120	neighbour	0031DFB0
00338928	mcGarage__DisplayHud_bool	28	neighbour	0031F600
003389A8	mcGarage__GetCameraDirection_void	160	neighbour	0031F680
00338B78	CamPositions__GetDirName_void	12	neighbour	0031F840
00338B88	garageSharedData__GetDirName_void	12	neighbour	0031F850
00339040	mcMenuShell__IsKeyboardActive_void	40	neighbour	0031FCD0
00339070	mcMenuShell__SetHeading_char_const__ptr	8	neighbour	0031FD00
00339078	mcMenuShell__CreateWidgets_void	72	neighbour	0031FD08
003390C0	mcMenuShell__DestroyWidgets_void	28	neighbour	0031FD50
00339228	mcMenuShell__SetInputActiveState_bool	40	neighbour	0031FE98
00339250	mcMenuShell__StopFFWheelEffects_void	28	neighbour	0031FEC0
003399D8	mcMenuShell__ChangeToRequestedState_void	120	neighbour	003204B0
0033A1F8	mcMenuShell__SetRowAccordingToLevel_void	80	neighbour	00320C38
0033A248	mcMenuShell__RemoveStateFromStack_MenuStates	120	neighbour	00320C88
0033A4C0	mcMenuShell__Hide_bool	52	neighbour	00320F18
0033A4F8	mcMenuShell__HideResultsMenu_bool	52	neighbour	00320F50
0033A530	mcMenuShell__IsShowingOrHiding_void	112	neighbour	00320F88
0033A5A0	mcMenuShell__IsMenuShowingOrHiding_void	52	neighbour	00320FF8
0033A650	mcMenuShell__IsReadyForInput_void	124	neighbour	003210A8
0033A6D0	mcMenuShell__StandardEventHandler_atPtr_uiWidget_const__ref__unsigned_int_atPtr_uiWidget__EventData_const_const__ref	52	neighbour	00321128
0033A708	mcMenuShell__FindWhatIsWrong_void	8	neighbour	00321160
0033A710	mcMenuShell__AnyListsActive_bool	296	neighbour	00321168
0033FBF0	mcRaceMenu__Show_bool	224	neighbour	00324AF0
0033FCD0	mcRaceMenu__Hide_bool	32	neighbour	00324BD0
0033FCF0	mcRaceMenu__IsShowingOrHiding_void	36	neighbour	00324BF0
0033FD18	mcRaceMenu__SetPosition_int_int	12	neighbour	00324C18
0033FD28	mcRaceMenu__SetVerticleOffset_int	88	neighbour	00324C28
0033FD80	mcRaceMenu__SetTextZoom_float	64	neighbour	00324C80
00341C50	mcMenuBrain__mcMenuBrain_void	88	neighbour	00326640
00341CA8	mcMenuBrain__dtor_mcMenuBrain_void	276	neighbour	00326698
00341DC0	mcMenuBrain__CreateInstance_void	52	neighbour	003267B0
00343F00	mcMenuBrain__SetWaffle_unsigned_int	20	neighbour	00328278
00343F28	mcMenuBrain__GetActiveScreen_void	112	neighbour	003282A0
00343F98	mcMenuBrain__ShutdownInstance_void	64	neighbour	00328310
00344D28	mcMenuBrain__RequestFEPositionBasedOnGameMode_void	952	neighbour	00328D28
003454D8	mcMenuBrain__ShowControllerConfig_void	120	neighbour	00329260
00345650	mcMenuBrain__ShowResultsMenu_void	176	neighbour	00329370
00346818	mcMenuBrain__SetCareerMapPointer_atDerivedPtr_CareerHudScreen_atDerivedPtr_mcScreenBase_atDerivedPtr_mcUiGroup_atDerivedPtr_uiGroup_atDerivedPtr_uiGroupBase_atPtr_uiWidget_const__ref	104	neighbour	0032A3E8
00346880	mcMenuBrain__ClosePauseMenu_void	56	neighbour	0032A450
003468B8	mcMenuBrain__HidePauseMenu_void	80	neighbour	0032A488
00346908	mcMenuBrain__UnhidePauseMenu_void	100	neighbour	0032A4D8
00346A30	mcMenuBrain__RenderMenus_void	28	neighbour	0032A568
00346A50	mcMenuBrain__AddStandardStateRequestOption_unsigned_long_int_char_const__ptr__int	152	neighbour	0032A588
00346AE8	mcMenuBrain__RequestState_MenuStates	32	neighbour	0032A620
00347868	mcMenuBrain__NetworkPostJoin_int	120	neighbour	0032B0E0
003479A0	mcMenuBrain__NetworkPostPeerPhaseChanged_int_net__ePhase	8	neighbour	0032B218
003479A8	mcMenuBrain__NetworkPostSessionPhaseChanged_net__ePhase	8	neighbour	0032B220
00349918	mcMenuCareer__DoExitToGarage_void	84	neighbour	0032BCE8
00349F70	mcMenuCareer__FileIO_datParser__ref	28	neighbour	0032C080
0034A0F8	mcMenuCheatCodes__dtor_mcMenuCheatCodes_void	100	neighbour	0032C1C0
0034A160	mcMenuCheatCodes__CreateWidgets_void	28	neighbour	0032C228
0034AAB8	mcMenuConfirm__mcMenuConfirm_char_const__ptr__int	52	neighbour	0032CBC8
0034AAF0	mcMenuConfirm__dtor_mcMenuConfirm_void	72	neighbour	0032CC00
0034AB38	mcMenuConfirm__PopulateMenu_void	8	neighbour	0032CC48
0034AC78	mcMenuConfirm__Hide_bool	36	neighbour	0032CD60
0034C228	mcMenuCustom__FileIO_datParser__ref	28	neighbour	0032DCE8
0034E528	mcMenuCustomRaceType__FileIO_datParser__ref	28	neighbour	0032F4E0
0034E548	mcMenuDisconnect__mcMenuDisconnect_char_const__ptr__int	52	neighbour	0032F500
0034E580	mcMenuDisconnect__dtor_mcMenuDisconnect_void	72	neighbour	0032F538
0034ED68	mcMenuDisconnect__FileIO_datParser__ref	28	neighbour	0032FA08
0034F6B8	mcMenuEditorRaceOptions__ChangeTOD_int	96	neighbour	0032FE50
0034F718	mcMenuEditorRaceOptions__ChangeCondition_int	96	neighbour	0032FEB0
00350ED8	mcMenuGenRandom__ChangeCheckpointSpacing_int	68	neighbour	003310F8
00350F20	mcMenuGenRandom__ChangeStartSpot_int	68	neighbour	00331140
003535E8	mcMenuIGTune__FileIO_datParser__ref	28	neighbour	003327C0
00353608	mcMenuLanguage__mcMenuLanguage_char_const__ptr__int	52	neighbour	003327E0
00353640	mcMenuLanguage__dtor_mcMenuLanguage_void	72	neighbour	00332818
00353688	mcMenuLanguage__CreateWidgets_void	28	neighbour	00332860
003538B0	mcMenuLanguage__StandardEventHandler_atPtr_uiWidget_const__ref__unsigned_int_atPtr_uiWidget__EventData_const_const__ref	224	neighbour	00332A30
00353BC0	mcMenuLanguage__FileIO_datParser__ref	28	neighbour	00332D40
00353BE0	mcMenuModeSelect__mcMenuModeSelect_char_const__ptr__int	88	neighbour	00332D60
00353C38	mcMenuModeSelect__dtor_mcMenuModeSelect_void	72	neighbour	00332DB8
00353C80	mcMenuModeSelect__CreateWidgets_void	28	neighbour	00332E00
003543D0	mcMenuModeSelect__FileIO_datParser__ref	28	neighbour	00333468
003543F0	mcMenuNet__mcMenuNet_char_const__ptr__int	52	neighbour	00333488
00354428	mcMenuNet__dtor_mcMenuNet_void	72	neighbour	003334C0
00357960	mcMenuPause__Hide_bool	76	neighbour	003339F8
00357D78	mcMenuPause__FileIO_datParser__ref	28	neighbour	00333D98
003582F0	mcMenuPause__DoQuitRaceRun_void	116	neighbour	00334250
00359E18	mcMenuRaceEditor__mcMenuRaceEditor_char_const__ptr__int	52	neighbour	003357F0
00359E50	mcMenuRaceEditor__dtor_mcMenuRaceEditor_void	72	neighbour	00335828
00359E98	mcMenuRaceEditor__CreateWidgets_void	28	neighbour	00335870
00359F78	mcMenuRaceEditor__FileIO_datParser__ref	28	neighbour	00335968
00359F98	mcMenuRaceEditor__ClearAllCheckpoints_void	36	neighbour	00335988
00359FE8	mcMenuRaceEditor__SaveRaceEditorDataToSlot_int	72	neighbour	003359D8
0035A6A8	mcMenuRaceOver__dtor_mcMenuRaceOver_void	72	neighbour	00335F40
0035A8D8	mcMenuRaceOver__Hide_bool	76	neighbour	003360F8
0035A928	mcMenuRaceOver__FileIO_datParser__ref	28	neighbour	00336148
0035BD70	mcMenuRecentSlot__DoChangeRecentSlotOffset_int	96	neighbour	00336F00
0035E480	mcMenuRewardsScreen__CreateWidgets_void	28	neighbour	00353F80
0035E4A0	mcMenuRewardsScreen__IsReadyForInput_void	56	neighbour	00353FA0
0035E4D8	IsInvalidRaceType_void	52	neighbour	00353FD8
0035E510	mcMenuRewardsScreen__CanShowRewards_void	164	neighbour	00354010
0035F4C8	mcMenuRewardsScreen__DoCloseRewardsScreen_void	60	neighbour	00355060
0035F508	mcMenuRewardsScreen__FileIO_datParser__ref	28	neighbour	003550A0
0035FA88	mcMenuSaveMessage__FileIO_datParser__ref	28	neighbour	00339670
00363300	mcMenuTitleScreen__Hide_bool	28	neighbour	0033B870
003635A8	mcMenuTitleScreen__FileIO_datParser__ref	28	neighbour	0033BB00
003641A0	mcMenuVideo__mcMenuVideo_char_const__ptr__int	52	neighbour	0033C4B8
003641D8	mcMenuVideo__dtor_mcMenuVideo_void	72	neighbour	0033C4F0
00364220	mcMenuVideo__CreateWidgets_void	28	neighbour	0033C538
003642E8	mcMenuVideo__Hide_bool	28	neighbour	0033C610
00364308	mcMenuVideo__Update_void	44	neighbour	0033C630
00364338	mcMenuVideo__FileIO_datParser__ref	28	neighbour	0033C660
00364758	mcMoviePlayer__ShutdownInstance_void	64	neighbour	0033C9A0
003653B0	mcMenuMsgBox__DestroyWidgets_void	64	neighbour	0033D518
003657C0	mcMenuMsgBox__SetTextZoom_float	76	neighbour	0033D860
00365810	mcMenuMsgBox__SetRowHeight_int	16	neighbour	0033D8B0
00365E58	mcMenuMsgBox__ShowMessage_unsigned_wchar_t_const__ptr__unsigned_int_mcMenuMsgBox__MsgItem	92	neighbour	0033DE60
00365EB8	mcMenuMsgBox__ShowMessage_char_const__ptr__unsigned_int_mcMenuMsgBox__MsgItem	92	neighbour	0033DEC0
00366290	mcMenuMsgBox__UpdateDescriptionTexts_void	8	neighbour	0033E298
003663E8	mcMenuMsgBoxListMenu__dtor_mcMenuMsgBoxListMenu_void	40	neighbour	0033E388
00368AE0	mcNetworkClan__GameInvite_netGUID	48	neighbour	0033F6B0
0036A160	mcNetworkFilter__Hide_bool	56	neighbour	0033FB90
0036ABB8	mcNetworkFilter__FileIO_datParser__ref	28	neighbour	00340228
0036B3F0	mcNetworkFriendsList__dtor_mcNetworkFriendsList_void	72	neighbour	003407F0
0036B438	mcNetworkFriendsList__CreateWidgets_void	28	neighbour	00340838
0036C460	mcNetworkFriendsList__FileIO_datParser__ref	28	neighbour	00341668
0036C9A0	mcNetworkFriendsList__JoinFirstFoundMatch_void	104	neighbour	00341B48
0036E468	mcNetworkHostJoin__NetworkPostJoin_int	152	neighbour	00342AB0
0036E500	mcNetworkHostJoin__NetworkPostQuit_int_unsigned_wchar_t_const__ptr__net__eQuitReason_int_int	8	neighbour	00342B48
0036E508	mcNetworkHostJoin__FileIO_datParser__ref	28	neighbour	00342B50
0036E528	mcNetworkHostJoin__GetKeyboardInput_void	296	neighbour	00342B70
0036F558	mcNetworkHostSelect__FileIO_datParser__ref	28	neighbour	003436D0
00370448	mcNetworkNatNegotiation__dtor_mcNetworkNatNegotiation_void	72	neighbour	00344030
00370490	mcNetworkNatNegotiation__CreateWidgets_void	28	neighbour	00344078
00370540	mcNetworkNatNegotiation__StartNegotiation_netAddress_const__ref__unsigned_wchar_t_const__ptr__netGUID_const__ref__net__ePhase_char_const__ptr	100	neighbour	00344128
003705A8	mcNetworkNatNegotiation__CancelNegotiation_void	52	neighbour	00344190
003705E0	mcNetworkNatNegotiation__NegotiationFailed_void	52	neighbour	003441C8
00370618	mcNetworkNatNegotiation__NegotiationSuceeded_void	52	neighbour	00344200
00370650	mcNetworkNatNegotiation__StandardEventHandler_atPtr_uiWidget_const__ref__unsigned_int_atPtr_uiWidget__EventData_const_const__ref	56	neighbour	00344238
00370688	mcNetworkNatNegotiation__Update_void	140	neighbour	00344270
00370E00	mcNetworkRecentPlayers__SetForLobbyUse_int	16	neighbour	00344688
00371540	mcNetworkRecentPlayers__FileIO_datParser__ref	28	neighbour	003449C0
003724F0	mcNetworkSelect__IsReadyForInput_void	60	neighbour	00345490
00372B98	mcNetworkSelect__ShowNetConfigMenu_void	60	neighbour	00345788
00372D50	mcNetworkSelect__InitNetworkConfigs_void	52	neighbour	00345918
00373258	_GLOBAL_$I$c__soft_mc3_src_mcmenu_networkselect_cppxAaaaa	32	neighbour	00345CA8
00373278	mcNetworkSettings__mcNetworkSettings_char_const__ptr__int	52	neighbour	00345CC8
003732B0	mcNetworkSettings__dtor_mcNetworkSettings_void	72	neighbour	00345D00
003732F8	mcNetworkSettings__CreateWidgets_void	28	neighbour	00345D48
00373318	mcNetworkSettings__Show_bool	112	neighbour	00345D68
00373388	mcNetworkSettings__Hide_bool	28	neighbour	00345DD8
00374A68	mcNetworkUserName__IsShowingOrHiding_void	52	neighbour	00346F58
00378010	mcNetworkWaiting__IsReadyForInput_void	28	neighbour	00349CE8
00378030	mcNetworkWaiting__IsCompletelyHidden_void	108	neighbour	00349D08
00378580	sEverybodyObserving_void	8	neighbour	0034A1B8
00379028	mcNetworkWaiting__GetQoSIcon_int	216	neighbour	0034AA18
00379520	mcNetworkWaiting__GetLineColor_int_Vector4__ref__Vector4__ref	184	neighbour	0034AE30
003798C8	mcNetworkWaiting__ClearChat_void	12	neighbour	0034AFC8
0037BD28	mcNetworkWaitingCountdown__Hide_bool	112	neighbour	0034C7F0
0037CD18	mcChatListMenu__GetTextColor_Vector4__ref__int_int_int_float_float	84	neighbour	0034D6C0
0037CE48	mcLobbyKeyboard__mcLobbyKeyboard_char_const__ptr__int	184	neighbour	0034D7A8
0037CF00	mcLobbyKeyboard__dtor_mcLobbyKeyboard_void	328	neighbour	0034D860
0037E038	mcPauseMenuConfig__SetAllowForQuitToCruise_bool	8	neighbour	0034E258
0037E040	mcPauseMenuConfig__SetAllowForRaceRestart_bool	8	neighbour	0034E260
0037E048	mcPauseMenuConfig__SetAllowForContinueCareer_bool	8	neighbour	0034E268
0037E050	mcPauseMenuConfig__SetEnableTournamentRestart_bool	8	neighbour	0034E270
0037E058	mcPauseMenuConfig__SetEnableContinueTournament_bool	8	neighbour	0034E278
0037E060	mcPauseMenuConfig__SetAllowForChangeVehicle_bool	8	neighbour	0034E280
0037E068	mcPauseMenuConfig__SetAllowForMidRaceReplay_bool	8	neighbour	0034E288
0037E150	mcSaveGameSelect__dtor_mcSaveGameSelect_void	132	neighbour	0034E348
0037E328	mcSaveGameSelect__LoadSelectedSavegame_void	160	neighbour	0034E460
0037E4E8	mcSaveGameSelect__UpdateMenu_void	64	neighbour	0034E548
0037F5D8	_GLOBAL_$I$c__soft_mc3_src_mcmenu_savegameselect_cppFtaaaa	32	neighbour	0034F380
0037FFB0	mcScreenBase__PopulateMenu_void	180	neighbour	0034F860
003802A0	mcScreenBase__Hide_bool	112	neighbour	0034FB28
00380710	mcScreenBase__IsCompletelyHidden_void	40	neighbour	0034FF10
00381550	TextAnimConfig__TextAnimConfig_void	24	neighbour	00350528
00381608	TextAnim__TextAnim_TextAnimConfig_const__ptr	40	neighbour	003505E0
00381630	TextAnim__IsShowingOrHiding_void	16	neighbour	00350610
003817C0	TextAnim__Show_bool	168	neighbour	003507A0
00381870	TextAnim__Hide_bool	180	neighbour	00350850
00381F20	mcMenuControllerConfig__Hide_void	84	neighbour	00351048
00381F78	mcMenuControllerConfig__IsShowingOrHiding_void	52	neighbour	003510A0
00381FB0	mcMenuControllerConfig__IsReadyForInput_void	100	neighbour	003510D8
00383100	sMappingsConflict_int_int	144	neighbour	00352158
003849D8	mcMenuAudio__FileIO_datParser__ref	28	neighbour	00355C90
00385470	SetPersistDataValuesA	156	neighbour	00356708
00385680	InternalInit	76	neighbour	00356918
00385B50	value_for_key_safe	40	neighbour	00356DE8
00385B78	get_sockaddrin__00356E10	208	neighbour	00356E10
003860E8	FindRequest	192	neighbour	00357380
003866B8	CallReqCallback	364	neighbour	00357950
00386900	GetTeamIndex	52	neighbour	00357B98
00386938	GetPlayerIndex	52	neighbour	00357BD0
00386970	ServerOpInt	128	neighbour	00357C08
003869F0	ServerOpFloat	128	neighbour	00357C88
00386A70	ServerOpString	132	neighbour	00357D08
00386B90	TeamOpFloat	148	neighbour	00357E28
00386C28	TeamOpString	148	neighbour	00357EC0
00386CC0	PlayerOpInt	148	neighbour	00357F58
00386D58	PlayerOpFloat	148	neighbour	00357FF0
00386DF0	PlayerOpString	148	neighbour	00358088
00386EA8	NewBucketSet	100	neighbour	00358140
00387048	BucketSet	68	neighbour	003582E0
00387098	BucketAdd	196	neighbour	00358330
00387160	BucketSub	168	neighbour	003583F8
00387208	BucketMult	168	neighbour	003584A0
003872B0	BucketDiv	184	neighbour	00358548
00387368	BucketConcat	200	neighbour	00358600
00387430	BucketAvg	280	neighbour	003586C8
00387548	bint	16	neighbour	003587E0
00387558	bfloat	16	neighbour	003587F0
003876B0	stripchars	60	neighbour	00358948
003876F0	DoSet	156	neighbour	00358988
00387790	DoGet	44	neighbour	00358A28
003877F0	BucketHash	160	neighbour	00358A88
00387890	CaseInsensitiveCompare	32	neighbour	00358B28
003878B0	BucketCompare	28	neighbour	00358B48
003878D0	BucketFree	88	neighbour	00358B68
003879A8	mcBanger__dtor_mcBanger_void	220	neighbour	00358C40
00388240	mcBanger__ShouldDetach_void_const	64	neighbour	003594A0
00388280	mcBanger__Attach_void	68	neighbour	003594E0
003882C8	mcBanger__Detach_bool	156	neighbour	00359528
00388670	mcBanger__GetTimeSinceBroken_void_const	84	neighbour	003598D0
00388828	mcBanger__PlayBreakSound_void	168	neighbour	00359A88
00388F50	mcBanger__GetInactiveImpulseLimit_void_const	160	neighbour	0035A238
00388FF0	mcBanger__GetActiveImpulseLimit_void_const	12	neighbour	0035A2D8
00389EE8	mcBanger__GetBrokenPartInstance_int	28	neighbour	0035B2C0
00389F80	mcBanger__GetNumCompositeParts_void_const	8	neighbour	0035B3E8
00389F88	ActiveSleeperSize_phBound_const__ptr	148	neighbour	0035B3F0
0038A020	mcBanger__ActivateInLevel_phLevel__ptr	84	neighbour	0035B488
0038A078	mcBanger__EmitParticles_void	140	neighbour	0035B4E0
0038A888	mcBanger__EmitPaper_float	1272	neighbour	0035BCE8
0038AD80	mcBanger__EmitSparks_void	104	neighbour	0035C1E0
0038ADE8	mcBanger__EmitSparks_float	1076	neighbour	0035C248
0038B2D0	mcBrokenBanger__dtor_mcBrokenBanger_void	92	neighbour	0035C730
0038B330	mcBrokenBanger__PreImpact_phImpactBase__ptr__phInst__ptr	556	neighbour	0035C790
0038B560	mcBrokenBanger__Update_Vector3_const__ref__float	172	neighbour	0035C9C0
0038B610	mcBrokenBanger__ShouldDetach_void_const	44	neighbour	0035CA70
0038B640	mcBrokenBanger__Detach_void	104	neighbour	0035CAA0
0038B6A8	mcBrokenBanger__ActivateInLevel_phLevel__ptr	84	neighbour	0035CB08
0038B700	mcBrokenBangerData__mcBrokenBangerData_void	32	neighbour	0035CB60
0038B720	mcBrokenBangerData__dtor_mcBrokenBangerData_void	144	neighbour	0035CB80
0038B840	mcBrokenBangerData__Detach_void	76	neighbour	0035CCA0
0038B890	mcBangerBase__mcBangerBase_datResource__ref	100	neighbour	0035CCF0
0038B8F8	mcBanger__mcBanger_datResource__ref	240	neighbour	0035CD58
0038B9E8	mcBangerLit__mcBangerLit_datResource__ref	64	neighbour	0035CE48
0038BA28	mcBangerObstacle__mcBangerObstacle_datResource__ref	100	neighbour	0035CE88
0038BA90	mcBangerObstacleLit__mcBangerObstacleLit_datResource__ref	76	neighbour	0035CEF0
0038BAE0	mcBangerAnimated__mcBangerAnimated_datResource__ref	88	neighbour	0035CF40
0038BB38	mcBangerAnimatedLit__mcBangerAnimatedLit_datResource__ref	64	neighbour	0035CF98
0038BB78	mcBangerAnimatedObstacle__mcBangerAnimatedObstacle_datResource__ref	100	neighbour	0035CFD8
0038BBE0	mcBangerAnimatedObstacleLit__mcBangerAnimatedObstacleLit_datResource__ref	76	neighbour	0035D040
0038BCB0	mcBrokenBangerData__mcBrokenBangerData_datResource__ref	68	neighbour	0035D108
0038BCF8	__static_initialization_and_destruction_0__0035D150	160	neighbour	0035D150
0038BD98	_GLOBAL_$I$c__soft_mc3_src_mcprop_banger_cvxaaaa	32	neighbour	0035D1F0
0038BE60	mcPropClass__dtor_mcPropClass_void	136	neighbour	0035D2B8
0038D338	mcPropClass__GetCellNo_int_int_const	68	neighbour	0035E6E8
0038D380	mcPropClass__Reset_void	64	neighbour	0035E730
0038D440	mcPropBase__dtor_mcPropBase_void	168	neighbour	0035E7F0
0038D4E8	mcPropBase__DeleteNonResourcedData_void	80	neighbour	0035E898
0038D538	mcPropBase__Init_char_const__ptr__Matrix34_const__ref__unsigned_char	160	neighbour	0035E8E8
0038D5D8	mcPropBase__PostInit_float	124	neighbour	0035E988
0038D900	mcPropBase__Attach_void	16	neighbour	0035EC18
0038D910	mcPropBase__Detach_bool	252	neighbour	0035EC28
0038E770	mcPropBase__EmitSparks_void	584	neighbour	0035FA30
0038EBA8	mcPropBase__DeactivateLights_void	168	neighbour	0035FCE8
0038EC80	mcPropBase__IsLedStillDrawing_void	140	neighbour	0035FDC0
0038ED10	mcPropBase__ClearLed_void	224	neighbour	0035FE50
0038EDF0	mcPropBase__GetNumLights_void_const	28	neighbour	0035FF30
0038EE30	mcPropBase__GetCullCenter_void_const	284	neighbour	0035FF70
0038EF50	mcPropBase__SetMatrix_Matrix34_const__ref	204	neighbour	00360090
0038F168	mcPropBase__VirtualConstructFromPtr_datResource__ref__mcPropBase__ptr__ref__int	656	neighbour	003602A8
0038F3F8	mcPropClass__mcPropClass_datResource__ref	224	neighbour	00360538
0038F4D8	mcPropBase__mcPropBase_datResource__ref	52	neighbour	00360618
0038F538	mcPropLightData__dtor_mcPropLightData_void	36	neighbour	00360678
0038F560	mcPropLightData__CreateLights_mcPropType_const__ptr__Matrix34_const__ref	284	neighbour	003606A0
0038F680	mcPropLightData__DestroyLights_mcPropType_const__ptr	208	neighbour	003607C0
00390428	mcPropSoundData__mcPropSoundData_void	80	neighbour	00361438
00390478	mcPropSoundData__dtor_mcPropSoundData_void	108	neighbour	00361488
003905E8	mcPropPart__mcPropPart_datResource__ref	32	neighbour	003615F8
00390608	mcPropState__mcPropState_datResource__ref	8	neighbour	00361618
00391690	mcPropFixedObstacle__Init_char_const__ptr__Matrix34_const__ref__unsigned_char	176	neighbour	00362768
00391740	mcPropFixed__mcPropFixed_datResource__ref	116	neighbour	00362818
003917B8	mcPropFixedLit__mcPropFixedLit_datResource__ref	112	neighbour	00362890
00391828	mcPropFixedObstacle__mcPropFixedObstacle_datResource__ref	100	neighbour	00362900
00391890	mcPropFixedObstacleLit__mcPropFixedObstacleLit_datResource__ref	124	neighbour	00362968
00391910	mcPropFixedAnimated__mcPropFixedAnimated_datResource__ref	88	neighbour	003629E8
00391968	mcPropFixedAnimatedLit__mcPropFixedAnimatedLit_datResource__ref	112	neighbour	00362A40
003919D8	mcPropFixedAnimatedObstacle__mcPropFixedAnimatedObstacle_datResource__ref	100	neighbour	00362AB0
00391A40	mcPropFixedAnimatedObstacleLit__mcPropFixedAnimatedObstacleLit_datResource__ref	124	neighbour	00362B18
00391AC0	mcPropLight__GetMatrix_void_const	444	neighbour	00362B98
00391C80	mcPropLight__GetCenter_void_const	164	neighbour	00362D58
00391D28	mcPropLight__mcPropLight_datResource__ref	100	neighbour	00362E00
00391D90	mcPropManager__mcPropManager_void	84	neighbour	00362E68
00391DE8	mcPropManager__dtor_mcPropManager_void	40	neighbour	00362EC0
00391FF0	mcPropManager__Kill_void	108	neighbour	003630C0
00392060	mcPropManager__CreateRaceProps_int	88	neighbour	00363130
003920E0	mcPropManager__KillRaceProps_void	56	neighbour	003631B0
00392118	mcPropManager__Reset_void	196	neighbour	003631E8
003925B8	mcPropManager__AddPropLed_mcPropBase__ptr	48	neighbour	00363620
003925E8	mcPropManager__GetBrokenBangerMgr_void_const	12	neighbour	00363650
003925F8	mcPropManager__GetRaceProp_int_const	36	neighbour	00363660
00392620	mcPropManager__GetPropMC3_int_int_const	44	neighbour	00363688
00392650	mcPropManager__GetNumProps_int_const	32	neighbour	003636B8
00392720	mcPropManager__GetPropShaders_mcPropType_const__ptr__const	28	neighbour	00363780
003928B8	mcPropManager__ShutdownInstance_void	140	neighbour	00363900
00392978	mcPropManager__FindType_char_const__ptr	28	neighbour	003639C0
00392B68	mcPropManagerData__FindType_char_const__ptr	28	neighbour	00363BB0
00392B88	mcPropManagerData__DeleteNonResourcedData_void	196	neighbour	00363BD0
00392C50	mcPropManagerData__Delete_void	132	neighbour	00363C98
00392CD8	mcPropManagerData__Reset_void	188	neighbour	00363D20
003934D0	mcPropManagerData__FindProp_mcPropType_const__ptr__Vector3_const__ref__float__ref	320	neighbour	00364518
00393990	mcPropManagerRaceData__Load_int	108	neighbour	00364858
003947D8	mcPropManagerData__Place_datResource__ref	28	neighbour	00365308
003947F8	mcRacePropData__Place_datResource__ref	28	neighbour	00365328
00394818	toupper_int	24	neighbour	00365348
00397190	mcPropType__GetPropStatePtr_EPropState_const	56	neighbour	00367878
003971C8	mcPropType__GetAnimationMaxFrames_void_const	96	neighbour	003678B0
003976C0	mcPropType__sParticleData__sParticleData_datResource__ref	196	neighbour	00367DC0
00397788	mcProp__mcProp_void	52	neighbour	00367E88
003977C0	mcProp__dtor_mcProp_void	76	neighbour	00367EC0
00397810	mcProp__GetMatrix_void_const	240	neighbour	00367F10
00397900	mcProp__GetCenter_void_const	8	neighbour	00368000
00397908	mcProp__SetMatrix_Matrix34_const__ref	108	neighbour	00368008
00397978	mcProp__mcProp_datResource__ref	52	neighbour	00368078
003979B0	mcPropLit__mcPropLit_datResource__ref	100	neighbour	003680B0
00397A18	mcPropObstacle__mcPropObstacle_datResource__ref	88	neighbour	00368118
00397A70	mcPropObstacleLit__mcPropObstacleLit_datResource__ref	112	neighbour	00368170
00397AE0	mcPropAnimated__mcPropAnimated_datResource__ref	76	neighbour	003681E0
00397B30	mcPropAnimatedLit__mcPropAnimatedLit_datResource__ref	100	neighbour	00368230
00397B98	mcPropAnimatedObstacle__mcPropAnimatedObstacle_datResource__ref	88	neighbour	00368298
00397BF0	mcPropAnimatedObstacleLit__mcPropAnimatedObstacleLit_datResource__ref	112	neighbour	003682F0
00397CB0	mcPropCollectable__dtor_mcPropCollectable_void	88	neighbour	003683B0
00398110	mcPropCollectable__Update_Vector3_const__ref__float	240	neighbour	00368708
00398200	mcPropCollectable__mcPropCollectable_datResource__ref	64	neighbour	003687F8
00398240	mcPropCollectableLit__mcPropCollectableLit_datResource__ref	64	neighbour	00368838
00398280	mcPropCollectableAnimated__mcPropCollectableAnimated_datResource__ref	88	neighbour	00368878
003982D8	mcPropCollectableAnimatedLit__mcPropCollectableAnimatedLit_datResource__ref	64	neighbour	003688D0
00398318	ExceptMain_void	28	neighbour	00368910
00398408	coreFileWaitCreateSema_void	68	neighbour	003689F8
00398450	coreFileSignalSema_int	48	neighbour	00368A40
003986D8	__coreRawSeekFile_int_int_seekWhence	84	neighbour	00368C68
00398730	__coreRawWriteFile_int_void_const__ptr__int	84	neighbour	00368CC0
00398788	__coreRawReadFile_int_void__ptr__int	84	neighbour	00368D18
003987E0	__coreRawCloseFile_int	52	neighbour	00368D70
00398818	coreRawEnumFiles_char_const__ptr__void__ptr__char_const__ptr__bool_void__ptr__void__ptr	8	neighbour	00368DA8
00398858	coreRawCreateFile_char_const__ptr	36	neighbour	00368F30
00398880	coreRawSeekFile_int_int_seekWhence	36	neighbour	00368F58
003988A8	coreRawWriteFile_int_void_const__ptr__int	36	neighbour	00368F80
003988D0	coreRawReadFile_int_void__ptr__int	36	neighbour	00368FA8
00398B88	ipcCreateThread_void__ptr__void__ptr__void__ptr__void__ptr__unsigned_int_int	152	neighbour	00369260
00398C40	ipcYield_int	28	neighbour	00369318
00398D10	ipcCriticalSectionToken__dtor_ipcCriticalSectionToken_void	72	neighbour	003693E8
00398D58	ipcCriticalSectionToken__TestOrSetOwner_bool_ipcThreadTag__ptr	128	neighbour	00369430
00398DD8	ipcCriticalSectionToken__Lock_void	96	neighbour	003694B0
00398E38	ipcCriticalSectionToken__Unlock_void	88	neighbour	00369510
00398E90	ipcCriticalSection__ipcCriticalSection_ipcCriticalSectionToken__ref	48	neighbour	00369568
00398EC0	ipcCriticalSection__dtor_ipcCriticalSection_void	80	neighbour	00369598
00398F10	ipcCriticalSection__Enter_void	60	neighbour	003695E8
00398F50	ipcCriticalSection__Exit_void	60	neighbour	00369628
00398F90	__static_initialization_and_destruction_0__00369668	52	neighbour	00369668
00398FC8	_GLOBAL_$I$c__soft_age_src_core_ipc_cppRjaaaa	32	neighbour	003696A0
00399070	__tcf_0__00369748	36	neighbour	00369748
00399688	Stream__PutCh_unsigned_char	52	neighbour	00369D58
00399BB8	__static_initialization_and_destruction_0__0036A2F8	8	neighbour	0036A2F8
00399BC0	_GLOBAL_$I$c__soft_age_src_core_stream_cppopaaaa	32	neighbour	0036A300
0039A010	qr2_register_natneg_callback	20	neighbour	0036A750
0039A030	qr2_register_publicaddress_callback	20	neighbour	0036A770
0039A360	qr2_keybuffer_add	48	neighbour	0036AAA0
0039A5C8	swap_byte	20	neighbour	0036ACF0
0039A5E0	encode_ct	96	neighbour	0036AD08
0039A640	gs_encode	276	neighbour	0036AD68
0039A758	gs_encrypt	388	neighbour	0036AE80
0039A900	compute_challenge_response	176	neighbour	0036B028
0039B1E8	qr_got_recent_message	108	neighbour	0036B910
0039B868	qr2_register_keyA	40	neighbour	0036BF90
0039BF50	mcOccluderSystem__mcOccluderSystem_void	388	neighbour	0036C678
0039C0D8	mcOccluderSystem__Destroy_void	112	neighbour	0036C800
0039C148	mcOccluderDynamicInst__mcOccluderDynamicInst_void	20	neighbour	0036C870
0039C160	mcOccluderDynamicInst__dtor_mcOccluderDynamicInst_void	172	neighbour	0036C888
0039C210	mcOccluderDynamicInst__LinkToBaseOccluder_mcOccluderPolyhedron__ptr	216	neighbour	0036C938
0039C2E8	mcOccluderDynamicInst__Transform_Matrix34__ref	308	neighbour	0036CA10
0039C420	mcOccluderSystem__GetViewerCullMtxPtr_0_int	20	neighbour	0036CB48
0039C438	mcOccluderSystem__GetViewerCullMtxPtr_1_int	20	neighbour	0036CB60
0039C450	mcOccluderSystem__InlineFast2SpheresOutsideSinglePlane_A_Vector4_const__ref__Vector4_const__ref__const	444	neighbour	0036CB78
0039C610	mcOccluderSystem__DualFrustumVisCheck_A_Vector4_const__ref__float__ref	176	neighbour	0036CD38
0039C6C0	mcOccluderSystem__DualFrustumVisCheck_B_Vector4_const__ref__float__ref	176	neighbour	0036CDE8
0039C770	mcOccluderSystem__PrepDualFrustumCullMatrices_int_int	272	neighbour	0036CE98
0039CA10	mcOccluderSystem__FrustumVisCheck_Vector4_const__ref__float__ref	400	neighbour	0036CFB0
0039CBA0	GetNextVertex_LeftSide_bool_s_vert__ptr	24	neighbour	0036D140
0039CBB8	GetNextVertex_RightSide_bool_s_vert__ptr	24	neighbour	0036D158
0039CBD0	calcDelta_s_vert__ptr__s_vert__ptr	60	neighbour	0036D170
0039CC10	mcOccluderFacet__mcOccluderFacet_void	24	neighbour	0036D1B0
0039CC28	mcOccluderFacet__dtor_mcOccluderFacet_void	112	neighbour	0036D1C8
0039CC98	mcOccluderFacet__GetEdgeIndexReversed_int	16	neighbour	0036D238
0039CCA8	mcOccluderFacet__SetEdgeFlag_int_char	56	neighbour	0036D248
0039CCE0	mcOccluderFacet__SetVertexIndex_int_char	16	neighbour	0036D280
0039CCF0	mcOccluderFacet__GetVertpoolIndex_int	16	neighbour	0036D290
0039CD00	mcOccluderFacet__SetEdgeIndex_int_char	16	neighbour	0036D2A0
0039CD10	mcOccluderFacet__GetEdgeIndex_int	16	neighbour	0036D2B0
0039CD20	mcOccluderPolyhedron__mcOccluderPolyhedron_void	36	neighbour	0036D2C0
0039CD48	mcOccluderPolyhedron__dtor_mcOccluderPolyhedron_void	240	neighbour	0036D2E8
0039CE38	mcOccluderPolyhedron__GetBoundSphere_Vector4__ptr	36	neighbour	0036D3D8
0039CE60	mcOccluderPolyhedron__SetBoundSphere_Vector4__ref	36	neighbour	0036D400
0039CE88	mcOccluderPolyhedron__CreateFacet_int_int	128	neighbour	0036D428
0039CF10	mcOccluderPolyhedron__SetFacetIgnoredFlag_int_int	48	neighbour	0036D4B0
0039CF40	mcOccluderPolyhedron__GetVertex4_int_Vector4__ptr	72	neighbour	0036D4E0
0039CF88	mcOccluderPolyhedron__SetFacetEdgeIndexReverseFlag_int_int_char	48	neighbour	0036D528
0039CFB8	mcOccluderPolyhedron__GetFacetEdgeIndexReverseFlag_int_int	40	neighbour	0036D558
0039CFE0	mcOccluderPolyhedron__CalculateEdgeWindingData_void	364	neighbour	0036D580
0039D150	mcOccluderPolyhedron__CalculateFacetPlanes_void	8	neighbour	0036D6F0
0039D158	mcOccluderPolyhedron__SetFacetEdgeIndex_int_int_int	48	neighbour	0036D6F8
0039D188	mcOccluderPolyhedron__SetFacetVertIndex_int_int_int	48	neighbour	0036D728
0039D1B8	mcOccluderPolyhedron__AllocateVertexPool_int	124	neighbour	0036D758
0039D240	mcOccluderPolyhedron__AllocateEdges_int	136	neighbour	0036D7E0
0039D2C8	mcOccluderPolyhedron__AllocateFacetsAndPlanes_int	140	neighbour	0036D868
0039D360	mcOccluderPolyhedron__GetEdgeVertexIndex_int_int	36	neighbour	0036D900
0039D388	mcOccluderPolyhedron__GetPlane_int_Vector4__ptr	244	neighbour	0036D928
0039D480	mcOccluderPolyhedron__GetFacetNumVerts_int	20	neighbour	0036DA20
0039D498	mcOccluderPolyhedron__GetFacetEdgeIndex_int_int	40	neighbour	0036DA38
0039D4C0	mcOccluderPolyhedron__GetFacetVertIndex_int_int	40	neighbour	0036DA60
0039D4E8	mcOccluderPolyhedron__SetVertex_int_Vector3__ref	44	neighbour	0036DA88
0039D518	mcOccluderPolyhedron__SetEdgeIndices_char_char_char	36	neighbour	0036DAB8
0039D540	PvsViewer__PvsViewer_void	144	neighbour	0036DAE0
0039D5D0	PvsViewer__SetView_Vector3_const__ref__Vector3_const__ref	60	neighbour	0036DB70
0039D610	PvsViewer__SetCamMatrix_Matrix34_const__ptr	128	neighbour	0036DBB0
0039D690	mcOccluderSystem__DeactivateAllViews_void	44	neighbour	0036DC30
0039D708	mcOccluderSystem__StartNewFrame_void	16	neighbour	0036DCA8
0039D718	mcOccluderSystem__EndFrame_void	8	neighbour	0036DCB8
0039D720	mcOccluderSystem__InsertPlaneAsActiveOccluder_int_mcActiveOccluderPoly__ref__Vector4_const__ref	20	neighbour	0036DCC0
0039D738	mcOccluderSystem__CreateEdgePlaneToActiveOccluder_int_mcActiveOccluderPoly__ref__Vector3_const__ref__Vector3_const__ref__Vector3_const__ref	44	neighbour	0036DCD8
0039D770	mcOccluderSystem__GetViewRenderCamMatrix_int	20	neighbour	0036DD10
0039D788	mcOccluderSystem__RegenerateCompositeMatrices_int	116	neighbour	0036DD28
0039D800	mcOccluderSystem__SetViewMatrices_int_Matrix44_const__ref__Matrix44_const__ref__Matrix44_const__ref__Matrix44_const__ref	180	neighbour	0036DDA0
0039E7C8	mcOccluderSystem__ModifyViewer_Vector3_const__ref__Vector3_const__ref__int_Matrix34_const__ptr	148	neighbour	0036E968
0039E860	mcOccluderSystem__ViewSetupFinish_int_Matrix34_const__ptr	8	neighbour	0036EA00
0039EAF8	mcOccluderPoly__mcOccluderPoly_void	100	neighbour	0036EC88
0039EB60	mcOccluderPoly__dtor_mcOccluderPoly_void	80	neighbour	0036ECF0
0039EBB0	mcOccluderPoly__SetVertex_int_Vector3__ref	44	neighbour	0036ED40
0039EBE8	mcOccluderPoly__CalculatePlane_void	36	neighbour	0036ED78
0039EC10	mcOccluderPolyhedron__TestOutsideSinglePlane_int__ptr	316	neighbour	0036EDA0
0039EFA8	mcOccluderSystem__AllocatePolys_int_int__ptr__mcOccluderPoly__ptr__ptr	172	neighbour	0036F130
0039F058	mcOccluderSystem__AllocateGeoms_int_int__ptr__mcOccluderPolyhedron__ptr__ptr	172	neighbour	0036F1E0
0039F108	mcOccluderSystem__ReleasePolys_int__ptr__mcOccluderPoly__ptr__ptr	132	neighbour	0036F290
0039F190	mcOccluderSystem__ReleaseGeoms_int__ptr__mcOccluderPolyhedron__ptr__ptr	132	neighbour	0036F318
0039F7F8	mcOccluderPolyhedron__CreateSilhouettePolygonFromActiveEdges_s_polyEdgeData__ptr__unsigned_int	456	neighbour	0036F980
0039FA40	_GLOBAL_$I$c__soft_mc3_src_mcOccluder_occluder_cppGHaaaa	32	neighbour	0036FBD0
0039FA60	mcOccluderSystem__ActivateSpanBuffer_int_int_int	72	neighbour	0036FBF0
0039FAA8	SpriteSpanBuffer__ActivateSpanBuffer_short_short	8	neighbour	0036FC38
0039FAB0	mcOccluderSystem__GetStartingSpanForViewScanline_int_int	28	neighbour	0036FC40
0039FAD0	mcOccluderSystem__GetViewSSB_int	20	neighbour	0036FC60
0039FAE8	mcOccluderSystem__AllocateSpan_void	116	neighbour	0036FC78
0039FB60	mcOccluderSystem__ReleaseSpan_fSpan_s__ptr	76	neighbour	0036FCF0
0039FBB0	mcOccluderSystem__SetStartingSpanScanlineForActiveView_fSpan_s__ptr	68	neighbour	0036FD40
0039FBF8	mcOccluderSystem__InsertSpan_fSpan_s__ptr__short_short_float	900	neighbour	0036FD88
003A0E08	pssPlayer__GetWidth_void	8	neighbour	00370FB8
003A0E10	pssPlayer__GetHeight_void	8	neighbour	00370FC0
003A2390	pssAdpcm__pssAdpcm_void	16	neighbour	00372028
003A2778	pssPlayer__Error_sceMpeg__ptr__sceMpegCbDataError__ptr__pssPlayer__ptr	8	neighbour	00372408
003A2780	pssPlayer__NodataStub_sceMpeg__ptr__sceMpegCbData__ptr__pssPlayer__ptr	28	neighbour	00372410
003A2AC8	pssPlayer__Data_int_void_const__ptr__int	124	neighbour	00372720
003A2B48	pssPlayer__Data1_sceMpeg__ptr__sceMpegCbDataStr__ptr__pssPlayer__ptr	52	neighbour	003727A0
003A2B80	pssPlayer__Data2_sceMpeg__ptr__sceMpegCbDataStr__ptr__pssPlayer__ptr	52	neighbour	003727D8
003A2BB8	pssPlayer__Data3_sceMpeg__ptr__sceMpegCbDataStr__ptr__pssPlayer__ptr	52	neighbour	00372810
003A2BF0	pssPlayer__Data4_sceMpeg__ptr__sceMpegCbDataStr__ptr__pssPlayer__ptr	52	neighbour	00372848
003A2DE0	phConfig__EnableRefCounting_void	16	neighbour	00372A20
003A2E00	phConfig__SetBoundFolderName_char_const__ptr	36	neighbour	00372A40
003A2E58	phConfig__SetRagdollFolderName_char_const__ptr	36	neighbour	00372A98
003A2E80	phIntersection__Set_Vector3_const__ref__Vector3_const__ref__float_float_int_unsigned_char_unsigned_short_int	84	neighbour	00372AC0
003A2ED8	phIntersection__Set_phIntersection_const__ref	60	neighbour	00372B18
003A2F18	phIntersection__Set_phIntersection_const__ref__phInst__ptr	52	neighbour	00372B58
003A2F50	phIntersection__Set_phInst__ptr__Vector3_const__ref__Vector3_const__ref__float_float_int_unsigned_char_unsigned_short_int	76	neighbour	00372B90
003A2FE0	phIntersection__Transform_Matrix34_const__ptr	276	neighbour	00372C20
003A3290	phMaterial__SetFriction_float	8	neighbour	00372ED0
003A3298	phMaterial__SetElasticity_float	8	neighbour	00372ED8
003A3570	phMaterial__SaveType_datAsciiTokenizer__ref	48	neighbour	003731B0
003A3660	phMaterial__Copy_phMaterial_const__ref	88	neighbour	003732A0
003A3718	phMaterial__SaveBinary_Stream__ptr	144	neighbour	00373358
003A37A8	phMaterial__CopyIfDuplicateMaterial_void	72	neighbour	003733E8
003A3920	phMaterialSnd__Copy_phMaterial_const__ref	76	neighbour	00373560
003A3A80	phMaterialSnd__SaveBinary_Stream__ptr	120	neighbour	003736C0
003A3AF8	phMaterial__phMaterial_datResource__ref	20	neighbour	00373738
003A3B10	phMaterialSnd__phMaterialSnd_datResource__ref	52	neighbour	00373750
003A3D78	phMaterialMgr__AddToTable_phMaterial__ptr	40	neighbour	003739B8
003A3DA0	phMaterialMgr__RemoveFromTable_phMaterial__ptr	36	neighbour	003739E0
003A4028	phMaterialMgr__GetMaterial_int_const	56	neighbour	00373C68
003A4060	phMaterialMgr__AddMaterial_phMaterial__ptr__bool	180	neighbour	00373CA0
003A4120	phMaterialMgr__RemoveMaterial_phMaterial__ptr	136	neighbour	00373D60
003A41A8	phMaterialMgr__MaterialResourcePageIn_datResource__ref	92	neighbour	00373DE8
003A4210	__static_initialization_and_destruction_0__00373E50	64	neighbour	00373E50
003A4250	_GLOBAL_$I$c__soft_age_src_phcore_materialmgr_cppFxaaaa	32	neighbour	00373E90
003A4270	CreateRotatedMatrix_Vector3_const__ref__Vector3_const__ref	404	neighbour	00373EB0
003A4408	CreateAxiallySymmetricMatrix_Vector3_const__ref__Vector3_const__ref__Matrix34__ptr__Vector3__ptr__float__ptr	784	neighbour	00374048
003A4928	RankDescending_float_const__ptr__int__ptr__int	248	neighbour	00374568
003A4A20	FindCentroid_float_const__ptr__int_const__ptr__int	80	neighbour	00374660
003A4CA8	SolveLinear1D_float_float_const__ptr__int__ptr__int_float_float__ptr__bool	140	neighbour	003748C0
003A4D38	SolveLinear1DRecurse_float_float_const__ptr__int_const__ptr__int_float_float__ptr__bool	616	neighbour	00374950
003A4FA0	SolveLinear2D_float_float_float_float_float_float_float_float_float_float__ptr__float__ptr__float__ptr__bool	176	neighbour	00374BB8
003A5588	SolveLinear2DRecurse_float_float__ptr__float_float__ptr__float_float__ptr__float__ptr__int_float__ptr__float_float_bool_float_bool	2452	neighbour	003751A0
003A5F20	CombineSolveLinear2DTerms__FffffiiPfT6ifRfN210	548	neighbour	00375B38
003A6150	FindHomingAccel_float_float_float_float_float	172	neighbour	00375D68
003A6210	FindHomingAngAccel3D_float_float_Quaternion_const__ref__Vector3_const__ref__Quaternion_const__ref__Vector3_const__ref	792	neighbour	00375E28
003A77F0	phMathInertia__ClampAngInertia_Vector3__ref	132	neighbour	00377408
003A79B0	phMathInertia__FindSphereMass_float_float	44	neighbour	003775C8
003A79E0	phMathInertia__FindSphereAngInertia_float_float_Vector3__ptr	40	neighbour	003775F8
003A7A08	phMathInertia__FindSphereMassAngInertia_float_float_float__ptr__Vector3__ptr	80	neighbour	00377620
003A7A58	phMathInertia__FindHotdogMass_float_float_float	64	neighbour	00377670
003A7A98	phMathInertia__FindHotdogAngInertia_float_float_float_Vector3__ptr	192	neighbour	003776B0
003A7B58	phMathInertia__FindHotdogMassAngInertia_float_float_float_float__ptr__Vector3__ptr	96	neighbour	00377770
003A7BC0	phMathInertia__FindBoxMass_float_float_float_float	28	neighbour	003777D8
003A7BE0	phMathInertia__FindBoxAngInertia_float_float_float_float_Vector3__ptr	72	neighbour	003777F8
003A7C28	phMathInertia__FindBoxMassAngInertia_float_float_float_float_float__ptr__Vector3__ptr	112	neighbour	00377840
003A82D0	phPolygon__phPolygon_void	80	neighbour	00377EE8
003A8320	phPolygon__InitTriangle_unsigned_short_unsigned_short_unsigned_short_Vector3_const__ptr	48	neighbour	00377F38
003A8350	phPolygon__InitQuad_unsigned_short_unsigned_short_unsigned_short_unsigned_short_Vector3_const__ptr	48	neighbour	00377F68
003A8940	phPolygon__TestSegmentUndirected_Vector3_const__ptr__phSegment_const__ref__phIntersection__ptr__float_float_const	516	neighbour	00378548
003A8B48	phPolygon__DetectSegmentDirected_Vector3_const__ptr__Vector3_const__ref__Vector3_const__ref__const	584	neighbour	00378750
003A8D90	phPolygon__DetectSegmentUndirected_Vector3_const__ptr__Vector4_const__ref__Vector4_const__ref__const	620	neighbour	00378998
003A94E8	phSurface__Copy_phMaterial_const__ref	136	neighbour	003790F0
003A9610	phSurfaceMgr__DeleteInstance_void	64	neighbour	00379218
003A99E8	phSurface__phSurface_datResource__ref	52	neighbour	003795F0
003A9A20	phSurfaceMgr__MaterialResourcePageIn_datResource__ref	80	neighbour	00379628
003A9A78	mcNetFactory__mcNetFactory_void	52	neighbour	00379680
003A9AB0	mcNetFactory__dtor_mcNetFactory_void	40	neighbour	003796B8
003A9AD8	mcNetFactory__AllocateHostInfoMessage_void_const	96	neighbour	003796E0
003A9E68	mcLobby__ShutdownInstance_void	64	neighbour	00379A30
003A9EA8	mcLobby__mcLobby_void	108	neighbour	00379A70
003A9F18	mcLobby__dtor_mcLobby_void	40	neighbour	00379AE0
003AA2E8	mcLobby__ListingGamesCallback_void__ptr__PEERBool_char_const__ptr___SBServer__ptr__PEERBool_int_int_void__ptr	116	neighbour	00379E90
003AA370	mcLobby__DisconnectedCallback_void__ptr__char_const__ptr__void__ptr	52	neighbour	00379F18
003AA3A8	mcLobby__PlayerMessageCallback_void__ptr__char_const__ptr__char_const__ptr__MessageType_void__ptr	68	neighbour	00379F50
003AA3F0	mcLobby__PlayerUTMCallback_void__ptr__char_const__ptr__char_const__ptr__char_const__ptr__PEERBool_void__ptr	76	neighbour	00379F98
003AA440	mcLobby__ReadyChangedCallback_void__ptr__char_const__ptr__PEERBool_void__ptr	60	neighbour	00379FE8
003AA480	mcLobby__GameStartedCallback_void__ptr___SBServer__ptr__char_const__ptr__void__ptr	60	neighbour	0037A028
003AA4C0	mcLobby__PingCallback_void__ptr__char_const__ptr__int_void__ptr	60	neighbour	0037A068
003AA500	mcLobby__CrossPingCallback_void__ptr__char_const__ptr__char_const__ptr__int_void__ptr	68	neighbour	0037A0A8
003AA548	mcLobby__GlobalKeyChangedCallback_void__ptr__char_const__ptr__char_const__ptr__char_const__ptr__void__ptr	68	neighbour	0037A0F0
003AA590	mcLobby__QRServerKeyCallback_void__ptr__int_qr2_buffer_s__ptr__void__ptr	60	neighbour	0037A138
003AA5D0	mcLobby__QRPlayerKeyCallback_void__ptr__int_int_qr2_buffer_s__ptr__void__ptr	68	neighbour	0037A178
003AA618	mcLobby__QRTeamKeyCallback_void__ptr__int_int_qr2_buffer_s__ptr__void__ptr	68	neighbour	0037A1C0
003AA660	mcLobby__QRKeyListCallback_void__ptr__qr2_key_type_qr2_keybuffer_s__ptr__void__ptr	60	neighbour	0037A208
003AA6A0	mcLobby__QRCountCallback_void__ptr__qr2_key_type_void__ptr	52	neighbour	0037A248
003AA6D8	mcLobby__QRAddErrorCallback_void__ptr__qr2_error_t_char__ptr__void__ptr	60	neighbour	0037A280
003AA718	mcLobby__QRNatNegotiateCallback_void__ptr__int_void__ptr	100	neighbour	0037A2C0
003AAAC0	mcLobby__HandleDisconnected_void__ptr__char_const__ptr	8	neighbour	0037A688
003AAC30	mcLobby__HandlePlayerUTM_void__ptr__char_const__ptr__char_const__ptr__char_const__ptr__PEERBool	8	neighbour	0037A708
003AAC38	mcLobby__HandleReadyChanged_void__ptr__char_const__ptr__bool	8	neighbour	0037A710
003AAD00	mcLobby__HandlePing_void__ptr__char_const__ptr__int	8	neighbour	0037A7D8
003AAD08	mcLobby__HandleCrossPing_void__ptr__char_const__ptr__char_const__ptr__int	8	neighbour	0037A7E0
003AAD10	mcLobby__HandleGlobalKeyChanged_void__ptr__char_const__ptr__char_const__ptr__char_const__ptr	8	neighbour	0037A7E8
003AAD18	mcLobby__HandleQRServerKey_void__ptr__int_qr2_buffer_s__ptr	8	neighbour	0037A7F0
003AAD20	mcLobby__HandleQRPlayerKey_void__ptr__int_int_qr2_buffer_s__ptr	8	neighbour	0037A7F8
003AAD28	mcLobby__HandleQRTeamKey_void__ptr__int_int_qr2_buffer_s__ptr	8	neighbour	0037A800
003AAD30	mcLobby__HandleQRKeyList_void__ptr__qr2_key_type_qr2_keybuffer_s__ptr	8	neighbour	0037A808
003AAD38	mcLobby__HandleQRCount_void__ptr__qr2_key_type	8	neighbour	0037A810
003AAD40	mcLobby__HandleQRAddError_void__ptr__qr2_error_t_char__ptr	8	neighbour	0037A818
003AAD48	mcLobby__HandleQRNatNegotiate_void__ptr__int	36	neighbour	0037A820
003AAD70	mcLobby__HandleNegotiateProgress_int_void__ptr	8	neighbour	0037A848
003AAE00	mcLobby__DisplayMessage_char_const__ptr__unsigned_int_char_const__ptr	8	neighbour	0037A8D8
003AAE30	mcLobby__ProcessNatNegotiationPacket_unsigned_char__ptr__int_sockaddr__ptr	36	neighbour	0037A900
003AAE58	mcLobby__GetLocalPublicIP_void	68	neighbour	0037A928
003AAEA0	mcLobby__SendNatNegotiateCookie_netAddress_const__ref__unsigned_int	132	neighbour	0037A970
003AAF28	mcLobby__StartNatNegotiation_unsigned_int_bool_void__ptr	204	neighbour	0037A9F8
003AAFF8	mcLobby__CancelNatNegotiation_unsigned_int	36	neighbour	0037AAC8
003AB020	mcLobby__ShutdownNat_void	28	neighbour	0037AAF0
003AB200	mcLobby__DeleteGame_void	48	neighbour	0037ACC8
003AB2C0	mcLobby__Draw_void	8	neighbour	0037AD78
003AB2C8	mcNetManager__IsPeerMuted_unsigned_int_const	8	neighbour	0037AD80
003AB2D0	mcNetManager__GetLocalHasCommunicator_void_const	8	neighbour	0037AD88
003AB2D8	mcNetManager__GetHostHasCommunicator_void_const	8	neighbour	0037AD90
003AB2E0	mcNetManager__mcNetManager_netFactory__ptr__netSocket__ptr__int_int	220	neighbour	0037AD98
003AC9A8	mcNetManager__SetSealed_bool	56	neighbour	0037BC20
003AC9E0	mcNetManager__SetPassword_char_const__ptr	96	neighbour	0037BC58
003ACA40	mcNetManager__IsCompletelyValid_int	84	neighbour	0037BCB8
003AF5F8	mcNetProtocol__GetVersion_void_const	36	neighbour	0037DF30
003AFAD8	memMemoryAllocator__DisableSmallocator_void	12	neighbour	0037E3C8
003AFAE8	memMemoryAllocator__FindHeap_void__ptr	108	neighbour	0037E3D8
003AFBA8	MemAvail_bool	72	neighbour	0037E498
003AFD08	memMemoryAllocator__dtor_memMemoryAllocator_void	108	neighbour	0037E5F8
003B0798	memMemoryAllocator__Unlink_memMemoryAllocator__node__ptr	140	neighbour	0037F0A8
003B0828	memMemoryAllocator__Link_memMemoryAllocator__node__ptr	128	neighbour	0037F138
003B08B0	memMemoryAllocator__VerifyBlock_void__ptr	8	neighbour	0037F1C0
003B08D8	memMemoryAllocator__GetStats_memMemStats__ptr__bool	464	neighbour	0037F1E8
003B0AA8	memMemoryAllocator__GetMemUsed_int	436	neighbour	0037F3B8
003B0ED0	memMemoryAllocator__DisplayUsed_char_const__ptr	80	neighbour	0037F948
003B0F20	memMemoryAllocator__MemUsed_int	136	neighbour	0037F998
003B0FA8	memMemoryAllocator__GetSmallocator_unsigned_int	116	neighbour	0037FA20
003B1128	memSmallocator__Allocate_memMemoryAllocator__ref	308	neighbour	0037FBA0
003B14B0	_GLOBAL_$I$c__soft_age_src_memory_allocator_cToaaaa	32	neighbour	0037FF30
003B1918	__tcf_0__00380398	36	neighbour	00380398
003B1B00	__tcf_1	36	neighbour	00380580
003B1CD0	drwShaderModel__LoadSkel_rmcTypeFileCbData__ptr	180	neighbour	00380750
003B1DD8	drwShaderModel__Draw_rmcShaderData_const__ptr__Matrix34_const__ref__int_int_atBitSet__ptr__int_const	100	neighbour	00380858
003B1E40	drwShaderModel__DrawSinglePart_rmcShaderData_const__ptr__Matrix34_const__ref__int_int_int_const	296	neighbour	003808C0
003B2418	drwShaderModelStreamed__Draw_rmcShaderData_const__ptr__Matrix34_const__ref__int_int_atBitSet__ptr__int_const	60	neighbour	00380E98
003B2458	drwShaderModelStreamed__Delete_void	8	neighbour	00380ED8
003B2460	drwShaderModelStreamed__SetLodThresh_int_float	40	neighbour	00380EE0
003B2488	mcTexture__dtor_mcTexture_void	112	neighbour	00380F08
003B2500	mcTexture__Touch_float_const	40	neighbour	00380F80
003B2B18	mcAnimationStreamed__Delete_void	8	neighbour	00381470
003B2B40	mcTexture__Place_datResource__ref	28	neighbour	00381498
003B2BE8	drwShaderModel__UnPlace_drwShaderModel__ref	28	neighbour	00381538
003B2C38	fixup_anim_datResource__ref__void__ptr__ref	8	neighbour	00381588
003B2D20	drwShaderModelStreamed__drwShaderModelStreamed_datResource__ref	104	neighbour	00381670
003B2D88	mcTexture__mcTexture_datResource__ref	84	neighbour	003816D8
003B2DE0	mcTexture__UnPlace_mcTexture__ref	8	neighbour	00381730
003B2DE8	mcTextureStreamed__mcTextureStreamed_datResource__ref	104	neighbour	00381738
003B2E50	mcImageStreamed__mcImageStreamed_datResource__ref	104	neighbour	003817A0
003B2EE0	mcAnimationStreamed__mcAnimationStreamed_datResource__ref	104	neighbour	00381808
003B2F48	mcGfx__mcGfx_void	48	neighbour	00381870
003B35B8	mcModelFactory__mcModelFactory_void	76	neighbour	00381F30
003B3608	mcModelFactory__dtor_mcModelFactory_void	44	neighbour	00381F80
003B3810	drwShaderFactory__CreateShaderFactory_void	64	neighbour	00382140
003B4768	drwShaderFactory__CreateGroup_int	152	neighbour	00383028
003B5138	drwShaderFactory__ResourcePageIn_datResource__ref__rmcShaderGroup__ptr	28	neighbour	00383988
003B51D0	mcSpecularMap__dtor_mcSpecularMap_void	148	neighbour	00383A20
003B5E78	mcTextureFactory__SetCurrentDecalTex_rmcTexture__ptr	96	neighbour	00384840
003B5ED8	mcTextureFactory__SetCurrentLogoTex_rmcTexture__ptr	96	neighbour	003848A0
003B5F38	mcTextureFactory__SetCurrentLicenseTex_rmcTexture__ptr	96	neighbour	00384900
003B6040	SetFresnelParams_Vector4_const__ref	152	neighbour	003849F0
003B60D8	SetFresnelParamsChrome_void	148	neighbour	00384A88
003B6170	drwMultiShader__Draw_rmcModel_const__ref__rmcShaderData_const__ptr__int_int_const	56	neighbour	00384B20
003B6330	drwShaderHood__Draw_rmcModel_const__ref__rmcShaderData_const__ptr__int_int_const	52	neighbour	00384CE0
003B6540	drwShaderTaillightCasing__Draw_rmcModel_const__ref__rmcShaderData_const__ptr__int_int_const	52	neighbour	00384EF0
003B66C8	drwShaderRiderStealth__Draw_rmcModel_const__ref__rmcShaderData_const__ptr__int_int_const	108	neighbour	00384FF8
003B6738	drwShaderCutout__Load_char_const__ptr__char_const__ptr_const__ptr__int_rmcShaderGroup__ref	132	neighbour	00385068
003B67C0	drwShaderCutout__Bind_rmcShaderData_const__ptr__rmcShaderData_const__ptr__int_const	28	neighbour	003850F0
003B76E0	drwShaderColoredGlass__Draw_rmcModel_const__ref__rmcShaderData_const__ptr__int_int_const	208	neighbour	00385E60
003B77B0	drwShaderCarWindows__drwShaderCarWindows_void	60	neighbour	00385F30
003B77F0	drwShaderCarWindows__dtor_drwShaderCarWindows_void	128	neighbour	00385F70
003B81C0	drwShaderRubber__Load_char_const__ptr__char_const__ptr_const__ptr__int_rmcShaderGroup__ref	60	neighbour	00386580
003B8200	drwShaderRubber__Draw_rmcModel_const__ref__rmcShaderData_const__ptr__int_int_const	252	neighbour	003865C0
003B8300	drwShaderRubber__Bind_rmcShaderData_const__ptr__rmcShaderData_const__ptr__int_const	28	neighbour	003866C0
003B8AE8	drwShaderAmbientBody__Load_char_const__ptr__char_const__ptr_const__ptr__int_rmcShaderGroup__ref	320	neighbour	00386CA0
003B8C28	drwShaderAmbientBody__Bind_rmcShaderData_const__ptr__rmcShaderData_const__ptr__int_const	292	neighbour	00386DE0
003B8D50	drwShaderAmbientBody__Draw_rmcModel_const__ref__rmcShaderData_const__ptr__int_int_const	200	neighbour	00386F08
003B8FE0	drwShaderNeonShadow__Bind_rmcShaderData_const__ptr__rmcShaderData_const__ptr__int_const	464	neighbour	00387198
003B91B0	drwShaderNeonShadow__Draw_rmcModel_const__ref__rmcShaderData_const__ptr__int_int_const	324	neighbour	00387368
003B92F8	drwShaderLitTextured__Load_char_const__ptr__char_const__ptr_const__ptr__int_rmcShaderGroup__ref	76	neighbour	003874B0
003B9348	drwShaderLitTextured_NoDamage__Load_char_const__ptr__char_const__ptr_const__ptr__int_rmcShaderGroup__ref	76	neighbour	00387500
003B9398	drwShaderLitTexturedBikeForks__Load_char_const__ptr__char_const__ptr_const__ptr__int_rmcShaderGroup__ref	76	neighbour	00387550
003BAD30	drwShaderCarDecalMulti__Draw_rmcModel_const__ref__rmcShaderData_const__ptr__int_int_const	192	neighbour	00388C10
003BADF0	drwShaderCarDecalNormal__Load_char_const__ptr__char_const__ptr_const__ptr__int_rmcShaderGroup__ref	156	neighbour	00388CD0
003BAE90	drwShaderCarDecalNormal__Draw_rmcModel_const__ref__rmcShaderData_const__ptr__int_int_const	320	neighbour	00388D70
003BAFD0	drwShaderCarDecalChrome__Load_char_const__ptr__char_const__ptr_const__ptr__int_rmcShaderGroup__ref	156	neighbour	00388EB0
003BB2E8	drwShaderDefaultShiny__Load_char_const__ptr__char_const__ptr_const__ptr__int_rmcShaderGroup__ref	60	neighbour	00389320
003BB328	drwShaderDefaultShiny__Bind_rmcShaderData_const__ptr__rmcShaderData_const__ptr__int_const	160	neighbour	00389360
003BB3C8	drwShaderDefaultShiny__Draw_rmcModel_const__ref__rmcShaderData_const__ptr__int_int_const	156	neighbour	00389400
003BB608	drwShaderAntiAliasedTrim__Bind_rmcShaderData_const__ptr__rmcShaderData_const__ptr__int_const	104	neighbour	00389640
003BBBB8	drwShaderAntiAliasedChrome__Bind_rmcShaderData_const__ptr__rmcShaderData_const__ptr__int_const	28	neighbour	00389CE0
003BD220	drwShaderWheelTextureSwap__drwShaderWheelTextureSwap_void	64	neighbour	0038B478
003BD260	drwShaderWheelTextureSwap__dtor_drwShaderWheelTextureSwap_void	164	neighbour	0038B4B8
003BD4D0	drwShaderWheelTextureSwap__InitLocals_rmcShaderGroup__ref	104	neighbour	0038B728
003BD538	drwShaderWheelTextureSwap__SwapTexture_rmcShaderData_const__ptr	272	neighbour	0038B790
003BD648	drwShaderWheelTextureSwap__Bind_rmcShaderData_const__ptr__rmcShaderData_const__ptr__int_const	44	neighbour	0038B8A0
003BD678	drwShaderWheelTextureSwap__Draw_rmcModel_const__ref__rmcShaderData_const__ptr__int_int_const	112	neighbour	0038B8D0
003BD6E8	drwShaderDavinReflectorInsert__Load_char_const__ptr__char_const__ptr_const__ptr__int_rmcShaderGroup__ref	328	neighbour	0038B940
003BD830	drwShaderDavinReflectorInsert__Draw_rmcModel_const__ref__rmcShaderData_const__ptr__int_int_const	372	neighbour	0038BA88
003BD9A8	drwShaderSinglePassWheel__Load_char_const__ptr__char_const__ptr_const__ptr__int_rmcShaderGroup__ref	56	neighbour	0038BC00
003BD9E0	drwShaderWheelFloatingPoly__Load_char_const__ptr__char_const__ptr_const__ptr__int_rmcShaderGroup__ref	68	neighbour	0038BC38
003BDA28	drwShaderChromeWheel__Load_char_const__ptr__char_const__ptr_const__ptr__int_rmcShaderGroup__ref	68	neighbour	0038BC80
003BDA78	drwShaderMoreChromeWheelHiLod__Load_char_const__ptr__char_const__ptr_const__ptr__int_rmcShaderGroup__ref	548	neighbour	0038BCD0
003BE888	drwShaderTire__dtor_drwShaderTire_void	164	neighbour	0038CB40
003BF3D8	drwShaderRiderSkin__Load_char_const__ptr__char_const__ptr_const__ptr__int_rmcShaderGroup__ref	72	neighbour	0038D008
003BF420	drwShaderRiderSkin__DrawSkinned_rmcModel_const__ref__rmcShaderData_const__ptr__int_Matrix34_const__ptr__int_int_const	448	neighbour	0038D050
003BF5E0	drwShaderRiderHair__Load_char_const__ptr__char_const__ptr_const__ptr__int_rmcShaderGroup__ref	56	neighbour	0038D210
003BF618	drwShaderRiderHair__DrawSkinned_rmcModel_const__ref__rmcShaderData_const__ptr__int_Matrix34_const__ptr__int_int_const	276	neighbour	0038D248
003BF730	drwShaderRiderLeathers__Load_char_const__ptr__char_const__ptr_const__ptr__int_rmcShaderGroup__ref	72	neighbour	0038D360
003BF778	drwShaderRiderLeathers__DrawSkinned_rmcModel_const__ref__rmcShaderData_const__ptr__int_Matrix34_const__ptr__int_int_const	444	neighbour	0038D3A8
003BF938	drwShaderRiderVinylJacket__Load_char_const__ptr__char_const__ptr_const__ptr__int_rmcShaderGroup__ref	72	neighbour	0038D568
003BF980	drwShaderRiderVinylJacket__DrawSkinned_rmcModel_const__ref__rmcShaderData_const__ptr__int_Matrix34_const__ptr__int_int_const	432	neighbour	0038D5B0
003BFB30	drwShaderRiderCloth__Load_char_const__ptr__char_const__ptr_const__ptr__int_rmcShaderGroup__ref	72	neighbour	0038D760
003BFB78	drwShaderRiderCloth__DrawSkinned_rmcModel_const__ref__rmcShaderData_const__ptr__int_Matrix34_const__ptr__int_int_const	424	neighbour	0038D7A8
003BFD20	drwShaderRiderClothDetailMapShirt__dtor_drwShaderRiderClothDetailMapShirt_void	172	neighbour	0038D950
003BFEC0	drwShaderRiderClothDetailMapShirt__CustomBind_Vector2__ref__float_int	224	neighbour	0038DAF0
003BFFA0	drwShaderRiderClothDetailMapShirt__DrawSkinned_rmcModel_const__ref__rmcShaderData_const__ptr__int_Matrix34_const__ptr__int_int_const	184	neighbour	0038DBD0
003C0090	drwShaderRiderClothDetailMapPants__DrawSkinned_rmcModel_const__ref__rmcShaderData_const__ptr__int_Matrix34_const__ptr__int_int_const	184	neighbour	0038DCC0
003C0148	drwShaderRiderVisor__Load_char_const__ptr__char_const__ptr_const__ptr__int_rmcShaderGroup__ref	48	neighbour	0038DD78
003C0178	drwShaderRiderVisor__DrawSkinned_rmcModel_const__ref__rmcShaderData_const__ptr__int_Matrix34_const__ptr__int_int_const	500	neighbour	0038DDA8
003C0370	drwShaderRiderVisor2Pass__Load_char_const__ptr__char_const__ptr_const__ptr__int_rmcShaderGroup__ref	48	neighbour	0038DFA0
003C0820	drwShaderRiderHelmetShiny__Load_char_const__ptr__char_const__ptr_const__ptr__int_rmcShaderGroup__ref	48	neighbour	0038E2D8
003C0850	drwShaderRiderHelmetShiny__DrawSkinned_rmcModel_const__ref__rmcShaderData_const__ptr__int_Matrix34_const__ptr__int_int_const	228	neighbour	0038E308
003C1E78	drwShaderThirdBrakelight__Bind_rmcShaderData_const__ptr__rmcShaderData_const__ptr__int_const	564	neighbour	0038EFE8
003C20B0	drwShaderThirdBrakelight__Draw_rmcModel_const__ref__rmcShaderData_const__ptr__int_int_const	164	neighbour	0038F220
003C2F28	drwShaderCoplight2__Bind_rmcShaderData_const__ptr__rmcShaderData_const__ptr__int_const	544	neighbour	0038FBE0
003C3320	drwShaderCoplightbar__Bind_rmcShaderData_const__ptr__rmcShaderData_const__ptr__int_const	588	neighbour	00390008
003C7808	mcGeomBase__Init_mshMesh_const__ref__int_bool_int_GeomPacketFVF	8	neighbour	00394510
003C7810	mcGeomBase__Draw_rmcModel_const__ref__const	8	neighbour	00394518
003C7818	mcGeomBase__dtor_mcGeomBase_void	48	neighbour	00394520
003C7848	mcGeomBase__ComputeFVF_mshMesh_const__ref	80	neighbour	00394550
003C7898	mcGeomBase__PackData_unsigned_int__ptr__short_const__ptr__int_int_int_int__ref	1172	neighbour	003945A0
003C7D40	sndManager__InitClass_int_int	144	neighbour	00394A48
003C7FA0	sndManager__ShutdownClass_void	116	neighbour	00394C80
003C8018	sndManager__Update_void	48	neighbour	00394CF8
003C8048	sndManager__SendCommands_bool	212	neighbour	00394D28
003C8120	sndManager__UpdateStatus_void	368	neighbour	00394E00
003C8290	sndManager__AddCommand_char_short_unsigned_int__ptr	116	neighbour	00394F70
003C8388	sndManager__GetSndStatus_void	12	neighbour	00395068
003C8398	sndManager__SetMasterVolume_float	72	neighbour	00395078
003C84E8	sndManager__IsInitialized_void	12	neighbour	00395158
003C84F8	sndManager__SetDspFXVolume_unsigned_int_float_float	100	neighbour	00395168
003C8560	sndManager__SetDspFXType_unsigned_int_unsigned_int_unsigned_int_unsigned_int	56	neighbour	003951D0
003C8598	sndManager__LoadBank_int_int_char_const__ptr	88	neighbour	00395208
003C85F0	sndManager__UnLoadBank_int	40	neighbour	00395260
003C8618	sndManager__BankStatus_int	20	neighbour	00395288
003C8688	sndManager__SetStreamVolume_float	72	neighbour	003952F8
003C8720	_GLOBAL_$I$c__soft_age_src_audio_manager_cXIaaaa	32	neighbour	003953A0
003C8740	sndSfx__GetSfx_int	20	neighbour	003953C0
003C8758	sndSfx__GetMaxSfxs_void	12	neighbour	003953D8
003C8768	sndSfx__InitClass_int	64	neighbour	003953E8
003C87A8	sndSfx__Begin_void	68	neighbour	00395428
003C87F0	sndSfx__End_void	112	neighbour	00395470
003C8860	sndSfx__ShutdownClass_void	40	neighbour	003954E0
003C8888	sndSfx__Play_int_int_float_float_float_bool_int	296	neighbour	00395508
003C89B0	sndSfx__Pause_void	44	neighbour	00395630
003C89E0	sndSfx__Resume_void	44	neighbour	00395660
003C8A10	sndSfx__Stop_void	44	neighbour	00395690
003C8A40	sndSfx__SetVolume_float	112	neighbour	003956C0
003C8AB0	sndSfx__SetPitch_float	68	neighbour	00395730
003C8AF8	sndSfx__SetPan_float	64	neighbour	00395778
003C8B38	sndSfx__SetProLogic2Pan_int	48	neighbour	003957B8
003C8B68	sndSfx__SetReverbVolume_int_int_float	188	neighbour	003957E8
003C8C28	sndSfx__SetPosition_float_float_float_bool	8	neighbour	003958A8
003C8C30	sndSfx__SetRadius_float_float	80	neighbour	003958B0
003C8C80	sndSfx__IsPlaying_void	44	neighbour	00395900
003C8CB0	sndSfx__IsPaused_void	16	neighbour	00395930
003C8CC0	sndSfx__GetMode_void	8	neighbour	00395940
003C8CC8	sndSfx__SetMode_int	8	neighbour	00395948
003C8CD0	sndStream__GetStream_int	24	neighbour	00395950
003C8CE8	sndStream__GetMaxStreams_void	12	neighbour	00395968
003C8EF8	sndStream__SetDiskXferBufSize_int	40	neighbour	00395B78
003C8F20	sndStream__InitClass_int	84	neighbour	00395BA0
003C8F78	sndStream__Begin_void	92	neighbour	00395BF8
003C8FD8	sndStream__End_void	116	neighbour	00395C58
003C9050	sndStream__ShutdownClass_void	40	neighbour	00395CD0
003C9078	sndStream__Play_float_int_char_const__ptr	296	neighbour	00395CF8
003C91A0	sndStream__Pause_void	48	neighbour	00395E20
003C91D0	sndStream__Resume_void	48	neighbour	00395E50
003C9200	sndStream__Stop_void	48	neighbour	00395E80
003C9230	sndStream__SetVolume_float	84	neighbour	00395EB0
003C93A8	sndStream__SetPitch_float	68	neighbour	00395F50
003C93F0	sndStream__SetPosition_float_float_float_bool	8	neighbour	00395F98
003C9400	sndStream__SetAltStream_char_const__ptr	184	neighbour	00395FA8
003C94B8	sndStream__IsPlaying_void	52	neighbour	00396060
003C94F0	sndStream__IsPaused_void	16	neighbour	00396098
003C9500	sndStream__GetMode_void	8	neighbour	003960A8
003C9508	sndStream__GetSize_void_const	8	neighbour	003960B0
003C9510	sndStream__SetMode_int	8	neighbour	003960B8
003C9518	sndStream__Preload_float_int_char_const__ptr	296	neighbour	003960C0
003C9640	sndStream__Start_void	64	neighbour	003961E8
003C9BC0	mcCheckpoint__UnloadStaticData_void	256	neighbour	00396718
003C9CC0	mcCheckpoint__dtor_mcCheckpoint_void	36	neighbour	00396818
003C9DD0	mcCheckpoint__UpdateState_void	172	neighbour	00396918
003CA0A8	mcCheckpoint__Update_void	60	neighbour	00396BF0
003CA0E8	mcCheckpoint__UpdateFlickering_float	52	neighbour	00396C30
003CA120	mcCheckpoint__GetOuterShellHeight_int	104	neighbour	00396C68
003CA188	mcCheckpoint__IsPlayersTgtCheckpoint_int	80	neighbour	00396CD0
003CB730	mcCheckpoint__ClearAlphaChannel_void	8	neighbour	003980C8
003CDC68	mcCheckpointTuneParams__GetTypeName_void	12	neighbour	0039A328
003CDE68	__static_initialization_and_destruction_0__0039A588	104	neighbour	0039A588
003CDED0	_GLOBAL_$I$c__soft_mc3_src_mcrace_checkpoint_cqEaaaa	32	neighbour	0039A5F0
003CE080	mcPowerUpMgr__dtor_mcPowerUpMgr_void	156	neighbour	0039A7D0
003CE158	mcPowerUpMgr__ShutdownInstance_void	64	neighbour	0039A8A8
003D0448	mcRaceAmbient__dtor_mcRaceAmbient_void	200	neighbour	0039BED8
003D0FF8	mcRaceAmbient__GetPathNodeSpeed_int_const	36	neighbour	0039C9F8
003D1020	mcRaceAmbient__GetPathNodeHeightOffset_int_const	20	neighbour	0039CA20
003D1038	mcRaceAmbient__SetName_char_const__ptr	28	neighbour	0039CA38
003D1058	__static_initialization_and_destruction_0__0039CA58	52	neighbour	0039CA58
003D1090	_GLOBAL_$I$c__soft_mc3_src_mcrace_raceambient_cppKzaaaa	32	neighbour	0039CA90
003D10D8	aiOpponentStart__dtor_aiOpponentStart_void	188	neighbour	0039CAD8
003D1308	mcPlayerData__SetName_unsigned_wchar_t_const__ptr	48	neighbour	0039CD00
003D1338	mcPlayerData__SetNameForNetworked_int	156	neighbour	0039CD30
003D14A0	mcRacerData__mcRacerData_void	136	neighbour	0039CF10
003D1528	mcRacerData__dtor_mcRacerData_void	48	neighbour	0039CF98
003D1668	mcPlayerData__mcPlayerData_void	64	neighbour	0039D0A8
003D1790	mcOpponentData__SetName_unsigned_wchar_t_const__ptr	92	neighbour	0039D1B0
003D17F0	mcTeamData__mcTeamData_void	52	neighbour	0039D210
003D1828	mcTeamData__Reset_void	12	neighbour	0039D248
003D3690	mcRaceBase__CreateRaceDDPMediator_void	36	neighbour	0039E840
003D36B8	mcRaceBase__InitializeAddControlledAmbient_void	92	neighbour	0039E868
003D3718	mcRaceBase__InitializeAddControlledPeds_void	28	neighbour	0039E8C8
003D3820	mcRaceBase__Probe3DPosition_Vector2_phIntersection__ptr	168	neighbour	0039E9D0
003D69C0	mcRaceBase__LoadRaceTrains_datAsciiTokenizer__ref	932	neighbour	003A0C18
003D9EC8	mcRaceBase__LoadAutoCopImmuneNodes_datAsciiTokenizer__ref	360	neighbour	003A3E40
003DA030	mcRaceBase__CountNumOpponentRacers_void_const	32	neighbour	003A3FA8
003DB658	mcRaceBase__DrawCheckpoints_int_const	136	neighbour	003A52F8
003DB6E0	mcRaceBase__DebugDrawTriggers_void_const	28	neighbour	003A5380
003DC4F0	mcRaceBase__CheckCheckpoint_Vector3_const__ref__float_float_Vector3_const__ref__bool_bool_float__ptr__const	184	neighbour	003A60A8
003DD040	mcRaceBase__ResetPickUp_void	28	neighbour	003A69E0
003DE398	mcRaceBase__IsItSafeForInAndOutputInUserState_void	56	neighbour	003A75E8
003DE3D0	mcRaceBase__UpdateTimer_void	456	neighbour	003A7620
003DE598	mcRaceBase__PlayerRanOutOfTime_int_mcPlayerData__ref	80	neighbour	003A77E8
003DEAB0	mcRaceBase__Draw_void	88	neighbour	003A7A18
003DEE48	mcRaceBase__StartRace_void	80	neighbour	003A7C58
003DEF38	mcRaceBase__ResetTriggers_void	28	neighbour	003A7D48
003DF9A0	mcRaceBase__GetCityHookmanIndex_int_const	148	neighbour	003A8308
003DFA38	mcRaceBase__LookupHookmanName_int_const	128	neighbour	003A83A0
003DFCD8	mcRaceBase__GetFlagHolderTeam_void_const	8	neighbour	003A8658
003E3EE8	mcRaceFlagBase__ShowResults_bool	80	neighbour	003AC178
003E5A08	mcRaceHookmen__InitializeAddControlledAmbient_void	392	neighbour	003ADB08
003E5B90	mcRaceHookmen__InitializeAddControlledPeds_void	8	neighbour	003ADC90
003E6F48	mcRaceHookmen__ResetTriggers_void	148	neighbour	003AEE58
003E7588	mcRaceHookmen__UpdateOpponentIconStatus_void	212	neighbour	003AF348
003E7FE8	mcRaceHookmen__UpdateTriggerManager_void	184	neighbour	003AFD90
003E8418	mcRaceHookmen__LoadHookmanSubRace_mcPgKBOpenRace_const__ref	668	neighbour	003B01C0
003E86B8	mcRaceHookmen__LoadFollowRace_int_char_const__ptr__char_const__ptr	88	neighbour	003B0460
003E8710	mcRaceHookmen__LoadCruiseRace_int_char_const__ptr__char_const__ptr	88	neighbour	003B04B8
003E8870	mcRaceHookmen__DoesRaceHaveCruisingHookman_mcPgKBOpenRace_const__ref__const	36	neighbour	003B0610
003E9CC0	_GLOBAL_$I$c__soft_mc3_src_mcrace_racehookmen_cppfuaaaa	32	neighbour	003B14F0
003E9D78	mcRaceMgr__dtor_mcRaceMgr_void	132	neighbour	003B15A8
003E9E38	mcRaceMgr__ShutdownInstance_void	64	neighbour	003B1668
003EA018	mcRaceMgr__PostLevelInit_void	40	neighbour	003B1858
003EB080	mcRaceMgr__Draw_void	56	neighbour	003B2870
003EB0B8	mcRaceMgr__Reset_void	76	neighbour	003B28A8
003EB108	mcRaceMgr__StartRace_void	40	neighbour	003B28F8
003EB130	__static_initialization_and_destruction_0__003B2920	52	neighbour	003B2920
003EB168	_GLOBAL_$I$c__soft_mc3_src_mcrace_racemgr_cjyaaaa	32	neighbour	003B2958
003EC840	mcRacePaint__GetPlayerDestination_int_Vector3__ref	388	neighbour	003B36B0
003EC9C8	mcRaceRoam__mcRaceRoam_void	56	neighbour	003B3838
003ECA00	mcRaceRoam__dtor_mcRaceRoam_void	40	neighbour	003B3870
003ECA28	mcRaceRoam__Update_void	28	neighbour	003B3898
003ECA48	mcRaceRoam__Reset_void	28	neighbour	003B38B8
003ECA68	mcRaceRoam__PostLevelLoad_void	28	neighbour	003B38D8
003ECB00	mcRaceStateDerived__dtor_mcRaceStateDerived_void	40	neighbour	003B3970
003ECB68	IsInCruise_void	40	neighbour	003B39D8
003ED2A0	mcRaceStateDerived__Reset_void	40	neighbour	003B4098
003EDB28	mcRaceStateDerived__EndUserState_void	36	neighbour	003B4848
003EDB50	mcRaceStateDerived__EnterStateFlythrough_void	80	neighbour	003B4870
003EE350	mcRaceStateDerived__EnterStateFirstFinished_void	8	neighbour	003B5120
003EE880	mcRaceStateDerived__EnterStateMC3Editor_void	76	neighbour	003B55F0
003EE8D0	mcRaceTrain__mcRaceTrain_void	64	neighbour	003B5640
003EE910	mcRaceTrain__dtor_mcRaceTrain_void	48	neighbour	003B5680
003EEA08	mcRaceTrain__LoadProperties_datAsciiTokenizer__ref	80	neighbour	003B5778
003EFFB8	mcTriggerGarageDoor__mcTriggerGarageDoor_mcPropBase__ptr	416	neighbour	003B6C40
003F01C8	mcTriggerGarage__mcTriggerGarage_mcPropBase_const__ptr__int	432	neighbour	003B6DE0
003F29D0	mcRaceAutocross__PostAiUpdate_void	28	neighbour	003B8D78
003F3210	mcRaceCheckpoint__dtor_mcRaceCheckpoint_void	92	neighbour	003B9300
003F3358	mcRaceCheckpoint__PostLevelLoad_void	160	neighbour	003B93C8
003F33F8	mcRaceCheckpoint__CreateRaceDDPMediator_void	36	neighbour	003B9468
003F39F0	mcRaceCheckpoint__CheckpointDeltaBeyondHit_int_int_const	156	neighbour	003B9938
003F3A90	mcRaceCheckpoint__HitOpponentCheckpointOrdered_int_int_bool	232	neighbour	003B99D8
003F3B78	mcRaceCheckpoint__OpponentAllowedToTargetFinalUnorderedCheckpoint_int	72	neighbour	003B9AC0
003F3BC0	mcRaceCheckpoint__HitOpponentCheckpointUnordered_int_int	352	neighbour	003B9B08
003F3D20	mcRaceCheckpoint__HitPlayerCheckpoint_int_int_float	248	neighbour	003B9C68
003F4118	mcRaceCheckpoint__GetPlayerDestination_int_Vector3__ref	184	neighbour	003BA040
003F41D0	mcRaceCheckpoint__UpdatePlayerCheckpointsOrdered_void	396	neighbour	003BA0F8
003F45E0	mcRaceCheckpoint__UpdateOpponentCheckpointsOrdered_void	580	neighbour	003BA510
003F4828	mcRaceCheckpoint__UpdateOpponentCheckpointsUnordered_void	452	neighbour	003BA758
003F49F0	mcRaceCheckpoint__UpdateTargetOrdered_mcRacerData__ref__Vector3_const__ref	152	neighbour	003BA920
003F4A88	mcRaceCheckpoint__UpdateTargetUnordered_int_mcRacerData__ref__Vector3_const__ref	136	neighbour	003BA9B8
003F4B10	mcRaceCheckpoint__PostAiUpdate_void	128	neighbour	003BAA40
003F69C8	mcRaceDDMediatorCommon__GetVehicleDifficultyRange_mcCar__ptr	56	neighbour	003BC320
003F6A00	mcRaceDDMediatorCommon__GetVehicleDifficultyRange_int	72	neighbour	003BC358
003F7188	mcRaceAutocrossDDPMediator__AdjustRubberBanding_void	8	neighbour	003BC7F8
003F8560	mcRaceFrenzy__EnablePowerUpTypeGo_int	76	neighbour	003BD908
003F89D0	mcRaceLastManOut__PlayerLapFinished_int_float	92	neighbour	003BDCA0
003FA300	aiBrain__HostRespawned_void	28	neighbour	003BEDC8
003FA320	aiBrain__SetGlobalMaxThrottle_float	8	neighbour	003BEDE8
003FB668	aiBrain__ModulateRubberBandingForDifficulty_void	84	neighbour	003BF530
003FB728	aiBrain__CopyRawTarget_void	32	neighbour	003BF5F0
003FB910	aiBrain__ForceNitro_void	28	neighbour	003BF7D8
003FB930	aiBrain__CollectSSTPending_void	28	neighbour	003BF7F8
003FB950	aiBrain__CollectNitroPending_void	68	neighbour	003BF818
003FB998	aiBrain__ShootPowerupPending_void	28	neighbour	003BF860
003FC508	aiBrain__HostVelocity_void_const	12	neighbour	003BFD58
003FC518	aiBrain__HostSpeed_void_const	12	neighbour	003BFD68
003FC528	aiBrain__HostHeading_void_const	20	neighbour	003BFD78
003FC540	aiBrain__HostDirection_void_const	12	neighbour	003BFD90
003FC5B0	aiBrain__IgnoreObstacles_void_const	40	neighbour	003BFDF8
003FC7B8	aiBrain__SetPersonalities_signed_char_const__ptr	416	neighbour	003BFF48
003FC958	aiBrain__ClearPersonalities_void	52	neighbour	003C00E8
003FC990	aiBrain__UpdatePersonalities_void	1452	neighbour	003C0120
003FCF40	aiBrain__LeavePersonality_void	52	neighbour	003C06D0
003FD180	aiBrain__GoodPowerupActivationCheck_void	364	neighbour	003C0810
003FDAA0	aiBrain__UpdateMotorcycleModifiers_void	104	neighbour	003C1080
003FDB70	aiBrainTarget__Copy_aiBrainTarget_const__ref	64	neighbour	003C1150
003FDD98	aiBrainHookman__UpdatePreRace_void	44	neighbour	003C13B0
003FDDC8	aiBrainHookman__Update_void	96	neighbour	003C13E0
003FE520	aiBrainHookman__ResetLostPlayer_void	44	neighbour	003C1A98
003FE550	aiBrainHookman__WarpToRoute_void	48	neighbour	003C1AC8
003FE6A0	aiBrainHookman__GetCurrentWaypoint_Vector3__ref__const	44	neighbour	003C1C20
003FE810	aiBrainHookman__IsEngagedAndReadyForRace_void_const	16	neighbour	003C1D50
003FEC20	aiCopHeli__Reset_void	256	neighbour	003C2160
003FEDA8	aiCopHeli__SetHeliPosition_Vector3_const__ref	200	neighbour	003C22E8
003FF2D0	aiCopHeli__SetSearchPathType_aiCopHeli__TSearchPathType	64	neighbour	003C2810
003FF310	aiCopHeli__SetPathRecoveryParameters_void	80	neighbour	003C2850
003FF360	aiCopHeli__SetRailRecoveryParameters_void	120	neighbour	003C28A0
003FF3D8	aiCopHeli__ComputePathSpeedParameters_void	228	neighbour	003C2918
003FF520	aiCopHeli__UpdateTarget_void	152	neighbour	003C2A60
003FF5B8	aiCopHeli__UpdateOffenderTarget_void	440	neighbour	003C2AF8
003FF770	aiCopHeli__UpdateContolledPathTarget_void	356	neighbour	003C2CB0
003FF8D8	aiCopHeli__UpdateRailNetworkPathTarget_void	332	neighbour	003C2E18
003FFA28	aiCopHeli__UpdateSearch_void	424	neighbour	003C2F68
003FFBD0	aiCopHeli__UpdateHeli_void	1012	neighbour	003C3110
003FFFC8	aiCopHeli__AssignNextCruiseRail_void	88	neighbour	003C3508
00400CD0	aiCopHeli__LoadHelicopters_datAsciiTokenizer__ref	76	neighbour	003C4210
00400D20	aiCopHeli__DoStartControlledPath_void	12	neighbour	003C4260
00400D30	__static_initialization_and_destruction_0__003C4270	80	neighbour	003C4270
00400D80	_GLOBAL_$I$c__soft_mc3_src_mcai_copheli_cpp9paaaa	32	neighbour	003C42C0
00400DA0	aiCopMgr__InitClass_void	36	neighbour	003C42E0
00400DC8	aiCopMgr__ShutdownClass_void	8	neighbour	003C4308
00400DD0	aiCopMgr__AddCop_aiBrainCop__ptr	84	neighbour	003C4310
00400E28	aiCopMgr__RemoveCop_aiBrainCop__ptr	164	neighbour	003C4368
00400FE8	aiCopMgr__CanAddPursuer_nsMCCop__Offender_const__ref	40	neighbour	003C4528
00401010	aiCopMgr__CountPursuers_nsMCCop__Offender_const__ref	276	neighbour	003C4550
00401128	aiCopMgr__CommittingOffence_nsMCCop__Suspect_const__ref	688	neighbour	003C4668
004013D8	aiCopMgr__ResetOffenders_void	48	neighbour	003C4918
00401408	aiCopMgr__RegisterOffender_nsMCCop__Offender_const__ref	156	neighbour	003C4948
004014F0	aiCopMgr__AttackerIndex_nsMCCop__Offender_const__ref__aiBrainCop_const__ptr	244	neighbour	003C4B10
004015E8	aiCopMgr__AnyChasing_aiObstacle_const__ref	248	neighbour	003C4C08
004016E0	aiCopMgr__CountChasing_aiObstacle_const__ref	252	neighbour	003C4D00
004017E0	aiCopMgr__GetCar_nsMCCop__Offender_const__ref	96	neighbour	003C4E00
00401840	aiCopMgr__AddHelicopter_aiCopHeli__ptr	64	neighbour	003C4E60
004018F8	aiCopMgr__ResetHelicopters_void	108	neighbour	003C4F18
00401A48	aiCopMgr__AddRespawnImmuneArea_aiCopRespawnImmuneArea__ptr	64	neighbour	003C5068
00401A88	aiCopMgr__RespawnPositionOk_Vector3_const__ref	156	neighbour	003C50A8
00401B28	aiCopMgr__IsInsideExclusionArea_Vector3_const__ref__float__ref	192	neighbour	003C5148
00401BE8	__static_initialization_and_destruction_0__003C5208	68	neighbour	003C5208
00401C30	_GLOBAL_$I$c__soft_mc3_src_mcai_copmgr_cppQoaaaa	32	neighbour	003C5250
00401C50	aiCopRespawnImmuneArea__aiCopRespawnImmuneArea_void	32	neighbour	003C5270
00401C70	aiCopRespawnImmuneArea__dtor_aiCopRespawnImmuneArea_void	36	neighbour	003C5290
00401CB0	aiOpponentManager__dtor_aiOpponentManager_void	160	neighbour	003C52D0
00401D50	aiOpponentManager__CreateInstance_void	52	neighbour	003C5370
00401D88	aiOpponentManager__ShutdownInstance_void	56	neighbour	003C53A8
00402290	aiOpponentManager__UpdatePaused_void	8	neighbour	003C5798
004023D8	aiOpponentManager__AllowedToUpdate_aiOpponent_const__ptr__const	8	neighbour	003C58E0
004023E0	aiOpponentManager__SkipToEndOfPath_void	132	neighbour	003C58E8
00402468	aiOpponentManager__Draw_void_const	8	neighbour	003C5970
004026B8	aiOpponent__dtor_aiOpponent_void	148	neighbour	003C5BC0
004033F0	aiOpponent__UpdateTeleportCounts_void	60	neighbour	003C6778
00403430	aiOpponent__UpdateBrain_void	108	neighbour	003C67B8
00403988	aiOpponent__AvoidSideswipe_void	1704	neighbour	003C6D10
00404698	aiOpponent__CalculateSpeedForApproachingRadius_float_float	184	neighbour	003C7A20
00404750	aiOpponent__CalculateTurnSpeedForRadius_float	116	neighbour	003C7AD8
00404AE8	_GLOBAL_$I$c__soft_mc3_src_mcai_opponent_cppryaaaa	32	neighbour	003C7E90
00404B08	Normalize_Vector3__ref	144	neighbour	003C7EB0
00404B98	aiOpponent__NearestSplinePoint_Vector3_const__ref__const	144	neighbour	003C7F40
00404C28	_colinear_left_Vector3_const__ref__Vector3_const__ref__Vector3_const__ref	336	neighbour	003C7FD0
00404D78	_colinear_right_Vector3_const__ref__Vector3_const__ref__Vector3_const__ref	336	neighbour	003C8120
00404EC8	aiOpponent__CalcDistToExtendedSpline_Vector3_const__ref	368	neighbour	003C8270
00407D68	aiPathGraph__ClearGraph_void	96	neighbour	003CA468
00407EA8	aiPathGraph__PassPathPoint_aiPathPoint_const__ptr	80	neighbour	003CA5A8
00407EF8	aiPathGraph__RewindToPoint_Vector3_const__ref	256	neighbour	003CA5F8
0040E130	aiStateRace__aiStateRace_aiBrain__ptr	60	neighbour	003CFC20
0040E170	aiStateRace__Reset_void	52	neighbour	003CFC60
0040E1A8	aiStateRace__Update_Vector3__ref__Vector3__ref__float__ref__float__ref	28	neighbour	003CFC98
0040E1C8	aiStateRace__UpdateRS_aiRaceSpheres__ref__float__ref	60	neighbour	003CFCB8
0040F260	aiSteeringSphere__Set_aiEllipse_const__ref__float_float_unsigned_char_aiSteeringSphere__eSteeringSource	72	neighbour	003D47D8
0040F2A8	aiSteeringSphere__Set_Vector2_const__ref__float_float_float_unsigned_char_aiSteeringSphere__eSteeringSource	84	neighbour	003D4820
0040F300	aiSteeringSphere__Copy_aiSteeringSphere_const__ref	100	neighbour	003D4878
0040F3A0	aiStuck__aiStuck_mcCarSim__ptr	72	neighbour	003D4918
0040F3E8	aiStuck__Reset_void	80	neighbour	003D4960
0040F438	aiStuck__Update_void	60	neighbour	003D49B0
0040F478	aiStuck__UpdateStuck_void	568	neighbour	003D49F0
0040F6B0	aiStuck__UpdateCurrentState_aiStuck__eStuckState	128	neighbour	003D4C28
0040F730	aiStuck__UpdateRecovery_void	128	neighbour	003D4CA8
0040F7B0	aiStuck__CollectReallyStuck_void	56	neighbour	003D4D28
0040F7E8	aiStuck__UpdateReallyStuck_void	124	neighbour	003D4D60
0040F868	aiStuck__RememberStuck_void	340	neighbour	003D4DE0
0040FB48	aiTarget__Copy_aiTarget_const__ref	152	neighbour	003D50D8
0040FC00	aiTarget__SetPosition_Vector2_const__ref	24	neighbour	003D5190
0040FC18	aiVisibility__aiVisibility_void	60	neighbour	003D51B0
0040FC58	aiVisibility__dtor_aiVisibility_void	36	neighbour	003D51F0
00412C10	aiBrainCop__AcceptCallForBackup_nsMCCop__Offender_const__ptr	224	neighbour	003D7CD0
00414C40	aiBrainRace__PreUpdate_void	76	neighbour	003D9AF8
00414C90	aiBrainRace__PostUpdate_void	88	neighbour	003D9B48
00414CE8	aiBrainRace__GetCurrentSubject_void_const	8	neighbour	003D9BA0
00414F58	aiBrainRace__UpdateBlock_aiObstacle_const__ref	188	neighbour	003D9E10
00415018	aiRamActivationZone__InZone_Vector3_const__ref__Vector3_const__ref__Vector3_const__ref__Vector3_const__ref__bool	916	neighbour	003D9ED0
004153B0	aiBrainRace__UpdateRam_aiObstacle_const__ref	212	neighbour	003DA268
00415488	aiFishtailActivationZone__InZone_Vector3_const__ref__Vector3_const__ref__Vector3_const__ref__Vector3_const__ref__bool	884	neighbour	003DA340
00415800	aiBrainRace__UpdateFishtail_aiObstacle_const__ref	188	neighbour	003DA6B8
004158C0	aiBrainRace__UpdateAvoidSST_mcCar_const__ptr	8	neighbour	003DA778
004158C8	InProtectFromCopPosition_Vector3_const__ref__Vector3_const__ref__Vector3_const__ref__Vector3_const__ref__Vector3_const__ref__Vector3_const__ref__Vector3_const__ref__Vector3_const__ref	296	neighbour	003DA780
004159F0	aiBrainRace__UpdateAttackCops_aiObstacle_const__ref	720	neighbour	003DA8A8
00416240	aiOpponentFactory__aiOpponentFactory_char_const__ptr__int_aiOpponent__ptr__mcCarConfig_const__ptr	92	neighbour	003DAD70
004164A0	aiOpponentFactory__MakeEntity_void	188	neighbour	003DAFA0
004168D0	aiOpponentFactory__MakeInput_void	76	neighbour	003DB3B8
00416920	aiOpponentFactory__MakeFeedback_void	8	neighbour	003DB408
00416928	aiOpponentFactory__MakeDamage_void	104	neighbour	003DB410
00416A18	aiOpponentFactory__MakeTracks_void	304	neighbour	003DB500
00416B48	aiOpponentFactory__MakeTelemetry_void	8	neighbour	003DB630
00416D20	aiOpponentFactory__MakePickups_void	104	neighbour	003DB808
00416D88	aiInput__aiInput_mcCar__ptr	144	neighbour	003DB870
00417230	aiInput__SetTarget_aiTarget_const__ref__float	56	neighbour	003DBCE8
00418CE0	aiInput__IsTargetForward_Vector3_const__ref	524	neighbour	003DD788
00418EF0	aiInputTarget__aiInputTarget_void	48	neighbour	003DD998
00418F20	aiInputTarget__Reset_void	52	neighbour	003DD9C8
0041C360	aiObstacleFlag__aiObstacleFlag_void	132	neighbour	003DE758
0041C400	aiDamage__aiDamage_aiOpponent_const__ptr	68	neighbour	003DE800
0041C448	aiDamage__dtor_aiDamage_void	40	neighbour	003DE848
0041D1C0	RealQuadratic_float_float_float__ptr__float__ptr__float	168	neighbour	003DF5C0
0041D5E8	__static_initialization_and_destruction_0__003DF9E8	44	neighbour	003DF9E8
0041D618	_GLOBAL_$I$c__soft_age_src_math_random_cppVHaaaa	32	neighbour	003DFA18
0041D7B8	MaximumIndex_float_float	28	neighbour	003DFBB8
0041D7D8	MaximumIndex_float_float_float	116	neighbour	003DFBD8
0041D900	MinimumIndex_float_float	28	neighbour	003DFD00
0041D920	MinimumIndex_float_float_float	116	neighbour	003DFD20
0041DE30	uiBase__dtor_uiBase_void	544	neighbour	003E0220
0041E050	uiBase__Release_void	212	neighbour	003E0440
0041E128	uiBase__Init_void	48	neighbour	003E0518
0041E158	uiBase__LoadTuningData_void	48	neighbour	003E0548
0041E310	uiBase__StandardEventHandler_atPtr_uiWidget_const__ref__unsigned_int_atPtr_uiWidget__EventData_const_const__ref	188	neighbour	003E0700
0041E3D0	uiBase__Update_void	172	neighbour	003E07C0
0041E480	uiBase__DoRendering_void	44	neighbour	003E0870
0041E6C0	uiBase__GetTextOptions_txtLanguage__eLanguage__ref__unsigned_int__ref	24	neighbour	003E0AA0
0041E740	uiBase__PopMaster_void	64	neighbour	003E0B20
0041E780	uiBase__GetCurrentMaster_void	12	neighbour	003E0B60
0041E790	uiBase__GetUniqueNumber_void	24	neighbour	003E0B70
0041E7A8	uiBase__GetUpdateCount_void	8	neighbour	003E0B88
0041E7B0	uiBase__AddWidget_atPtr_uiWidget_const__ref	332	neighbour	003E0B90
0041E900	uiBase__RemoveWidget_atPtr_uiWidget_const__ref	176	neighbour	003E0CE0
0041E9B8	uiBase__GetWidgetByID_unsigned_int_atPtr_uiWidget__ref__char_const__ptr__const	236	neighbour	003E0D98
0041EAA8	uiBase__GetIDByName_char_const__ptr__bool__ptr	316	neighbour	003E0E88
0041EBF0	uiBase__GetTimeSinceLastFrame_void	8	neighbour	003E0FD0
0041EC08	uiBitmap__StaticInit_void	56	neighbour	003E0FE8
0041EC40	uiBitmap__StaticShutdown_void	64	neighbour	003E1020
0041ED90	uiDynamicText__dtor_uiDynamicText_void	124	neighbour	003E1170
0041EF28	uiDynamicText__StandardEventHandler_atPtr_uiWidget_const__ref__unsigned_int_atPtr_uiWidget__EventData_const_const__ref	180	neighbour	003E1308
0041F168	uiDynamicText__SetText_char_const__ptr	216	neighbour	003E1548
0041F240	uiDynamicText__SetText_unsigned_wchar_t_const__ptr	124	neighbour	003E1620
0041F2C0	uiDynamicText__SetText_atDerivedPtrToConst_uiText__TextEventData_atPtr_uiWidget__EventData_atPtr_uiWidget__EventData_const_const__ref	120	neighbour	003E16A0
0041F338	uiDynamicText__SetTextById_char_const__ptr	64	neighbour	003E1718
0041F378	uiDynamicText__SetMaxLength_int	136	neighbour	003E1758
0041F448	uiDynamicText__GetExtents_int__ptr__int__ptr	204	neighbour	003E1828
0041F760	uiGroupBase__dtor_uiGroupBase_void	92	neighbour	003E1B40
0041F7C0	uiGroupBase__ReleaseAll_void	64	neighbour	003E1BA0
0041F800	uiGroupBase__StandardEventHandler_atPtr_uiWidget_const__ref__unsigned_int_atPtr_uiWidget__EventData_const_const__ref	144	neighbour	003E1BE0
0041F890	uiGroupBase__Init_void	72	neighbour	003E1C70
0041F8D8	uiGroupBase__LoadTuningData_void	56	neighbour	003E1CB8
0041F910	uiGroupBase__AfterLoadingTuningData_void	40	neighbour	003E1CF0
0041F980	uiGroupBase__DoRendering_void	44	neighbour	003E1D60
0041F9B0	uiGroupBase__ActivateAndResetDelayed_unsigned_short	56	neighbour	003E1D90
0041FA68	uiGroupBase__InternalCreateWidgets_void	220	neighbour	003E1E48
0041FB48	uiGroupBase__InternalDestroyWidgets_void	56	neighbour	003E1F28
0041FB80	uiGroupBase__EnvironmentChanged_uiWidget__EnvironmentChanges	40	neighbour	003E1F60
0041FDA8	uiImage__dtor_uiImage_void	136	neighbour	003E2178
0041FE58	uiImage__StaticInit_void	56	neighbour	003E2228
0041FE90	uiImage__StaticShutdown_void	64	neighbour	003E2260
00420A08	uiInput__dtor_uiInput_void	40	neighbour	003E2DD8
00420A30	uiInput__StaticInit_void	608	neighbour	003E2E00
00420C90	uiInput__AddEventReceiver_atPtr_uiWidget_const__ref__unsigned_int_void_uiWidget___ptr__uiWidget__ptr__atPtr_uiWidget_const__ref__unsigned_int_atPtr_uiWidget__EventData_const_const__ref	364	neighbour	003E3060
00420E00	uiInput__RemoveEventReceiver_atPtr_uiWidget_const__ref__unsigned_int	308	neighbour	003E31D0
00420F38	uiInput__Update_void	520	neighbour	003E3308
004223B8	uiMaster__dtor_uiMaster_void	100	neighbour	003E4788
00422420	uiMaster__Init_void	108	neighbour	003E47F0
00422490	uiMaster__LoadTuningData_void	200	neighbour	003E4860
00422558	uiMaster__AfterLoadingTuningData_void	124	neighbour	003E4928
004225D8	uiMaster__Update_void	188	neighbour	003E49A8
00422698	uiMaster__DoRendering_void	128	neighbour	003E4A68
00422718	uiMaster__ReleaseAll_void	96	neighbour	003E4AE8
00422778	uiMaster__Push_void	184	neighbour	003E4B48
00422830	uiMaster__Pop_void	100	neighbour	003E4C00
00422AE0	uiMaster__AddWidget_atPtr_uiWidget_const__ref	224	neighbour	003E4EB0
00422BC0	uiMaster__RemoveWidget_atPtr_uiWidget_const__ref	268	neighbour	003E4F90
00422F70	uiCopyingString__Set_char_const__ptr__int	284	neighbour	003E5340
00423090	uiCopyingString__SetAlreadyAllocated_char_const__ptr	116	neighbour	003E5460
004233F0	uiTable__dtor_uiTable_void	180	neighbour	003E57C0
004234E8	uiTable__DoRendering_void	8	neighbour	003E58B8
004234F0	uiTable__StandardEventHandler_atPtr_uiWidget_const__ref__unsigned_int_atPtr_uiWidget__EventData_const_const__ref	212	neighbour	003E58C0
004235C8	uiTable__SetPosition_atDerivedPtrToConst_uiVisual__PositionEventData_atPtr_uiWidget__EventData_atPtr_uiWidget__EventData_const_const__ref	140	neighbour	003E5998
00423658	uiTable__AddWidget_atPtr_uiWidget_int_int_void_uiWidget___ptr__uiWidget__ptr__atPtr_uiWidget_const__ref__unsigned_int_atPtr_uiWidget__EventData_const_const__ref	208	neighbour	003E5A28
00423750	uiTable__GetRowHeight_int	20	neighbour	003E5B20
00423790	uiTable__SetCursor_int_int	20	neighbour	003E5B60
00423800	uiTable__SubmitSingleItemChanges_int_int	84	neighbour	003E5BD0
00423858	uiTable__PostOffsetChange_int_int	688	neighbour	003E5C28
00423B08	uiTable__RecalculateLayout_void	356	neighbour	003E5ED8
00423C70	uiTable__PostCompleteLayout_void	1452	neighbour	003E6040
00424618	uiText__dtor_uiText_void	40	neighbour	003E69E8
00424680	uiText__StandardEventHandler_atPtr_uiWidget_const__ref__unsigned_int_atPtr_uiWidget__EventData_const_const__ref	28	neighbour	003E6A50
004246A0	uiText__Update_void	188	neighbour	003E6A70
00424768	uiText__AfterLoadingTuningData_void	28	neighbour	003E6B38
00424788	uiText__SetBorderRelative_int_int	36	neighbour	003E6B58
004247B0	uiText__SetBorderAbsolute_int_int	60	neighbour	003E6B80
004247F0	uiText__SetAlignment_uiText__TextAlignment	28	neighbour	003E6BC0
00424860	uiText__SetShadowColor_Vector4_const__ref__bool	260	neighbour	003E6C30
00424968	uiText__SetShadowColor_atDerivedPtrToConst_uiVisualWithBlendColor__ColorEventData_atPtr_uiWidget__EventData_atPtr_uiWidget__EventData_const_const__ref__bool	204	neighbour	003E6D38
00424A60	uiText__GetExtents_int__ptr__int__ptr	8	neighbour	003E6E30
00424EF8	uiTranslatedText__StandardEventHandler_atPtr_uiWidget_const__ref__unsigned_int_atPtr_uiWidget__EventData_const_const__ref	220	neighbour	003E72C8
00425130	uiTranslatedText__SetTextById_char_const__ptr	124	neighbour	003E7500
004251B0	uiTranslatedText__SetTextById_atDerivedPtrToConst_uiText__TextIdEventData_atPtr_uiWidget__EventData_atPtr_uiWidget__EventData_const_const__ref	140	neighbour	003E7580
00425240	uiTranslatedText__EnvironmentChanged_uiWidget__EnvironmentChanges	40	neighbour	003E7610
00425388	uiVisual__dtor_uiVisual_void	92	neighbour	003E7758
00425480	uiVisual__StandardEventHandler_atPtr_uiWidget_const__ref__unsigned_int_atPtr_uiWidget__EventData_const_const__ref	284	neighbour	003E7850
004255A0	uiVisual__SetPosition_int_int	240	neighbour	003E7970
00425690	uiVisual__SetPosition_atDerivedPtrToConst_uiVisual__PositionEventData_atPtr_uiWidget__EventData_atPtr_uiWidget__EventData_const_const__ref	112	neighbour	003E7A60
00425700	uiVisual__SetVisibleState_bool	176	neighbour	003E7AD0
004257B0	uiVisual__GetVisibleState_void_const	8	neighbour	003E7B80
00425948	uiVisualWithBlendColor__dtor_uiVisualWithBlendColor_void	92	neighbour	003E7D18
004259A8	uiVisualWithBlendColor__StandardEventHandler_atPtr_uiWidget_const__ref__unsigned_int_atPtr_uiWidget__EventData_const_const__ref	184	neighbour	003E7D78
00425A60	uiVisualWithBlendColor__SetBlendColor_unsigned_int_bool	136	neighbour	003E7E30
00425B68	uiVisualWithBlendColor__SetBlendColor_Vector4_const__ref__bool	260	neighbour	003E7F38
00425C70	uiVisualWithBlendColor__SetBlendColor_atDerivedPtrToConst_uiVisualWithBlendColor__ColorEventData_atPtr_uiWidget__EventData_atPtr_uiWidget__EventData_const_const__ref__bool	204	neighbour	003E8040
00425D40	uiVisualWithBlendColor__AfterLoadingTuningData_void	8	neighbour	003E8110
00426000	uiWidget__dtor_uiWidget_void	280	neighbour	003E83D0
00426118	uiWidget__Release_void	148	neighbour	003E84E8
004261B0	uiWidget__ReleaseAll_void	216	neighbour	003E8580
004262D8	uiWidget__Render_void	64	neighbour	003E86A8
00426318	uiWidget__AddEventReceiver_atPtr_uiWidget_const__ref__unsigned_int_void_uiWidget___ptr__uiWidget__ptr__atPtr_uiWidget_const__ref__unsigned_int_atPtr_uiWidget__EventData_const_const__ref	100	neighbour	003E86E8
00426380	uiWidget__AddEventReceiver_char_const__ptr__unsigned_int_void_uiWidget___ptr__uiWidget__ptr__atPtr_uiWidget_const__ref__unsigned_int_atPtr_uiWidget__EventData_const_const__ref	172	neighbour	003E8750
00426430	uiWidget__AddEventReceiver_unsigned_int_unsigned_int_void_uiWidget___ptr__uiWidget__ptr__atPtr_uiWidget_const__ref__unsigned_int_atPtr_uiWidget__EventData_const_const__ref	364	neighbour	003E8800
004265A0	uiWidget__RemoveEventReceiver_atPtr_uiWidget_const__ref__unsigned_int	96	neighbour	003E8970
00426600	uiWidget__RemoveEventReceiver_char_const__ptr__unsigned_int	164	neighbour	003E89D0
004266A8	uiWidget__RemoveEventReceiver_unsigned_int_unsigned_int	1804	neighbour	003E8A78
00426DB8	uiWidget__RemoveEventReceiver_atPtr_uiWidget_const__ref	80	neighbour	003E9188
00426E08	uiWidget__RemoveEventReceiver_char_const__ptr	148	neighbour	003E91D8
00426EA0	uiWidget__RemoveEventReceiver_unsigned_int	1764	neighbour	003E9270
00427588	uiWidget__RemoveAllEventReceivers_void	60	neighbour	003E9958
004275C8	uiWidget__FireEvent_unsigned_int_atPtr_uiWidget__EventData_const_const__ref__atPtr_uiWidget	1020	neighbour	003E9998
004279C8	uiWidget__StandardEventCallback_atPtr_uiWidget_const__ref__unsigned_int_atPtr_uiWidget__EventData_const_const__ref	380	neighbour	003E9D98
00427B48	uiWidget__StandardEventHandler_atPtr_uiWidget_const__ref__unsigned_int_atPtr_uiWidget__EventData_const_const__ref	132	neighbour	003E9F18
00427CC8	uiWidget__ActivateDelayed_unsigned_short	8	neighbour	003EA098
00427CD0	uiWidget__SetEventHandlingStates_bool_bool	84	neighbour	003EA0A0
00427DF0	uiWidget__AddTranslation_unsigned_int_unsigned_int_atPtr_uiWidget__EventData_const_const__ref	268	neighbour	003EA1C0
00427F00	uiWidget__RemoveTranslation_unsigned_int_unsigned_int	1628	neighbour	003EA2D0
004286C0	uiWidget__RegisterByMaster_void	140	neighbour	003EAA90
00428750	uiWidget__DeregisterByMaster_void	172	neighbour	003EAB20
00428800	uiWidget__LoadTuningData_void	44	neighbour	003EABD0
00428888	uiWidget__IOHelper__GetTypeName_void	12	neighbour	003EAC58
00428938	uiWidget__IOHelper__FileIO_datParser__ref	68	neighbour	003EAD08
00428980	uiWidget__IOHelper__AfterLoad_void	40	neighbour	003EAD50
00429678	datAssetManager__NeedsPath_char_const__ptr	100	neighbour	003EBCB8
004297C8	datAssetManagerByExt__FullPath_char__ptr__int_char_const__ptr__char_const__ptr	192	neighbour	003EBE08
00429888	datAssetManagerFlat__FullPath_char__ptr__int_char_const__ptr__char_const__ptr	156	neighbour	003EBEC8
00429928	datAssetManagerHier__FullPath_char__ptr__int_char_const__ptr__char_const__ptr	168	neighbour	003EBF68
004299D0	datAssetManager__FullPath_char__ptr__int_char_const__ptr__char_const__ptr__char_const__ptr	144	neighbour	003EC010
00429A60	datAssetManager__PushExtension_char_const__ptr__char_const__ptr	8	neighbour	003EC0A0
00429A68	datAssetManager__PopExtension_int	8	neighbour	003EC0A8
00429A70	datAssetManager__GetFolder_char_const__ptr	12	neighbour	003EC0B0
00429A90	datAssetManagerHierNew__datAssetManagerHierNew_void	56	neighbour	003EC0D0
00429AC8	datAssetManagerHierNew__FullPath_char__ptr__int_char_const__ptr__char_const__ptr	208	neighbour	003EC108
0042A108	datAssetManager__Open_char_const__ptr__char_const__ptr__char_const__ptr__bool_bool	148	neighbour	003EC748
0042A228	datAssetManager__Create_char_const__ptr__char_const__ptr__char_const__ptr__bool_bool	148	neighbour	003EC868
0042A2C0	datAssetManager__Exists_char_const__ptr__char_const__ptr	68	neighbour	003EC900
0042A600	datCallback__datCallback_void	48	neighbour	003ECC40
0042A630	datCallback__datCallback_void_Base___ptr__Base__ptr__Base__ptr	52	neighbour	003ECC70
0042A668	datCallback__datCallback_void_Base___ptr__Base__ptr__void__ptr__Base__ptr__void__ptr__bool	60	neighbour	003ECCA8
0042A6B0	datCallback__datCallback_void__ptr__void	28	neighbour	003ECCF0
0042A890	datCallbackList__datCallbackList_datCallback__ptr__int	20	neighbour	003ECED0
0042A8A8	datCallbackList__Add_datCallback_const__ref	216	neighbour	003ECEE8
0042AA08	__static_initialization_and_destruction_0__003ED048	208	neighbour	003ED048
0042AAD8	_GLOBAL_$I$c__soft_age_src_data_callback_cpprqaaaa	32	neighbour	003ED118
0042AB98	datPageManager__CheckRequestLists_void	88	neighbour	003ED1D8
0042ABF0	datPageRequest__OrderPages_void	580	neighbour	003ED230
0042AE38	datChunkRefBase__PageIsResident_void_const	120	neighbour	003ED478
0042AEC0	datChunkRefBase__dtor_datChunkRefBase_void	112	neighbour	003ED500
0042AFC8	datPageManager__datPageManager_void	188	neighbour	003ED608
0042B090	datPageManager__AddAgeSortedToFreeList_datPage__ref__datPageList__ref	176	neighbour	003ED6D0
0042B140	datPageList__SetFreeCount_int_int	16	neighbour	003ED780
0042B150	datPageList__PopOldestFreePage_void	116	neighbour	003ED790
0042B598	datPageManager__dtor_datPageManager_void	208	neighbour	003EDBC8
0042B778	datPageManager__GetListIndexForPageSize_int_int	192	neighbour	003EDE00
0042B838	datPageManager__GetListForPageSize_int_int	48	neighbour	003EDEC0
0042BE10	datPageFile__datPageFile_void	24	neighbour	003EE1C8
0042D210	datChunkRefBase__GetStackTraceTop_void	28	neighbour	003EF280
0042D230	datIsBuildingPageFile_void	8	neighbour	003EF2A0
0042D298	_GLOBAL_$I$c__soft_age_src_data_chunk_cpp6eaaaa	32	neighbour	003EF340
0042D2B8	HashTable__HashTable_int_bool_int_bool_bool	108	neighbour	003EF360
0042D438	HashTable__AddToKillList_void	32	neighbour	003EF4E0
0042D458	HashTable__InitFixed_int_int	268	neighbour	003EF500
0042D568	HashTable__InitCommon_int	140	neighbour	003EF610
0042D768	HashTable__KillAll_void	60	neighbour	003EF810
0042D7F0	HashTable__GetEmptySlot_char_const__ptr__void__ptr__HashEntry__ptr	224	neighbour	003EF898
0042D8D0	HashTable__PruneNulls_void_const__ptr	192	neighbour	003EF978
0042DCB8	HashTable__DeleteByData_void_const__ptr	156	neighbour	003EFD60
0042DE80	HashTable__AccessName_int	40	neighbour	003EFF28
0042DEA8	HashTable__AccessData_int	40	neighbour	003EFF50
0042DFB0	HashTable__ComputePrime_int	100	neighbour	003F0058
0042E180	HashTable__GetEntry_int	164	neighbour	003F0228
0042E228	HashTable__GetEntryFast_int_HashPosition__ref	188	neighbour	003F02D0
0042E2E8	HashTable__GetFirstEntry_HashPosition__ref	88	neighbour	003F0390
0042E340	HashTable__GetFirstEntryFast_HashPosition__ref	140	neighbour	003F03E8
0042E3D0	HashTable__GetNextEntry_HashPosition__ref	92	neighbour	003F0478
0042E430	HashTable__GetNextEntryFast_HashPosition__ref	100	neighbour	003F04D8
0042E5A0	__null_display_used_char_const__ptr	8	neighbour	003F0648
0042E5A8	__null_memory_used_int	8	neighbour	003F0650
0042E5B0	__null_memory_available_bool	8	neighbour	003F0658
0042E5B8	__null_memory_start_tracking_void	8	neighbour	003F0660
0042E5C0	__null_memory_end_tracking_void	8	neighbour	003F0668
0042E5C8	datMemoryStartUseTemporary_void	80	neighbour	003F0670
0042E618	datMemoryEndUseTemporary_void	72	neighbour	003F06C0
0042E6F0	debug_memory_fill_void__ptr__int	148	neighbour	003F0798
0042E788	datMemoryCriticalSection__Enter_void	64	neighbour	003F0830
0042E7C8	datMemoryCriticalSection__Exit_void	36	neighbour	003F0870
0042E800	datSetAssetConsoleName_char_const__ptr	12	neighbour	003F08A8
0042E840	datPaging__DisableDelete_void	28	neighbour	003F08E8
0042E860	datPaging__EnableDelete_void	28	neighbour	003F0908
0042E8C0	datPaging__IsAllocatingOnPageFile_void	60	neighbour	003F0968
0042E908	datPaging__IsBuildingPageFile_void	28	neighbour	003F09B0
0042E968	datPaging__Reset_int	48	neighbour	003F0A10
0042E998	datPaging__AddPages_int_int_int	44	neighbour	003F0A40
0042E9C8	datPaging__DeletePages_datPageList__ptr	40	neighbour	003F0A70
0042E9F0	datPaging__InitClass_void	36	neighbour	003F0A98
0042EB48	__sprintf	68	neighbour	003F0F30
0042EBD8	myTtyInit	48	neighbour	003F0F78
0042EC08	myTtyWrite	84	neighbour	003F0FA8
0042ED48	__itoa	340	neighbour	003F10E8
0042F010	__utoa	316	neighbour	003F13B0
0042F318	__pr_pad	96	neighbour	003F16B8
0042FD48	datReplay__SetMethod_int_int	88	neighbour	003F2048
0042FDA0	datReplay__Reset_void	100	neighbour	003F20A0
0042FE08	datReplay__GetByte_void	100	neighbour	003F2108
0042FE70	datReplay__GetShort_void	64	neighbour	003F2170
0042FEB0	datReplay__GetInt_void	72	neighbour	003F21B0
0042FEF8	datReplay__RecordByte_unsigned_char	520	neighbour	003F21F8
00430100	datReplay__Flush_void	612	neighbour	003F2400
00430368	datReplay__RecordShort_short	52	neighbour	003F2668
004303A0	datReplay__RecordInt_int	72	neighbour	003F26A0
004304C0	datReplay__BeginPlayback_datMemStream__ptr	236	neighbour	003F27C0
004305B0	datReplay__Close_void	108	neighbour	003F28B0
00430620	datReplay__BeginFrame_void	744	neighbour	003F2920
00430908	datReplay__EndFrame_void	576	neighbour	003F2C08
00430B48	datRscBuilder__GetStackTraceTop_void	8	neighbour	003F2E48
00430B50	NullDelete_void_const__ptr	8	neighbour	003F2E50
00430B60	datRscBuilder__DisableDelete_void	48	neighbour	003F2E58
00430B90	datRscBuilder__EnableDelete_void	36	neighbour	003F2E88
004317D8	strtol	308	neighbour	003F3AC8
00431940	strtof	528	neighbour	003F3C30
00431B58	atof	36	neighbour	003F3E48
00431CB8	__pure_virtual	8	neighbour	003F3FA8
00431CE0	atexit	8	neighbour	003F3FD0
004324D8	datStreamer__InitClass_int	184	neighbour	003F47A8
00432FF0	strtok	300	neighbour	003F52C0
00433120	strupr	60	neighbour	003F53F0
00433288	IsReadOnly_void_const__ptr	44	neighbour	003F5558
004332B8	ConstStringDuplicate_char_const__ptr	52	neighbour	003F5588
004332F0	ConstStringFree_char_const__ptr	60	neighbour	003F55C0
00433958	datTimeManager__SetTempOverSampling_bool_int	172	neighbour	003F5B50
00433A08	datTimeManager__RealTime_float	68	neighbour	003F5C00
00433A50	datTimeManager__FixedFrame_float_unsigned_int	144	neighbour	003F5C48
00433AE0	__static_initialization_and_destruction_0__003F5CD8	36	neighbour	003F5CD8
00433B08	_GLOBAL_$I$c__soft_age_src_data_timemgr_cppXhaaaa	32	neighbour	003F5D00
00434508	datBaseTokenizer__Put_char	104	neighbour	003F66D8
004345E0	datAsciiTokenizer__GetByte_void	36	neighbour	003F67B0
00434608	datAsciiTokenizer__GetShort_void	36	neighbour	003F67D8
00434838	datAsciiTokenizer__GetVector_Vec_xyz__ref	112	neighbour	003F6A08
004348A8	datAsciiTokenizer__GetVector_Vec_xyzw__ref	120	neighbour	003F6A78
00434978	datAsciiTokenizer__MatchFloat_char_const__ptr	52	neighbour	003F6B48
004349B0	datAsciiTokenizer__MatchVector_char_const__ptr__Vector2__ref	68	neighbour	003F6B80
004349F8	datAsciiTokenizer__MatchVector_char_const__ptr__Vector3__ref	68	neighbour	003F6BC8
00434A40	datAsciiTokenizer__MatchVector_char_const__ptr__Vector4__ref	68	neighbour	003F6C10
00434A88	datAsciiTokenizer__MatchVector_char_const__ptr__Vec_xyz__ref	68	neighbour	003F6C58
00434AD0	datAsciiTokenizer__MatchVector_char_const__ptr__Vec_xyzw__ref	68	neighbour	003F6CA0
00434B18	datAsciiTokenizer__MatchIInt_char_const__ptr	52	neighbour	003F6CE8
00434B50	datAsciiTokenizer__MatchIFloat_char_const__ptr	52	neighbour	003F6D20
00434B88	datAsciiTokenizer__MatchIVector_char_const__ptr__Vector2__ref	68	neighbour	003F6D58
00434BD0	datAsciiTokenizer__MatchIVector_char_const__ptr__Vector3__ref	68	neighbour	003F6DA0
00434C18	datAsciiTokenizer__MatchIVector_char_const__ptr__Vector4__ref	68	neighbour	003F6DE8
00434C60	datAsciiTokenizer__MatchIVector_char_const__ptr__Vec_xyz__ref	68	neighbour	003F6E30
00434CA8	datAsciiTokenizer__MatchIVector_char_const__ptr__Vec_xyzw__ref	68	neighbour	003F6E78
00434CF0	datAsciiTokenizer__StartBlock_void	268	neighbour	003F6EC0
00434E00	datAsciiTokenizer__EndBlock_void	268	neighbour	003F6FD0
00434F10	datAsciiTokenizer__StartLine_void	28	neighbour	003F70E0
00434F30	datAsciiTokenizer__EndLine_void	176	neighbour	003F7100
00434FE0	datAsciiTokenizer__WriteTabs_int	148	neighbour	003F71B0
00435078	datAsciiTokenizer__Put_char_const__ptr__unsigned_int	244	neighbour	003F7248
00435170	datAsciiTokenizer__PutByte_int	88	neighbour	003F7340
004351C8	datAsciiTokenizer__PutShort_int	88	neighbour	003F7398
00435220	datAsciiTokenizer__Put_int	88	neighbour	003F73F0
004354B8	datAsciiTokenizer__PutDelimiter_char_const__ptr	36	neighbour	003F7688
004354E0	datBinTokenizer__GetByte_void	48	neighbour	003F76B0
00435510	datBinTokenizer__GetShort_void	48	neighbour	003F76E0
00435540	datBinTokenizer__GetInt_void	48	neighbour	003F7710
00435570	datBinTokenizer__GetFloat_void	48	neighbour	003F7740
004355A0	datBinTokenizer__GetVector_Vector2__ref	32	neighbour	003F7770
004355C0	datBinTokenizer__GetVector_Vector3__ref	32	neighbour	003F7790
004355E0	datBinTokenizer__GetVector_Vector4__ref	32	neighbour	003F77B0
00435600	datBinTokenizer__GetVector_Vec_xyz__ref	56	neighbour	003F77D0
00435638	datBinTokenizer__GetVector_Vec_xyzw__ref	32	neighbour	003F7808
00435658	datBinTokenizer__GetDelimiter_char_const__ptr	8	neighbour	003F7828
00435660	datBinTokenizer__MatchInt_char_const__ptr	36	neighbour	003F7830
00435688	datBinTokenizer__MatchFloat_char_const__ptr	36	neighbour	003F7858
004356B0	datBinTokenizer__MatchVector_char_const__ptr__Vector2__ref	36	neighbour	003F7880
004356D8	datBinTokenizer__MatchVector_char_const__ptr__Vector3__ref	36	neighbour	003F78A8
00435700	datBinTokenizer__MatchVector_char_const__ptr__Vector4__ref	36	neighbour	003F78D0
00435728	datBinTokenizer__MatchVector_char_const__ptr__Vec_xyz__ref	36	neighbour	003F78F8
00435750	datBinTokenizer__MatchVector_char_const__ptr__Vec_xyzw__ref	36	neighbour	003F7920
00435778	datBinTokenizer__MatchIInt_char_const__ptr	36	neighbour	003F7948
004357A0	datBinTokenizer__MatchIFloat_char_const__ptr	36	neighbour	003F7970
004357C8	datBinTokenizer__MatchIVector_char_const__ptr__Vector2__ref	36	neighbour	003F7998
004357F0	datBinTokenizer__MatchIVector_char_const__ptr__Vector3__ref	36	neighbour	003F79C0
00435818	datBinTokenizer__MatchIVector_char_const__ptr__Vector4__ref	36	neighbour	003F79E8
00435840	datBinTokenizer__MatchIVector_char_const__ptr__Vec_xyz__ref	36	neighbour	003F7A10
00435868	datBinTokenizer__MatchIVector_char_const__ptr__Vec_xyzw__ref	36	neighbour	003F7A38
00435890	datBinTokenizer__Put_char_const__ptr__unsigned_int	120	neighbour	003F7A60
00435908	datBinTokenizer__PutByte_int	48	neighbour	003F7AD8
00435938	datBinTokenizer__PutShort_int	48	neighbour	003F7B08
00435968	datBinTokenizer__Put_int	48	neighbour	003F7B38
00435998	datBinTokenizer__Put_float	48	neighbour	003F7B68
004359C8	datBinTokenizer__Put_Vector2_const__ref	40	neighbour	003F7B98
004359F0	datBinTokenizer__Put_Vector3_const__ref	40	neighbour	003F7BC0
00435A18	datBinTokenizer__Put_Vector4_const__ref	40	neighbour	003F7BE8
00435A40	datBinTokenizer__PutDelimiter_char_const__ptr	8	neighbour	003F7C10
00435A48	datMultiTokenizer__datMultiTokenizer_void	36	neighbour	003F7C18
00435A70	datMultiTokenizer__GetReadTokenizer_char_const__ptr__Stream__ptr__char_const__ptr__char_const__ptr	204	neighbour	003F7C40
00435B40	datMultiTokenizer__GetWriteTokenizer_char_const__ptr__Stream__ptr__bool_char_const__ptr	128	neighbour	003F7D10
00435C70	_tcslen_unsigned_wchar_t_const__ptr	60	neighbour	003F7E40
00435CE8	_tcsncpy_unsigned_wchar_t__ptr__unsigned_wchar_t_const__ptr__int	100	neighbour	003F7EB8
00435D50	_tcscat_unsigned_wchar_t__ptr__unsigned_wchar_t_const__ptr	96	neighbour	003F7F20
00436068	datMemStream__Read_void__ptr__int	112	neighbour	003F8158
004360D8	datMemStream__Write_void_const__ptr__int	112	neighbour	003F81C8
00436148	datMemStream__GetCh_void	48	neighbour	003F8238
00436178	datMemStream__PutCh_unsigned_char	52	neighbour	003F8268
004361B0	datMemStream__Close_void	20	neighbour	003F82A0
004361C8	datMemStream__Size_void_const	12	neighbour	003F82B8
004361D8	datMemStream__TotalSize_void_const	12	neighbour	003F82C8
004361E8	datMemStream__Tell_void_const	20	neighbour	003F82D8
00436200	datMemStream__GetPointer_void_const	56	neighbour	003F82F0
004365D8	gpGetLastLocationString	36	neighbour	003F86C8
00436600	gpGetErrorCode	68	neighbour	003F86F0
00436648	gpGetErrorStringA	88	neighbour	003F8738
00437370	gpiResetProfile_void__ptr__ptr__GPIProfile__ptr__void__ptr	24	neighbour	003F93E8
00438760	gpiAppendStringToBuffer_void__ptr__ptr__GPIBuffer__ptr__char_const__ptr	84	neighbour	003FA7D8
004387B8	gpiAppendIntToBuffer_void__ptr__ptr__GPIBuffer__ptr__int	76	neighbour	003FA830
00439018	gpiCallErrorCallback_void__ptr__ptr___GPResult__GPEnum	188	neighbour	003FB088
004391B0	gpiCallCallback_void__ptr__ptr__GPICallbackData__ptr	572	neighbour	003FB220
004393F0	gpiProcessCallbacks_void__ptr__ptr__int	324	neighbour	003FB460
0043A758	gpiDisconnectCleanupProfile_void__ptr__ptr__GPIProfile__ptr__void__ptr	260	neighbour	003FC7B0
0043AFF0	gpiSendLocalInfo_void__ptr__ptr__char_const__ptr__char_const__ptr	96	neighbour	003FD6D0
0043B050	gpiSendUserInfo_void__ptr__ptr__char_const__ptr__char_const__ptr	96	neighbour	003FD730
0043C270	gpiFindOperationByID_void__ptr__ptr__GPIOperation_s__ptr__ptr__int	72	neighbour	003FEAB8
0043C2B8	gpiOperationsAreBlocking_void__ptr__ptr	68	neighbour	003FEB00
0043D008	gpiGetConnectedPeer_void__ptr__ptr__int	68	neighbour	003FF850
0043D050	gpiFreeMessage_void__ptr	56	neighbour	003FF898
0043D360	gpiPeerAddMessage_void__ptr__ptr__GPIPeer_s__ptr__int_char_const__ptr	332	neighbour	003FFB90
0043D620	gpiProfilesTableFree_void__ptr	180	neighbour	003FFE50
0043D6D8	gpiInitProfiles_void__ptr__ptr	84	neighbour	003FFF08
0043D9C8	gpiRemoveProfile_void__ptr__ptr__GPIProfile__ptr	32	neighbour	004001F8
0043D9E8	gpiCheckProfileForUser_void__ptr__ptr__GPIProfile__ptr__void__ptr	124	neighbour	00400218
0043DAB8	gpiProfileMapCallback_void__ptr__void__ptr	44	neighbour	004002E8
0043DB88	gpiCanFreeProfile_GPIProfile__ptr	60	neighbour	004003B8
004400E0	gpiSetError_void__ptr__ptr___GPErrorCode_char_const__ptr	64	neighbour	004028F8
00440140	netEngineFactory__netEngineFactory_void	52	neighbour	00402958
00440178	netEngineFactory__dtor_netEngineFactory_void	40	neighbour	00402990
00442588	netEngineManagerThread__PostJoin_int	272	neighbour	00404AF8
00442698	netEngineManagerThread__PostQuit_int_unsigned_wchar_t_const__ptr__net__eQuitReason_int_int	272	neighbour	00404C08
004427A8	netEngineManagerThread__PostSessionPhaseChanged_net__ePhase	160	neighbour	00404D18
00442848	netEngineManagerThread__SetPeerInfo_int_unsigned_wchar_t_const__ptr__netGUID_const__ref__void_const__ptr	128	neighbour	00404DB8
004438D8	_GLOBAL_$I$c__soft_age_src_net_engine_netenginemanagerthread_cpphKaaaa	32	neighbour	00405E78
004438F8	netEnginePeer__netEnginePeer_void	52	neighbour	00405E98
00443930	netEnginePeer__dtor_netEnginePeer_void	40	neighbour	00405ED0
00443958	netEnginePeer__Create_void	36	neighbour	00405EF8
00443980	netEnginePeer__Reset_void	28	neighbour	00405F20
004439A0	netEngineProtocol__netEngineProtocol_void	52	neighbour	00405F40
004439D8	netEngineProtocol__dtor_netEngineProtocol_void	40	neighbour	00405F78
00443A00	netEngineProtocol__Create_void	36	neighbour	00405FA0
00443A28	netEngineProtocol__GetVersion_void_const	36	neighbour	00405FC8
00443B70	netEngineThreadPeer__netEngineThreadPeer_void	108	neighbour	00406110
00443BE0	netEngineThreadPeer__dtor_netEngineThreadPeer_void	40	neighbour	00406180
00443C08	netEngineThreadPeer__Create_void	36	neighbour	004061A8
00443C30	netEngineThreadPeer__Reset_void	96	neighbour	004061D0
00443C90	netEngineThreadPeer__UpdateStatistics_float_float_const__ptr	224	neighbour	00406230
00443DB8	crPhysRagdoll__crPhysRagdoll_void	36	neighbour	00406318
00445448	crRagdollMgr__CreateRagdollManager_void	44	neighbour	00407930
00445478	crRagdollMgr__crRagdollMgr_void	44	neighbour	00407960
004454A8	crRagdollMgr__InitTypes_int	144	neighbour	00407990
00445538	crRagdollMgr__KillTypes_void	124	neighbour	00407A20
004455B8	crRagdollMgr__KillType_crRagdollType_const__ptr	148	neighbour	00407AA0
00445650	crRagdollMgr__ReleaseType_crRagdollType__ptr	76	neighbour	00407B38
00445FC0	crRagdollSleep__Update_void	264	neighbour	004084A8
004460C8	crRagdollSleep__WakeUp_void	40	neighbour	004085B0
004460F0	crLocalBoneMatrices__crLocalBoneMatrices_void	20	neighbour	004085D8
00446108	crLocalBoneMatrices__dtor_crLocalBoneMatrices_void	100	neighbour	004085F0
00446170	crLocalBoneMatrices__Init_int	120	neighbour	00408658
004461E8	crRagdollType__crRagdollType_void	228	neighbour	004086D0
004462D0	crRagdollType__dtor_crRagdollType_void	476	neighbour	004087B8
004464B0	crRagdollType__SetName_char__ptr	32	neighbour	00408998
004464D0	crRagdollType__RemoveRef_void	48	neighbour	004089B8
00447840	crRagdollType__Unload_void	184	neighbour	00409D28
004478F8	sndAudioManager__UpdateInstance_void	44	neighbour	00409DE0
00447C98	sndAudioManager__sndAudioManager_bool_bool_int	92	neighbour	0040A220
00447CF8	sndAudioManager__dtor_sndAudioManager_void	124	neighbour	0040A280
00447D78	sndAudioManager__Update_void	64	neighbour	0040A300
00447DB8	sndAudioManager__PauseOn_void	28	neighbour	0040A340
00447DD8	sndAudioManager__PauseOff_void	28	neighbour	0040A360
00447DF8	sndAudioManager__Stop_void	28	neighbour	0040A380
00447E18	sndAudioManager__SetOutputMode_int	40	neighbour	0040A3A0
00447E98	sndAudioManager__GetStreamTypeExt_void	32	neighbour	0040A3F0
00447EB8	sndBank__sndBank_char_const__ptr	84	neighbour	0040A410
00447F10	sndBank__dtor_sndBank_void	508	neighbour	0040A468
004481D0	sndBank__ConvertName_char__ptr	64	neighbour	0040A720
00448668	sndBank__IsLoadedOnHardware_void_const	48	neighbour	0040ABB0
00448698	sndBank__IsLoadingOnHardware_void_const	48	neighbour	0040ABE0
004486C8	sndBank__SetName_char_const__ptr	44	neighbour	0040AC10
004488E8	sndBank__RemoveUser_void	260	neighbour	0040AE20
00448D10	sndBankMgr__sndBankMgr_void	44	neighbour	0040B248
00448D40	sndBankMgr__dtor_sndBankMgr_void	492	neighbour	0040B278
00448F30	sndBankMgr__CreateInstance_char_const__ptr	84	neighbour	0040B468
00448F88	sndBankMgr__ShutdownInstance_void	84	neighbour	0040B4C0
00449238	sndBankMgr__CreateEmptyBankInternal_char_const__ptr__eControlType	92	neighbour	0040B770
00449600	sndBankMgr__SetMaxNumBanks_int	308	neighbour	0040BB38
00449738	sndBankMgr__SetBankFreeInBitfield_int	28	neighbour	0040BC70
00449758	sndBankMgr__SetBankUsedInBitfield_int	24	neighbour	0040BC90
00449770	sndBankMgr__FindFreeBankSlot_void	88	neighbour	0040BCA8
004499D8	sndBankMgr__FindBank_char_const__ptr	184	neighbour	0040BF10
00449BE0	sndControl__dtor_sndControl_void	156	neighbour	0040C118
00449CE8	sndControl__Activate_void	40	neighbour	0040C218
00449D10	sndControl__Deactivate_void	80	neighbour	0040C240
00449D60	sndControl__InitClass_int_int_char_const__ptr	48	neighbour	0040C290
00449D90	sndControl__ShutdownClass_void	84	neighbour	0040C2C0
00449E30	sndControl__End_void	84	neighbour	0040C360
00449E88	sndControl__SetDefaultVolumeGroup_sndControlVolumeGroup__ptr	108	neighbour	0040C3B8
0044A0A8	sndControl__SetAltSound_sndBankEntry__ptr	120	neighbour	0040C590
0044A120	sndControl__Prime_void	160	neighbour	0040C608
0044A1C0	sndControl__IsPrimed_void_const	116	neighbour	0040C6A8
0044A528	sndControl__Stop_void	160	neighbour	0040C9F8
0044A5C8	sndControl__Pause_void	100	neighbour	0040CA98
0044A630	sndControl__Resume_void	84	neighbour	0040CB00
0044A738	sndControl__SetPitch_int	80	neighbour	0040CC08
0044A788	sndControl__SetPan_float	20	neighbour	0040CC58
0044A7A0	sndControl__SetReverb_float	20	neighbour	0040CC70
0044A7B8	sndControl__SetSoundRef_void	136	neighbour	0040CC88
0044A848	sndControl__ReleaseSoundRef_void	112	neighbour	0040CD18
0044A928	sndControl__IsPlayingOnHardware_void_const	108	neighbour	0040CDF8
0044AFB0	sndControl__SetGlobalReverbVolume_float	92	neighbour	0040D408
0044B010	sndControl__sndControl_datResource__ref	72	neighbour	0040D468
0044B1D8	sndControl3d__dtor_sndControl3d_void	40	neighbour	0040D630
0044B738	sndControl3d__Update3DCalc_void	496	neighbour	0040DB68
0044B928	sndControl3d__Update_void	316	neighbour	0040DD58
0044BA68	sndControl3d__PostUpdate_void	12	neighbour	0040DE98
0044BA78	sndControl3d__ApplyChangesToPlayingSound_unsigned_short	448	neighbour	0040DEA8
0044BC38	sndControl3d__Stop_void	68	neighbour	0040E068
0044BC80	sndControl3d__Activate_void	56	neighbour	0040E0B0
0044BCB8	sndControl3d__CalcVolume_void_const	16	neighbour	0040E0E8
0044BE30	sndControl3d__AddFrameCamera_Matrix34_const__ptr__Vector3_const__ptr__bool	964	neighbour	0040E238
0044C1F8	sndControl3d__StartFrameUpdate_void	104	neighbour	0040E600
0044C260	sndControl3d__sndControl3dHead__sndControl3dHead_void	40	neighbour	0040E668
0044C288	sndControl3d__sndControl3dHead__PostFrameUpdate_void	156	neighbour	0040E690
0044C328	sndControl3d__sndControl3dHead__Identity_void	172	neighbour	0040E730
0044C3D8	sndControl3d__sndControl3d_datResource__ref	156	neighbour	0040E7E0
0044C478	__static_initialization_and_destruction_0__0040E880	92	neighbour	0040E880
0044C4D8	_GLOBAL_$I$c__soft_age_src_snd_control_control3d_cppQCaaaa	32	neighbour	0040E8E0
0044C530	sndRpcData__Set_sndRpcData_const__ref	228	neighbour	0040E938
0044C618	sndRpcData__SetRegisterNumber_int	8	neighbour	0040EA20
0044C620	sndRpcData__GetRegisterNumber_void_const	8	neighbour	0040EA28
0044C628	sndRpcData__CalculateValue_void	96	neighbour	0040EA30
0044C930	sndRpcManager__dtor_sndRpcManager_void	136	neighbour	0040ED38
0044CB70	sndVoice__sndVoice_void	28	neighbour	0040EF78
0044CB90	sndVoice__sndVoice_sndVoice__ptr	56	neighbour	0040EF98
0044CBC8	sndVoice__dtor_sndVoice_void	88	neighbour	0040EFD0
0044CC20	sndVoice__InitClass_int_int_char_const__ptr	60	neighbour	0040F028
0044CC60	sndVoice__ShutdownClass_void	36	neighbour	0040F068
0044CC88	sndVoice__GetRef_sndVoice__ptr	76	neighbour	0040F090
0044CCD8	sndVoice__ReleaseRef_sndVoice__ptr__sndVoice__ptr	72	neighbour	0040F0E0
0044CD20	sndVoiceSfx__sndVoiceSfx_sndVoice__ptr__sndSfx__ptr	68	neighbour	0040F128
0044CD68	sndVoiceSfx__dtor_sndVoiceSfx_void	40	neighbour	0040F170
0044CD90	sndVoiceSfx__InitClass_int	140	neighbour	0040F198
0044CE20	sndVoiceSfx__ShutdownClass_void	116	neighbour	0040F228
0044CE98	sndVoiceSfx__GetSfxRef_void	40	neighbour	0040F2A0
0044CEC0	sndVoiceSfx__Release_void	88	neighbour	0040F2C8
0044CFF8	sndVoiceSfx__Pause_void	32	neighbour	0040F400
0044D018	sndVoiceSfx__Resume_void	28	neighbour	0040F420
0044D038	sndVoiceSfx__Stop_void	28	neighbour	0040F440
0044D058	sndVoiceSfx__SetVolume_float	28	neighbour	0040F460
0044DA20	sndVoiceStream__SetPosition_float_float_float	32	neighbour	0040FE08
0044DA40	sndVoiceStream__SetPositionHeadRelative_float_float_float	32	neighbour	0040FE28
0044DA60	sndVoiceStream__IsPlaying_void	104	neighbour	0040FE48
0044DAC8	sndVoiceStream__IsPlayingAlt_void	108	neighbour	0040FEB0
0044DB38	sndVoiceStream__IsLoading_void	36	neighbour	0040FF20
0044DB60	sndVoiceStream__IsLoaded_void	36	neighbour	0040FF48
0044DB88	sndVoiceStream__GetLength_void	28	neighbour	0040FF70
0044DBA8	__static_initialization_and_destruction_0__0040FF90	84	neighbour	0040FF90
0044DC00	_GLOBAL_$I$c__soft_age_src_snd_control_Soundvoice_cpp9Maaaa	32	neighbour	0040FFE8
0044DCD8	sndControlVolumeGroup__dtor_sndControlVolumeGroup_void	132	neighbour	004100C0
0044DD60	sndControlVolumeGroup__InitClass_void	12	neighbour	00410148
0044DD70	sndControlVolumeGroup__ShutdownClass_void	8	neighbour	00410158
0044DD78	sndControlVolumeGroup__CalcVolume_void_const	44	neighbour	00410160
0044DDA8	sndControlVolumeGroup__SetVolume_float	32	neighbour	00410190
0044DDC8	sndControlVolumeGroup__SetFrequency_float	32	neighbour	004101B0
0044DDE8	sndControlVolumeGroup__SetReverb_float	68	neighbour	004101D0
0044DE30	sndControlVolumeGroup__SetChanged_int	144	neighbour	00410218
0044DEC0	sndControlVolumeGroup__Pause_bool	152	neighbour	004102A8
0044DF58	sndControlVolumeGroup__SetPause_bool	80	neighbour	00410340
0044DFA8	sndControlVolumeGroup__UpdateAll_void	60	neighbour	00410390
0044DFE8	sndControlVolumeGroup__FileIO_datParser__ref	104	neighbour	004103D0
0044E050	sndControlVolumeGroup__AfterLoad_void	68	neighbour	00410438
0044E128	sndImpactSound__sndImpactSound_bool	64	neighbour	00410510
0044E168	sndImpactSound__dtor_sndImpactSound_void	204	neighbour	00410550
0044EB20	sndImpactSoundData__sndImpactSoundData_void	340	neighbour	00410D50
0044EC78	sndImpactSoundData__dtor_sndImpactSoundData_void	88	neighbour	00410EA8
0044EEB0	sndImpactSound__sndImpactSound_datResource__ref	248	neighbour	004110E0
0044EFA8	sndImpactSoundData__sndImpactSoundData_datResource__ref	76	neighbour	004111D8
0044EFF8	sndSirenSound__sndSirenSound_void	132	neighbour	00411228
0044F080	sndSirenSound__dtor_sndSirenSound_void	92	neighbour	004112B0
0044F0E0	sndSirenSound__SetPosition_Vector3_const__ref	40	neighbour	00411310
0044F108	sndSirenSound__SetDoppler_bool	52	neighbour	00411338
0044F450	sndSirenSound__sndSirenSound_datResource__ref	112	neighbour	00411A40
0044F4C0	sndSoundFxList__sndSoundFxList_void	32	neighbour	00411AB0
0044F5A8	sndSoundFxList__dtor_sndSoundFxList_void	156	neighbour	00411B98
0044F950	sndSoundFxSetup__sndSoundFxSetup_void	60	neighbour	00411F40
0044F990	sndSoundFxSetup__dtor_sndSoundFxSetup_void	40	neighbour	00411F80
0044F9B8	sndSoundFxSetup__Pick_char__ptr__ref	88	neighbour	00411FA8
0044FA10	sndSoundFxSetup__Pick_void	280	neighbour	00412000
0044FB28	sndSoundFxSetup__Update_void	8	neighbour	00412118
0044FB90	sndSoundFxSingleShot__sndSoundFxSingleShot_bool	112	neighbour	00412180
0044FC00	sndSoundFxSingleShot__dtor_sndSoundFxSingleShot_void	92	neighbour	004121F0
0044FC60	sndSoundFxSingleShot__Play_sndControlVolumeGroup__ptr	116	neighbour	00412250
0044FCD8	sndSoundFxSingleShot__PlayDontStopOld_sndControlVolumeGroup__ptr	144	neighbour	004122C8
0044FD68	sndSoundFxSingleShot__Stop_void	48	neighbour	00412358
0044FD98	sndSoundFxSingleShot__IsPlaying_void_const	64	neighbour	00412388
0044FEC8	sndSoundFxSingleShot3d__sndSoundFxSingleShot3d_bool	116	neighbour	004124B8
0044FF40	sndSoundFxSingleShot3d__dtor_sndSoundFxSingleShot3d_void	40	neighbour	00412530
0044FF68	sndSoundFxSingleShot3d__Play_sndControlVolumeGroup__ptr	8	neighbour	00412558
0044FF70	sndSoundFxSingleShot3d__PlayDontStopOld_sndControlVolumeGroup__ptr	8	neighbour	00412560
0044FF78	sndSoundFxSingleShot3d__Play3D_Vector3_const__ref__sndControlVolumeGroup__ptr	132	neighbour	00412568
00450000	sndSoundFxSingleShot3d__Play3DDontStop_Vector3_const__ref__sndControlVolumeGroup__ptr	196	neighbour	004125F0
004500C8	sndSoundFxSingleShot3d__SetPosition_Vector3_const__ref	40	neighbour	004126B8
00450208	sndSurfaceSoundListEntry__dtor_sndSurfaceSoundListEntry_void	40	neighbour	004127F8
00450230	sndSurfaceSoundListEntry__GetDirName_void	12	neighbour	00412820
00450328	sndSurfaceSoundList__sndSurfaceSoundList_void	48	neighbour	004128F8
00450358	sndSurfaceSoundList__dtor_sndSurfaceSoundList_void	128	neighbour	00412928
004503D8	sndSurfaceSoundList__CreateInstance_void	64	neighbour	004129A8
00450418	sndSurfaceSoundList__DeleteInstance_void	56	neighbour	004129E8
00450450	sndSurfaceSoundList__Load_char_const__ptr	240	neighbour	00412A20
00450540	sndSurfaceSoundList__GetEntry_int	32	neighbour	00412B10
00450678	fxBirthRule__InitSpark_fxSparkInfo__ptr__fxParticles__ref__int	1832	neighbour	00412C48
004511A8	fxParticles__fxParticles_void	284	neighbour	00413778
004512C8	fxParticles__dtor_fxParticles_void	236	neighbour	00413898
004513B8	fxParticles__Init_int_int_int_int_fxMeshCardVertex__ptr	304	neighbour	00413988
004514E8	fxParticles__Reset_void	24	neighbour	00413AB8
00451580	fxParticles__CalcBlastAdjust_Vector3_const__ref	276	neighbour	00413B50
00451698	fxParticles__ManagedUpdate_void	1600	neighbour	00413C68
00451CD8	fxParticles__Blast_int_fxBirthRule__ptr	456	neighbour	004142A8
00451EA0	fxParticles__Cull_void	396	neighbour	00414470
00452030	fxMeshCardInfo__Init_int_fxMeshCardVertex__ptr__int_int_int	720	neighbour	00414600
00452300	fxMeshCardInfo__fxMeshCardInfo_void	12	neighbour	004148D0
00452310	fxMeshCardInfo__dtor_fxMeshCardInfo_void	80	neighbour	004148E0
00452360	fxParticleMgr__fxParticleMgr_int	76	neighbour	00414930
004523B0	fxParticleMgr__dtor_fxParticleMgr_void	84	neighbour	00414980
00452408	fxParticleMgr__Add_fxParticles__ptr	40	neighbour	004149D8
00452430	fxParticleMgr__Remove_fxParticles__ptr	128	neighbour	00414A00
004524B0	fxParticleMgr__Draw_unsigned_int	168	neighbour	00414A80
00452558	fxParticleMgr__Update_void	104	neighbour	00414B28
004525C0	__static_initialization_and_destruction_0__00414B90	108	neighbour	00414B90
00452630	_GLOBAL_$I$c__soft_age_src_effects_ptx_cOoaaaa	32	neighbour	00414C00
00452650	fxTrack__fxTrack_void	64	neighbour	00414C20
00452690	fxTrack__dtor_fxTrack_void	104	neighbour	00414C60
004526F8	fxTrack__InitStaticData_void	132	neighbour	00414CC8
00452780	fxTrack__UnloadStaticData_void	80	neighbour	00414D50
004527D0	fxTrack__Init_Matrix34_const__ref__float_int	288	neighbour	00414DA0
004528F0	fxTrack__SetWidth_float	40	neighbour	00414EC0
00452918	fxTrack__Reset_void	20	neighbour	00414EE8
00452930	fxTrack__Update_Vector3_const__ref__Vector3_const__ref__int	1580	neighbour	00414F00
00453330	fxTrackMgr__fxTrackMgr_int	88	neighbour	00415900
00453388	fxTrackMgr__dtor_fxTrackMgr_void	84	neighbour	00415958
004533E0	fxTrackMgr__Add_fxTrack__ptr	40	neighbour	004159B0
00453408	fxTrackMgr__Remove_fxTrack__ptr	128	neighbour	004159D8
004535C8	fxTrackVertex__fxTrackVertex_datResource__ref	32	neighbour	00415B98
004535E8	fxTrack__fxTrack_datResource__ref	68	neighbour	00415BB8
00453630	ghiHandleStatus_GHIConnection__ptr	180	neighbour	00415C00
00453820	ghttpStartup	96	neighbour	00415DF0
00453880	ghttpCleanup	120	neighbour	00415E50
00453B10	ghttpThink	32	neighbour	004160E0
00453B70	ghttpSetProxy	28	neighbour	00416140
00453BC0	ghiIsPostAutoFree	8	neighbour	00416190
00453C48	ghiPostGetNoFilesContentLength_GHIConnection__ptr	168	neighbour	00416218
00453CF0	ghiPostGetHasFilesContentLength_GHIConnection__ptr	388	neighbour	004162C0
00453E78	ghiPostGetContentLength_GHIConnection__ptr	72	neighbour	00416448
00453EC0	ghiPostStateInit_GHIPostState__ptr	52	neighbour	00416490
00454448	ghiPostStateDoPosting_GHIPostState__ptr__GHIConnection__ptr__GHTTPBool	396	neighbour	00416A18
004545D8	ghiPostDoPosting	304	neighbour	00416BA8
00454E58	sIntVal_char	40	neighbour	00417408
00454E80	sGetInt_char_const__ptr__ref__int__ref__int	172	neighbour	00417430
00454F30	sEatSpaces_char_const__ptr__ref	76	neighbour	004174E0
00455B60	ghiInitFixedBuffer	88	neighbour	00418110
00455BB8	ghiFreeBuffer	84	neighbour	00418168
00455D30	ghiAppendHeaderToBuffer	132	neighbour	004182E0
00455E88	ghiAppendIntToBuffer	68	neighbour	00418438
00455FC8	ghiCallCompletedCallback	128	neighbour	00418578
00456088	ghiCallPostCallback	84	neighbour	00418638
004560E0	ghiCreateLock	8	neighbour	00418690
004560E8	ghiFreeLock	8	neighbour	00418698
004560F0	ghiLock	8	neighbour	004186A0
004560F8	ghiUnlock	8	neighbour	004186A8
00456358	ghiParseProxyServer_char_const__ptr__char__ptr__ptr__unsigned_short__ptr	152	neighbour	00418908
004563F0	ghiSetProxy	124	neighbour	004189A0
00456908	ghiEnumConnections	160	neighbour	00418EB8
00456A68	ghiCleanupConnections	180	neighbour	00419018
00456B20	crAnimation__crAnimation_void	56	neighbour	004190D0
00456B58	crAnimation__dtor_crAnimation_void	356	neighbour	00419108
00456D78	crAnimation__ComputeLostDelta_bool	312	neighbour	00419328
00456EB0	crAnimation__ComputeFrameDeltas_crAnimFrame__ptr	960	neighbour	00419460
00457270	crAnimation__GetAnimation_char_const__ptr__bool_bool_bool	56	neighbour	00419820
004573D0	crAnimation__LoadAnim_CompSwat_Stream__ptr__int	308	neighbour	00419980
00457508	crAnimation__LoadAnim_ANI1_Stream__ptr__bool_bool	836	neighbour	00419AB8
00457850	crAnimation__LoadAnim_ANI5_Stream__ptr	368	neighbour	00419E00
00457A88	crAnimation__LoadAnim_char_const__ptr__char_const__ptr__bool_bool_bool	420	neighbour	0041A038
00457C30	crAnimation__GetFrame_crAnimFrame__ref__int_const	84	neighbour	0041A1E0
00457C88	crAnimation__GetClosestFrame_crAnimFrame__ref__float_const	344	neighbour	0041A238
00457DE8	crAnimation__GetFrameDelta_int_const	36	neighbour	0041A398
00457E10	crAnimation__GetFrameDelta_float_float_const	776	neighbour	0041A3C0
00458138	crAnimation__UnPlace_crAnimation__ref	8	neighbour	0041A6E8
004581E8	crAnimation__GetFrameFromCurve_crAnimFrame__ref__float_const	148	neighbour	0041A798
00458288	crAnimation__GetCameraControlData_csCamControlData__ref__float_const	636	neighbour	0041A838
00458508	__static_initialization_and_destruction_0__0041AAB8	52	neighbour	0041AAB8
00458540	_GLOBAL_$I$c__soft_age_src_cranimation_animation_cppOoaaaa	32	neighbour	0041AAF0
00458570	crAnimCompressor__Compress_crAnimFrame_const__ptr__int_int	108	neighbour	0041AB20
004585E8	crAnimFrame__crAnimFrame_void	36	neighbour	0041AB98
00458618	crAnimFrame__dtor_crAnimFrame_void	68	neighbour	0041ABC8
00458660	crAnimFrame__operator_assign_crAnimFrame_const__ref	48	neighbour	0041AC10
00458690	crAnimFrame__Copy_crAnimFrame_const__ref__int_int	188	neighbour	0041AC40
00458750	crAnimFrame__Init_int	116	neighbour	0041AD00
004587C8	crAnimFrame__Shutdown_void	80	neighbour	0041AD78
00458818	crAnimFrame__Blend_float_crAnimFrame_const__ref__crAnimFrame_const__ref	100	neighbour	0041ADC8
00458890	crAnimFrame__LoadBin_Stream__ptr__int_int_bool	184	neighbour	0041AE40
00458958	crAnimFrame__Mirror_crSkeletonData_const__ptr	616	neighbour	0041AF08
00458BD0	crAnimFrame__Merge_crAnimFrame_const__ref__float	252	neighbour	0041B180
00458FE8	crAnimFrame__GetRotVector_int_const	64	neighbour	0041B598
00459068	crAnimFrame__SetTransVector_int_Vector3_const__ref	80	neighbour	0041B618
004590C0	crAnimFrameStack__crAnimFrameStack_int_float__ptr	76	neighbour	0041B670
00459110	crAnimFrameStack__dtor_crAnimFrameStack_void	32	neighbour	0041B6C0
00459130	crAnimFrameData__crAnimFrameData_void	32	neighbour	0041B6E0
00459150	crAnimFrameData__dtor_crAnimFrameData_void	68	neighbour	0041B700
00459198	crAnimFrameData__Shutdown_void	136	neighbour	0041B748
00459220	crAnimFrameData__GetFrame_crAnimFrame__ref__int_int_int_const	156	neighbour	0041B7D0
004592C8	crAnimFrameData__Init_crAnimFrame_const__ptr__int_int	828	neighbour	0041B878
00459670	crAnimFXData__CreateInstance_void	36	neighbour	0041BC20
00459698	AnimChannel__AnimChannel_void	20	neighbour	0041BC48
004596B0	AnimChannel__dtor_AnimChannel_void	72	neighbour	0041BC60
004596F8	AnimChannel__LoadAnimCurve_Stream__ptr	172	neighbour	0041BCA8
004597A8	LGWheels__LGWheels_void	104	neighbour	0041BD58
00459810	LGWheels__InitVars_void	376	neighbour	0041BDC0
0045A0D8	LGWheels__GenerateNonLinValues_int_int	76	neighbour	0041C648
0045A348	LGWheels__StopSpringForce_int	28	neighbour	0041C8B8
0045A368	LGWheels__SameSpringForceParams_int_int_int_int	64	neighbour	0041C8D8
0045AD78	LGWheels__SameFrontalCollisionForceParams_int_int	24	neighbour	0041CF00
0045AD90	LGWheels__PlayDirtRoadEffect_int_int	512	neighbour	0041CF18
0045AF90	LGWheels__StopDirtRoadEffect_int	28	neighbour	0041D118
0045AFB0	LGWheels__SameDirtRoadEffectParams_int_int	24	neighbour	0041D138
0045AFC8	LGWheels__PlayBumpyRoadEffect_int_int	512	neighbour	0041D150
0045B1C8	LGWheels__StopBumpyRoadEffect_int	28	neighbour	0041D350
0045B1E8	LGWheels__SameBumpyRoadEffectParams_int_int	24	neighbour	0041D370
0045B200	LGWheels__PlaySlipperyRoadEffect_int_int	588	neighbour	0041D388
0045B450	LGWheels__StopSlipperyRoadEffect_int	28	neighbour	0041D5D8
0045B470	LGWheels__SameSlipperyRoadEffectParams_int_int	24	neighbour	0041D5F8
0045B488	LGWheels__PlaySurfaceEffect_int_int_int_int	896	neighbour	0041D610
0045B808	LGWheels__StopSurfaceEffect_int	28	neighbour	0041D990
0045B828	LGWheels__SameSurfaceEffectParams_int_int_int_int	64	neighbour	0041D9B0
0045B868	LGWheels__PlayCarAirborne_int	452	neighbour	0041D9F0
0045BA30	LGWheels__StopCarAirborne_int	28	neighbour	0041DBB8
0045BA60	LogiCondition__LogiCondition_void	40	neighbour	0041DBE8
0045BD68	LogiConstant__LogiConstant_void	40	neighbour	0041DEF0
0045C008	LogiForce__LogiForce_void	40	neighbour	0041E190
0045C038	LogiForce__InitVars_void	92	neighbour	0041E1C0
0045C320	LogiPeriodic__LogiPeriodic_void	40	neighbour	0041E4A8
0045C5F0	LogiRamp__LogiRamp_void	40	neighbour	0041E778
0045C750	LogiWheels__GetDeviceNumber_unsigned_char__ptr	80	neighbour	0041E8D0
0045CCB0	LogiWheels__ButtonIsPressed_int_int	232	neighbour	0041EE10
0045CD98	LogiWheels__ButtonTriggered_int_int	256	neighbour	0041EEF8
0045CE98	LogiWheels__ButtonReleased_int_int	256	neighbour	0041EFF8
0045CF98	LogiWheels__DPadIsPressed_int_int	284	neighbour	0041F0F8
0045D0B8	LogiWheels__DPadTriggered_int_int	344	neighbour	0041F218
0045D210	LogiWheels__DPadReleased_int_int	344	neighbour	0041F370
0045D388	LogiWheels__IsMultiturnCapable_int	12	neighbour	0041F4E8
0045D498	LogiWheels__GenerateNonLinValues_int_int	140	neighbour	0041F598
0045D528	LogiWheels__CalculateNonLinValue_int_int_float_float	112	neighbour	0041F628
0045D618	ioFFWheel__InitClass_void	168	neighbour	0041F718
0045D6C0	ioFFWheel__ResetAll_void	72	neighbour	0041F7C0
0045DD30	__static_initialization_and_destruction_0__0041FD08	92	neighbour	0041FD08
0045DD90	_GLOBAL_$I$c__soft_age_src_ffwheel_ffwheel_cppdlaaaa	32	neighbour	0041FD68
0045DDB8	mcCityLifeSimulator__mcCityLifeSimulator_void	12	neighbour	0041FD90
0045DDC8	mcCityLifeSimulator__dtor_mcCityLifeSimulator_void	68	neighbour	0041FDA0
0045DE80	mcCityLifeSimulator__DestroyInstance_void	56	neighbour	0041FE68
0045DFB8	mcCityLifeSimulator__Kill_void	56	neighbour	0041FFA0
0045DFF0	mcCityLifeSimulatorData__dtor_mcCityLifeSimulatorData_void	432	neighbour	0041FFD8
0045E1A0	mcCityLifeSimulatorData__ActivateNode_int_bool	48	neighbour	00420188
0045E760	mcCityLifeSimulatorData__FrontEndLayerRelease_void	28	neighbour	004205E0
0045E780	mcCityLifeSimulatorData__RaceLayerRelease_void	152	neighbour	00420600
0045E940	mcCityLifeSimulatorData__UpdateFEViewSpot_Vector3_const__ref	72	neighbour	004207B0
0045EB70	mcCityLifeSimulatorData__PostRaceStartCutSceneInit_void	64	neighbour	004209E0
0045EDA0	mcCityLifeSimulatorData__ResetRaceStarters_void	40	neighbour	00420C20
0045EDC8	mcCityLifeSimulatorData__ReleaseRaceStarterData_void	88	neighbour	00420C48
0045EF80	GetProbedPos_Vector3__ref__Vector3_const__ref__Vector3_const__ref__float_unsigned_int_unsigned_char	364	neighbour	00420E00
0045F0F0	GetWorldProbeByLine_phSegment__ptr__phIntersection__ptr	72	neighbour	00420F70
0045F2A0	mcCreature__dtor_mcCreature_void	256	neighbour	00421120
0045F588	mcCreature__Init_mcCreatureAnim_const__ref	464	neighbour	00421408
0045F758	mcCreature__SetGraphNodeID_unsigned_short	20	neighbour	004215D8
0045F7C8	mcCreature__SetCreatureBehaviorType_mcCreature__TCreatureBehaviorType	236	neighbour	00421648
0045F8B8	mcCreature__SetCreatureModeFlag_mcCreature__TCreatureBehaviorFlags_bool	36	neighbour	00421738
0045F8E0	mcCreature__SetCutsceneFrame_crAnimFrame_const__ptr__Matrix34_const__ptr	132	neighbour	00421760
0045F978	mcCreature__InitiallyCutsceneControlled_void_const	12	neighbour	004217F8
0045F9E0	mcCreature__SetPositionAndDirection_Vector3_const__ref__Vector3_const__ref	176	neighbour	00421808
0045FA90	mcCreature__ClearNumPedCollisionCount_void	12	neighbour	004218B8
0045FAA0	mcCreature__SignalCreatureAboutCutscene_bool	304	neighbour	004218C8
0045FD70	mcCreature__ApplyAnimation_mcCreatureAnim__TAnimType_bool	188	neighbour	00421B98
0045FE98	mcCreature__SetCreatureTarget_Vector3_const__ref	28	neighbour	00421CB0
0045FEB8	mcCreature__SetSubDestination_Vector3_const__ref__bool	36	neighbour	00421CD0
0045FEE0	mcCreature__ApproachedDestination_float_const	28	neighbour	00421CF8
0045FF00	mcCreature__JustFinishedAnimCycle_void_const	28	neighbour	00421D18
0045FF20	mcCreature__CanDoAnimWithoutWorldHit_Vector3__ref__mcCreatureAnim__TAnimType_Vector3_const__ref__const	580	neighbour	00421D38
00460168	mcCreature__CheckAndSetWallPancakeMode_mcCreatureEnvNotify__ref__Vector3__ref	80	neighbour	00421F80
004601B8	mcCreature__CheckAndSetSafeZoneMode_Vector3_const__ref	128	neighbour	00421FD0
00460238	mcCreature__SetSafeZoneMode_Vector3_const__ref__mcGraphNode__TGraphNodeType_Vector3_const__ref__Vector3_const__ref	328	neighbour	00422050
00460380	mcCreature__NotifyThreat_mcCreatureThreatData_const__ref__mcCreatureEnvNotify__ref	28	neighbour	00422198
00460838	mcCreature__UpdateSimulationLod_mcCreatureEnvNotify_const__ref	220	neighbour	00422638
00460918	mcCreature__UpdateDrawLod_void	192	neighbour	00422718
004609D8	mcCreature__Update_float_mcCreatureEnvNotify__ref__mcCreatureAnimMgr_const__ref__mcCreatureGroupPropElement_const__ptr__bool	368	neighbour	004227D8
00460B48	mcCreature__UpdateMotion_float_mcCreatureGroupPropElement_const__ptr	1064	neighbour	00422948
004614C8	mcCreature__HandleOutOfWayThreatRaceStarter_mcCreatureBrainCommand__ref__mcCreatureEnvNotify__ref	296	neighbour	004232B0
004615F0	mcCreature__HandleAlertThreat_mcCreatureBrainCommand__ref	140	neighbour	004233D8
00461680	mcCreature__HandleStopThreat_mcCreatureBrainCommand__ref	104	neighbour	00423468
004616E8	mcCreature__RecoverFromAction_void	64	neighbour	004234D0
00461728	mcCreatureActionSeq__mcCreatureActionSeq_void	136	neighbour	00423510
004617B0	mcCreatureActionSeq__Reset_void	120	neighbour	00423598
00461828	mcCreatureActionSeq__Init_mcCreature__ptr	8	neighbour	00423610
00461830	mcCreatureActionSeq__SetActionSequence_mcCreatureAnim__TAnimType_mcCreatureAnim__TAnimType_mcCreatureAnim__TAnimType_mcCreatureAnim__TAnimType	36	neighbour	00423618
00461858	mcCreatureActionSeq__StartAction_Vector3_const__ref__Vector3_const__ref__Vector3_const__ref__mcCreatureAnim__TAnimType_mcCreatureAnim__TAnimType_mcCreatureAnim__TAnimType	404	neighbour	00423640
004619F0	mcCreatureActionSeq__StartAction_Vector3_const__ref__mcCreatureAnim__TAnimType_mcCreatureAnim__TAnimType_mcCreatureAnim__TAnimType	144	neighbour	004237D8
00461A80	mcCreatureActionSeq__StartAction_mcCreatureAnim__TAnimType_mcCreatureAnim__TAnimType_mcCreatureAnim__TAnimType	100	neighbour	00423868
00461AE8	mcCreatureActionSeq__Update_float	144	neighbour	004238D0
00461B78	mcCreatureActionSeq__ChangeState_mcCreatureActionSeq__TActionState	152	neighbour	00423960
00461C10	mcCreatureActionSeq__ApplyAnimation_mcCreatureAnim__TAnimType	32	neighbour	004239F8
00461C30	mcCreatureActionSeq__ApproachPoint_void	96	neighbour	00423A18
00461C90	mcCreatureActionSeq__StartUpAnim_void	92	neighbour	00423A78
00461CF0	mcCreatureActionSeq__SignallingThreatRecovery_void	12	neighbour	00423AD8
00461D00	mcCreatureActionSeq__StableAnim_void	40	neighbour	00423AE8
00461D28	mcCreatureActionSeq__ReverseAnim_void	56	neighbour	00423B10
00461D60	mcCreatureActionSeq__CompletedFullActionCycle_void	60	neighbour	00423B48
00461DA0	mcCreatureActionSeq__mcCreatureActionSeq_datResource__ref	56	neighbour	00423B88
00462028	_GLOBAL_$I$c__soft_mc3_src_mcped_Creature_cppGxaaaa	32	neighbour	00423E30
00462048	mcCreatureAnimGroupFactory__Release_mcCreatureAnimGroup__ref	32	neighbour	00423E50
004624E8	mcCreatureAnimFactory__Release_mcCreatureAnimMgr__ref__bool	248	neighbour	004242F0
00462658	mcCreatureAnimFactory__LoadCreatureAnimMgr_char_const__ptr	324	neighbour	00424460
004627A0	mcCreatureAnimFactory__LoadCreatureAnimMgrRaceLayer_char_const__ptr	324	neighbour	004245A8
004628E8	mcCreatureAnimFactory__ParseFindAnimGroupListSize_char_const__ptr	280	neighbour	004246F0
00462A00	mcCreatureAnimFactory__ParseHeaders_void	80	neighbour	00424808
00462B60	mcCreatureAnimGroup__Release_void	132	neighbour	00424968
00462BE8	mcCreatureAnimGroup__Reset_void	92	neighbour	004249F0
00462C80	mcCreatureAnimGroup__FindAnimByType_mcCreatureAnim__TAnimType_const	56	neighbour	00424A88
00462CB8	mcCreatureAnimMgr__Reset_void	128	neighbour	00424AC0
00462D38	mcCreatureAnimMgr__FindAnimGroupByName_char_const__ptr__const	216	neighbour	00424B40
00462E10	mcCreatureAnimMgr__Initialize_int	312	neighbour	00424C18
00462F48	mcCreatureAnimMgr__Release_void	216	neighbour	00424D50
00463020	mcCreatureAnimMgr__InitializeRace_int	320	neighbour	00424E28
00463160	mcCreatureAnimMgr__ReleaseRace_void	216	neighbour	00424F68
00463238	mcCreatureAnimGroup__mcCreatureAnimGroup_datResource__ref	128	neighbour	00425040
004632B8	mcCreatureAnimMgr__mcCreatureAnimMgr_datResource__ref	232	neighbour	004250C0
004633A0	mcCreatureAnimator__mcCreatureAnimator_void	44	neighbour	004251A8
004633D0	mcCreatureAnimator__dtor_mcCreatureAnimator_void	36	neighbour	004251D8
004633F8	mcCreatureAnimator__Init_mcCreature__ref	8	neighbour	00425200
00463400	mcCreatureAnimator__SetAnimation_mcCreatureAnim_const__ref	20	neighbour	00425208
00463418	mcCreatureAnimator__SetPlayBackRate_float_float	84	neighbour	00425220
00463470	mcCreatureAnimator__SwitchToAnimation_mcCreatureAnim_const__ref__bool	60	neighbour	00425278
004634B0	mcCreatureAnimator__GetCurrTransDiff_Vector3__ref__const	132	neighbour	004252B8
00463538	mcCreatureAnimator__Reset_void	12	neighbour	00425340
00463548	mcCreatureAnimator__FindPredictedFrameData_mcCreatureAnimatorData__ref	648	neighbour	00425350
004637D0	mcCreatureAnimator__SetToPredictedFrameData_mcCreatureAnimatorData_const__ref	48	neighbour	004255D8
00463800	mcCreatureAnimator__JustFinishedAnimCycle_void_const	60	neighbour	00425608
00463840	mcCreatureAnimator__mcCreatureAnimator_datResource__ref	80	neighbour	00425648
00463890	mcCreatureBrain__mcCreatureBrain_mcCreature__ref	68	neighbour	00425698
004638D8	mcCreatureBrain__Reset_mcCreatureBrain__TBrainMode	20	neighbour	004256E0
004638F0	mcCreatureBrain__ResetMasterBrainMode_mcCreatureBrain__TBrainMode	36	neighbour	004256F8
00463918	mcCreatureBrain__Update_float_mcCreatureEnvNotify__ref__mcCreatureBrainCommand__ref	1288	neighbour	00425720
00463E20	mcCreatureBrain__NotifyThreat_mcCreatureThreatData_const__ref__mcCreatureEnvNotify__ref	28	neighbour	00425C28
00463E40	mcCreatureBrain__InitIdleTime_void	156	neighbour	00425C48
00463EE0	mcCreatureBrain__mcCreatureBrain_datResource__ref	32	neighbour	00425CE8
00463F00	mcCreatureEnvNotify__Init_int	192	neighbour	00425D08
00463FC0	mcCreatureEnvNotify__Release_void	68	neighbour	00425DC8
00464008	mcCreatureEnvNotify__Reset_void	96	neighbour	00425E10
004644F0	mcCreatureEnvNotify__SearchThreatsAround_mcCreature__ref__float	156	neighbour	00426340
00464590	mcCreatureEnvNotify__FindClosestThreatRacer_mcCreature__ref	196	neighbour	004263E0
00464658	mcCreatureEnvNotify__GetClosestPlayerMatrix_Vector3_const__ref__float__ref__float__ref__const	324	neighbour	004264A8
004647A0	mcCreatureEnvNotify__mcCreatureEnvNotify_datResource__ref	32	neighbour	004265F0
004647C0	mcCreatureGroup__Init_int_int	272	neighbour	00426610
004648D0	mcCreatureGroup__Release_void	64	neighbour	00426720
00464910	mcCreatureGroup__Reset_void	48	neighbour	00426760
00464940	mcCreatureGroup__AddCreature_mcCreature__ref	224	neighbour	00426790
00464A20	mcCreatureGroup__FastRemoveCreature_int	116	neighbour	00426870
00464A98	mcCreatureGroup__Update_float_mcCreatureEnvNotify__ref__mcCreatureAnimMgr_const__ref__mcCreatureGroupPropElement_const__ptr	272	neighbour	004268E8
00464BA8	mcCreatureGroup__UpdateViewSpot_Vector3_const__ref	112	neighbour	004269F8
00464C18	mcCreatureGroupManager__Release_void	300	neighbour	00426A68
00464D48	mcCreatureGroupManager__ReleaseRaceStarterData_void	28	neighbour	00426B98
00464D68	mcCreatureGroupManager__Reset_void	320	neighbour	00426BB8
00464EA8	mcCreatureGroupManager__AddMasterGroupCreature_mcCreature__ref	28	neighbour	00426CF8
00464EC8	mcCreatureGroupManager__BuildClosestPropList_void	488	neighbour	00426D18
00465158	mcCreatureGroupManager__UpdateViewSpot_Vector3_const__ref	28	neighbour	00426FA8
00465178	mcCreatureGroupPropElement__mcCreatureGroupPropElement_datResource__ref	32	neighbour	00426FC8
00465198	mcCreatureGroup__mcCreatureGroup_datResource__ref	108	neighbour	00426FE8
00465208	mcCreatureGroupManager__mcCreatureGroupManager_datResource__ref	272	neighbour	00427058
00465318	mcCreatureIK__mcCreatureIK_void	44	neighbour	00427168
00465348	mcCreatureIK__Init_crSkeleton__ref__int	20	neighbour	00427198
00465360	mcCreatureIK__Reset_void	24	neighbour	004271B0
00465378	mcCreatureIK__SetTarget_Vector3_const__ptr	8	neighbour	004271C8
00465390	mcCreatureIK__CalcAngle_Vector3__ref__Vector3_const__ref__Vector3_const__ref__const	172	neighbour	004271E0
00465440	mcCreatureIK__AllAnglesInRange_Vector3_const__ref__const	100	neighbour	00427290
004654A8	mcCreatureIK__Update_float	560	neighbour	004272F8
004656D8	mcCreatureIK__mcCreatureIK_datResource__ref	56	neighbour	00427528
00465710	__static_initialization_and_destruction_0__00427560	80	neighbour	00427560
00465760	_GLOBAL_$I$c__soft_mc3_src_mcped_CreatureIK_cppwzaaaa	32	neighbour	004275B0
00465780	mcCreatureManager__dtor_mcCreatureManager_void	312	neighbour	004275D0
00465A68	mcCreatureManager__Release_void	220	neighbour	004278B8
00465BB8	mcCreatureManager__RemoveCreature_mcCreature__ptr	128	neighbour	00427A48
00465C38	mcCreatureManager__ReturnCreature_mcCreature__ptr	232	neighbour	00427AC8
00466330	mcCreatureManager__ReleaseRaceStarters_void	180	neighbour	004281A0
004663E8	mcCreatureManager__DebugReturnCreatureSafetyCheck_mcCreature__ptr	8	neighbour	00428258
004665E8	mcCreatureCullableClass__SetRenderStates_mcPassTypes_const	456	neighbour	00428458
004667B0	mcCreatureCullableClass__RestoreRenderStates_mcPassTypes_const	8	neighbour	00428620
004667B8	mcCreatureCullableClass__RenderAllTypes_mcPassTypes	28	neighbour	00428628
004668B0	GetWorldProbedPos_phIntersection_Vector3_const__ref__Vector3_const__ref__float_unsigned_int_unsigned_char	136	neighbour	00428720
00466938	mcCreatureNavFeeder__mcCreatureNavFeeder_void	40	neighbour	004287A8
00466960	mcCreatureNavFeeder__dtor_mcCreatureNavFeeder_void	64	neighbour	004287D0
004669A0	mcCreatureNavFeeder__Init_Vector3__ptr__Vector3__ptr__Vector3_const__ptr__mcCreature__ptr	20	neighbour	00428810
004669B8	mcCreatureNavFeeder__Reset_void	24	neighbour	00428828
004669D0	mcCreatureNavFeeder__Deacvtive_void	8	neighbour	00428840
004669D8	mcCreatureNavFeederByGraph__SetGraph_mcCityGraph__ptr	12	neighbour	00428848
004669E8	mcCreatureNavFeederByGraph__mcCreatureNavFeederByGraph_void	72	neighbour	00428858
00466A30	mcCreatureNavFeederByGraph__Reset_void	56	neighbour	004288A0
00466A68	mcCreatureNavFeederByGraph__Deacvtive_void	28	neighbour	004288D8
00466A88	mcCreatureNavFeederByGraph__dtor_mcCreatureNavFeederByGraph_void	40	neighbour	004288F8
00467660	mcCreatureNavFeederByPoints__InitPointArray_int	248	neighbour	00429420
00467758	mcCreatureNavFeederByPoints__AddPoint_Vector3_const__ref	96	neighbour	00429518
004677B8	mcCreatureNavigator__mcCreatureNavigator_mcCreature__ptr__mcCreatureNavFeeder__ptr	52	neighbour	00429578
004677F0	mcCreatureNavigator__Reset_void	172	neighbour	004295B0
004678A0	mcCreatureNavigator__Init_Vector3__ptr__Vector3__ptr	404	neighbour	00429660
00467A38	mcCreatureNavigator__LogLastSafePosition_void	60	neighbour	004297F8
00467A78	mcCreatureNavigator__SetDirection_Vector3_const__ref__bool	84	neighbour	00429838
00467AD0	mcCreatureNavigator__ApproachedDestination_float_const	100	neighbour	00429890
00467B38	mcCreatureNavigator__SetSubDestination_Vector3_const__ref__bool_bool_bool	568	neighbour	004298F8
00467D70	mcCreatureNavigator__RecoverFromSubDestinationMode_void	508	neighbour	00429B30
00467F70	mcCreatureNavigator__RecoverToNavigation_void	496	neighbour	00429D30
00468190	mcCreatureNavigator__Update_Vector3_const__ref__float_bool_mcCreatureGroupPropElement_const__ptr	688	neighbour	00429F50
00468440	mcCreatureNavigator__PerformObstacleAvoidance_float_mcCreatureGroupPropElement_const__ptr	216	neighbour	0042A200
004691E8	mcCreatureNavigator__CylinderCollisionCheck_mcCreature__ref__Vector3_const__ref__float_const__ref__Vector3__ref	436	neighbour	0042AD80
004693A0	mcCreatureNavigator__FormNextGraphNode_void	168	neighbour	0042AF38
00469448	mcCreatureNavFeeder__VirtualConstructFromPtr_datResource__ref__mcCreatureNavFeeder__ptr__ref	100	neighbour	0042AFE0
004694B0	mcCreatureNavigator__mcCreatureNavigator_datResource__ref	128	neighbour	0042B048
00469530	mcCreatureNavFeeder__mcCreatureNavFeeder_datResource__ref	112	neighbour	0042B0C8
004695A0	mcCreatureNavFeederByGraph__mcCreatureNavFeederByGraph_datResource__ref	52	neighbour	0042B138
004695D8	mcCreatureNavFeederByPoints__mcCreatureNavFeederByPoints_datResource__ref	84	neighbour	0042B170
00469630	mcCreaturePopulater__dtor_mcCreaturePopulater_void	120	neighbour	0042B1C8
004696A8	mcCreaturePopulater__Reset_void	76	neighbour	0042B240
00469700	mcCreaturePopulater__Release_void	80	neighbour	0042B298
00469A80	mcCreaturePopulater__UpdateTimeSliceCompletion_void	96	neighbour	0042B608
00469CF0	mcCreaturePopulater__CheckForValidSpawnNode_mcGraphNode__TGraphNodeType	16	neighbour	0042B878
00469D00	mcCreaturePopulater__GetRandomFeedablePointOnSurface_Vector3__ref__float_float_unsigned_short	176	neighbour	0042B888
00469DB0	mcCreaturePopulater__CheckSafePlaceToInsert_Vector3__ref__float_float	340	neighbour	0042B938
00469F08	mcCreaturePopulater__GenerateCreatureType_unsigned_short_const__ref	100	neighbour	0042BA90
00469F70	mcCreaturePopulater__mcCreaturePopulater_datResource__ref	212	neighbour	0042BAF8
0046A048	mcCreatureThreatGeom__mcCreatureThreatGeom_void	44	neighbour	0042BBD0
0046A078	mcCreatureThreatGeom__Reset_void	92	neighbour	0042BC00
0046A908	mcCreatureType__dtor_mcCreatureType_void	72	neighbour	0042C468
0046A950	mcCreatureType__Release_void	100	neighbour	0042C4B0
0046B050	mcCreatureTypeManager__dtor_mcCreatureTypeManager_void	144	neighbour	0042CBB0
0046B0E0	mcCreatureTypeManager__Release_void	164	neighbour	0042CC40
0046B188	mcCreatureTypeManager__GetCreatureType_char_const__ptr__const	224	neighbour	0042CCE8
0046B698	mcCreatureTypeManager__ReleaseRaceStarterData_void	200	neighbour	0042D1F8
0046B8A8	mcCreatureAnim__dtor_mcCreatureAnim_void	108	neighbour	0042D400
0046B988	mcCreatureAnim__Reset_void	8	neighbour	0042D4E0
0046B990	mcCreatureAnim__mcCreatureAnim_datResource__ref	104	neighbour	0042D4E8
0046BB08	phBound__CalculateSphereFromBoundingBox_void	396	neighbour	0042D660
0046BC98	phBound__SetOffset_Vector3_const__ref	92	neighbour	0042D7F0
0046BD98	phBound__GetCenter_Matrix34_const__ptr__const	232	neighbour	0042D8F0
0046BE80	phBound__GetCenterOfGravity_Matrix34_const__ptr__Vector3__ptr__const	216	neighbour	0042D9D8
0046BF58	phBound__GetVertexMaterial_int_const	8	neighbour	0042DAB0
0046BF60	phBound__SetMaterial_phMaterial__ref	72	neighbour	0042DAB8
0046BFA8	phBound__SetMaterial_int_phMaterial__ref	84	neighbour	0042DB00
0046C0C8	phBound__SetPenetration_void	36	neighbour	0042DC20
0046C0F0	phBound__SetPenetration_float	36	neighbour	0042DC48
0046C118	phBound__CalculateExtents_void	8	neighbour	0042DC70
0046C120	phBound__TestSphere_Vector3_const__ref__float_phIntersection__ptr__const	8	neighbour	0042DC78
0046C9F8	phBound__Copy_phBound_const__ptr	208	neighbour	0042E600
0046CB18	phBound__LoadData_datAsciiTokenizer__ref__phBound__FileVersion	36	neighbour	0042E720
0046CB40	phBound__LoadData_datBinTokenizer__ref__phBound__FileVersion	36	neighbour	0042E748
0046CB68	phBound__Load_v110_datAsciiTokenizer__ref	8	neighbour	0042E770
0046CB70	phBound__Load_v110_datBinTokenizer__ref	8	neighbour	0042E778
0046CCA0	GetEdgeBetweenTwoFaces_int_int	80	neighbour	0042E8A8
0046CCF0	FindBoxPlaneRegion_Vector3_const__ref__Vector3_const__ref__int__ptr__int__ptr	480	neighbour	0042E8F8
0046CED0	FindClosestBoxFaceInside_Vector3_const__ref__Vector3_const__ref	108	neighbour	0042EAD8
0046CF40	FindIsectBoxPlaneRegion_float_int_Vector3_const__ref__float_Vector3__ref__Vector3__ref__Vector3__ref__int__ptr__int__ptr__bool	1636	neighbour	0042EB48
0046D5A8	phBoundBox__phBoundBox_void	636	neighbour	0042F1B0
0046D858	phBoundBox__phBoundBox_datResource__ref	148	neighbour	0042F460
0046DC78	phBoundBox__SetOffset_Vector3_const__ref	212	neighbour	0042F880
0046DD50	phBoundBox__ShiftOffset_Vector3_const__ref	116	neighbour	0042F958
0046DDC8	phBoundBox__CalculateExtents_void	400	neighbour	0042F9D0
00473090	phBoundBox__TestSphere_Vector3_const__ref__float_phIntersection__ptr__const	2248	neighbour	004349D0
00473958	phBoundBox__TestHotdog_Vector3_const__ref__Vector3_const__ref__float_float_phIntersection__ptr__bool_const	6232	neighbour	00435298
004751B0	__static_initialization_and_destruction_0__00436AF0	972	neighbour	00436AF0
00475580	_GLOBAL_$I$c__soft_age_src_phbound_boundbox_cppzDaaaa	32	neighbour	00436EC0
00475CF0	phBoundComposite__GetNumNestedBounds_void_const	144	neighbour	00437630
00475D80	phBoundComposite__GetNumActiveBounds_void_const	60	neighbour	004376C0
00475E40	phBoundComposite__CalculateExtents_void	28	neighbour	00437780
00475E60	phBoundComposite__CalculateCompositeExtents_void	56	neighbour	004377A0
00475E98	phBoundComposite__CalculateBoundBox_void	1016	neighbour	004377D8
00476290	phBoundComposite__CalculateSphereRadius_Matrix34_const__ptr__Vector3_const__ref	280	neighbour	00437BD0
004763A8	phBoundComposite__CalcVolume_void_const	136	neighbour	00437CE8
00476430	phBoundComposite__CalcAngInertia_float_const	152	neighbour	00437D70
004764C8	phBoundComposite__CalcCompositeAngInertia_float_float_const__ptr__Vector3_const__ptr__const	628	neighbour	00437E08
00476740	phBoundComposite__CalcCenterOfGravity_float_const__ptr	648	neighbour	00438080
00476BB0	phBoundComposite__GetCompositePart_int_int__ptr__const	236	neighbour	004384F0
00476CA0	phBoundComposite__IsPolygonal_int_const	60	neighbour	004385E0
00476FE0	phBoundComposite__TestPoint_Vector3_const__ref__phIntersection__ptr__const	576	neighbour	00438920
00477220	phBoundComposite__TestProbe_phSegment_const__ref__phIntersection__ptr__float_const	764	neighbour	00438B60
00477520	phBoundComposite__TestEdge_phSegment_const__ref__phIntersection__ptr__phIntersection__ptr__const	1044	neighbour	00438E60
00477938	phBoundComposite__TestSphere_Vector3_const__ref__float_phIntersection__ptr__const	584	neighbour	00439278
00477B80	phBoundComposite__TestHotdog_Vector3_const__ref__Vector3_const__ref__float_float_phIntersection__ptr__bool_const	736	neighbour	004394C0
00477E60	phBoundComposite__GetComponent_int_phIntersection__ptr__int_const	52	neighbour	004397A0
00477E98	phBoundComposite__GetMaterial_int_const	36	neighbour	004397D8
00477EC0	phBoundComposite__GetMaterial_int_int_const	76	neighbour	00439800
00477F10	phBoundComposite__GetNumMaterials_void_const	56	neighbour	00439850
00477F48	phBoundComposite__SetMaterial_int	128	neighbour	00439888
00477FC8	phBoundComposite__GetMaterialFromPartIndex_int_int_const	80	neighbour	00439908
00478018	phBoundComposite__GetMaterialIndexFromPartIndex_int_int_const	80	neighbour	00439958
00478068	phBoundComposite__GetVertexMaterial_int_const	60	neighbour	004399A8
004780A8	phBoundComposite__FindImpacts_phImpactBase__ptr__const	1436	neighbour	004399E8
004787E0	phBoundGeometry__phBoundGeometry_void	92	neighbour	0043A120
00478840	phBoundGeometry__dtor_phBoundGeometry_void	132	neighbour	0043A180
004788C8	phBoundGeometry__Init_int_int_int	232	neighbour	0043A208
004789B0	phBoundGeometry__PostLoadCompute_void	40	neighbour	0043A2F0
004789D8	phBoundGeometry__GetMaterial_int_const	48	neighbour	0043A318
00478A08	phBoundGeometry__phBoundGeometry_datResource__ref	84	neighbour	0043A348
00478A60	phBoundGeometry__RemoveDegeneratePolys_void	260	neighbour	0043A3A0
00479220	phBoundGeometry__Load_v110_datBinTokenizer__ref	1132	neighbour	0043AB60
0047A1F0	phBoundGeometry__GetMaterialFromPartIndex_int_int_const	100	neighbour	0043BB30
0047A9A0	__static_initialization_and_destruction_0__0043C2E0	44	neighbour	0043C2E0
0047A9D0	_GLOBAL_$I$c__soft_age_src_phbound_boundgeom_cppNMaaaa	32	neighbour	0043C310
0047A9F0	phBoundHotdog__phBoundHotdog_void	120	neighbour	0043C330
0047AAC0	phBoundHotdog__dtor_phBoundHotdog_void	40	neighbour	0043C400
0047AAE8	phBoundHotdog__phBoundHotdog_datResource__ref	52	neighbour	0043C428
0047AB28	phBoundHotdog__CalculateExtents_void	364	neighbour	0043C468
0047AC98	phBoundHotdog__SetOffset_Vector3_const__ref	52	neighbour	0043C5D8
0047ACD0	phBoundHotdog__ShiftOffset_Vector3_const__ref	116	neighbour	0043C610
0047AD48	phBoundHotdog__CalcAngInertia_float_const	76	neighbour	0043C688
0047AE08	phBoundHotdog__TestEdge_phSegment_const__ref__phIntersection__ptr__phIntersection__ptr__const	1140	neighbour	0043C748
0047B280	phBoundHotdog__TestPoint_Vector3_const__ref__phIntersection__ptr__const	460	neighbour	0043CBC0
0047B450	phBoundHotdog__TestProbe_phSegment_const__ref__phIntersection__ptr__float_const	752	neighbour	0043CD90
0047B740	phBoundHotdog__TestSphere_Vector3_const__ref__float_phIntersection__ptr__const	500	neighbour	0043D080
0047B938	phBoundHotdog__TestHotdog_Vector3_const__ref__Vector3_const__ref__float_float_phIntersection__ptr__bool_const	1728	neighbour	0043D278
0047BFF8	phBoundHotdog__IsInsideHotdog_Vector3_const__ref__const	200	neighbour	0043D938
0047C0C0	phBoundHotdog__SegmentToHotdogIntersections_Vector3_const__ref__Vector3_const__ref__float__ref__float__ref__float__ref__float__ref__int__ref__int__ref__const	1436	neighbour	0043DA00
0047C660	phBoundHotdog__FindHotdogIsectNormal_Vector3_const__ref__int_const	264	neighbour	0043DFA0
0047C768	phBoundHotdog__FindImpactsToSphere_phImpactBase__ptr__const	1648	neighbour	0043E0A8
0047CDD8	phBoundHotdog__FindImpactsToHotdog_phImpactBase__ptr__const	3836	neighbour	0043E718
0047EB78	phBoundOctree__phBoundOctree_void	128	neighbour	004404B8
0047EBF8	phBoundOctree__dtor_phBoundOctree_void	120	neighbour	00440538
0047F3E0	phBoundOctree__FindImpactsToBox_phImpactBase__ptr__const	36	neighbour	00440D20
004819C8	phBoundOctree__Place_datResource__ref	28	neighbour	00443248
004819E8	phBoundOTGrid__phBoundOTGrid_void	104	neighbour	00443268
00481A50	phBoundOTGrid__dtor_phBoundOTGrid_void	72	neighbour	004432D0
00481A98	phBoundOTGrid__InitGrid_float_int_int_int_int	192	neighbour	00443318
00481B58	phBoundOTGrid__DeleteGrid_void	124	neighbour	004433D8
00481BD8	phBoundOTGrid__CalculateExtents_void	136	neighbour	00443458
00481EB8	phBoundOTGrid__Load_v110_datBinTokenizer__ref	596	neighbour	00443738
00482238	phBoundOTGrid__LoadDef_v110_datBinTokenizer__ref	212	neighbour	00443AB8
004823C8	phBoundOTGrid__GetOctree_int_const	128	neighbour	00443C48
00482448	phBoundOTGrid__FindImpactsToSphere_phImpactBase__ptr__const	760	neighbour	00443CC8
00482740	phBoundOTGrid__FindImpactsToHotdog_phImpactBase__ptr__const	760	neighbour	00443FC0
00482A38	phBoundOTGrid__FindImpactsToBox_phImpactBase__ptr__const	36	neighbour	004442B8
00482A60	phBoundOTGrid__FindImpactsToPoly_phImpactBase__ptr__const	760	neighbour	004442E0
00482D58	phBoundOTGrid__GetFirstCellOnSegment_Vector3_const__ref__Vector3_const__ref__const	172	neighbour	004445D8
00482E08	phBoundOTGrid__GetNextCellOnSegment_int_Vector3_const__ref__Vector3_const__ref__const	500	neighbour	00444688
00483000	phBoundOTGrid__TestProbe_phSegment_const__ref__phIntersection__ptr__float_const	452	neighbour	00444880
004831C8	phBoundOTGrid__TestProbeBatch_phBound__TestProbeBatchParams__ref__const	1028	neighbour	00444A48
004835D0	phBoundOTGrid__TestSphere_Vector3_const__ref__float_phIntersection__ptr__const	580	neighbour	00444E50
00483818	phBoundOTGrid__TestHotdog_Vector3_const__ref__Vector3_const__ref__float_float_phIntersection__ptr__bool_const	660	neighbour	00445098
00483AB0	phBoundOTGrid__GetMaterialFromPartIndex_int_int_const	92	neighbour	00445330
00483B10	phBoundOTGrid__GetMaterialIndexFromPartIndex_int_int_const	92	neighbour	00445390
00483B70	phBoundOTGrid__GetVertexMaterial_int_const	64	neighbour	004453F0
00483BB8	phBoundOTGrid__IsPolygonal_int_const	44	neighbour	00445438
00483BE8	phOTGridOTStreamer__phOTGridOTStreamer_void	64	neighbour	00445468
00483C28	phOTGridOTStreamer__phOTGridOTStreamer_datResource__ref	156	neighbour	004454A8
00483CC8	phOTGridOTStreamer__dtor_phOTGridOTStreamer_void	156	neighbour	00445548
00483D68	phOTGridOTStreamer__Init_datBinTokenizer__ref__Vector3__ref__Vector3__ref	8	neighbour	004455E8
00483D70	phOTGridOTStreamer__Init_datAsciiTokenizer__ref__Vector3__ref__Vector3__ref	220	neighbour	004455F0
00484C18	phBoundPolyhedron__CalcExtent_Vector3_const__ref__bool_const	216	neighbour	00446490
00485428	Box2DHotdogEdgeReject_float_float_float_float_float_float_float	168	neighbour	00446CA0
004854D0	BoxCornerToHotdogReject_Vector3_const__ref__Vector3_const__ref__Vector3_const__ref__float	392	neighbour	00446D48
004881A0	phBoundPolyhedron__FindImpactsToBox_phImpactBase__ptr__const	36	neighbour	004495B0
004881C8	phBoundPolyhedron__FindImpactsToPoly_phImpactBase__ptr__const	228	neighbour	004495D8
0048E2A8	CalculateSphere_Vector3__ref__float__ref	20	neighbour	0044EAF8
0048E2C0	CalculateSphere_Vector3__ref__float__ref__Vector3_const__ref	32	neighbour	0044EB10
0048E2E0	CalculateSphere_Vector3__ref__float__ref__Vector3_const__ref__Vector3_const__ref	208	neighbour	0044EB30
0048E3B0	CalculateSphere_Vector3__ref__float__ref__Vector3_const__ref__Vector3_const__ref__Vector3_const__ref	720	neighbour	0044EC00
0048E680	CalculateSphere_Vector3__ref__float__ref__Vector3_const__ref__Vector3_const__ref__Vector3_const__ref__Vector3_const__ref	920	neighbour	0044EED0
0048EA18	RecurseMini_Vector3__ref__float__ref__Vector3_const__ptr__ptr__unsigned_int_unsigned_int	468	neighbour	0044F268
0048EBF0	MiniBall_Vector3__ref__float__ref__Vector3_const__ptr__unsigned_int	164	neighbour	0044F440
0048EC98	phBoundPolyhedron__CalculateBoundingSphere_Vector3__ref__float__ref__Vector3__ptr__Vector3__ptr__const	528	neighbour	0044F4E8
00491E60	phBoundPolyhedron__Copy_phBound_const__ptr	432	neighbour	00451FA8
00492010	phBoundPolyhedron__TestPoint_Vector3_const__ref__phIntersection__ptr__const	620	neighbour	00452158
00492280	phBoundPolyhedron__TestProbe_phSegment_const__ref__phIntersection__ptr__float_const	184	neighbour	004523C8
00492338	phBoundPolyhedron__TestSphere_Vector3_const__ref__float_phIntersection__ptr__const	36	neighbour	00452480
00492360	phBoundPolyhedron__TestHotdog_Vector3_const__ref__Vector3_const__ref__float_float_phIntersection__ptr__bool_const	40	neighbour	004524A8
00493848	phBoundPolyhedron__DistToPolygon_Vector3_const__ref__int_Vector3__ptr__const	1312	neighbour	00453900
00493D68	__static_initialization_and_destruction_0__00453E20	132	neighbour	00453E20
00493DF0	_GLOBAL_$I$c__soft_age_src_phbound_boundpolyhedron_cpp7Kaaaa	32	neighbour	00453EA8
00493E10	phBoundQuadtree__phBoundQuadtree_void	64	neighbour	00453EC8
00493E50	phBoundQuadtree__dtor_phBoundQuadtree_void	84	neighbour	00453F08
004941E0	phBoundQuadtree__phBoundQuadtree_datResource__ref	104	neighbour	00454298
00494248	phBoundQuadtree__FindImpactsToSphere_phImpactBase__ptr__const	500	neighbour	00454300
00494440	phBoundQuadtree__FindImpactsToHotdog_phImpactBase__ptr__const	500	neighbour	004544F8
00494638	phBoundQuadtree__FindImpactsToBox_phImpactBase__ptr__const	36	neighbour	004546F0
00496CB8	phBoundRoad__CalculateBoundingSphere_Vector3__ref__float__ref__float_float_Vector3__ptr__Vector3__ptr__const	1552	neighbour	00456CA8
004972C8	phBoundRoad__CalculateBoundingSlab_Vector3_const__ref__Vector3__ref__float__ref__float__ref__float_float_const	1136	neighbour	004572B8
00497738	phBoundRoad__RedistributeTValues_float__ptr__int_float_const__ptr__const	360	neighbour	00457728
004978A0	phBoundRoad__CalculateSlabsFromTValues_float_const__ptr__int_float__ptr__float__ptr__Vector3__ptr__const	1380	neighbour	00457890
00497E08	phBoundRoad__IsInBoundingSphereHierarchy_Vector3_const__ref__float_int_int_Vector3_const__ptr__const	748	neighbour	00457DF8
004980F8	CheckEdgeToEdge_float_Vector3_const__ref__Vector3_const__ref__Vector3_const__ref__Vector3_const__ref__float_phIntersection__ptr	944	neighbour	004580E8
004984A8	phBoundRoad__TestEdgeIndexed_int_int_Vector3_const__ptr__Vector3__ptr__float__ptr__Vector3__ptr__int__ptr__phIntersection__ptr__bool_const	2412	neighbour	00458498
00498E18	phBoundRoad__TestProbeIndexed_int_int_Vector3_const__ptr__Vector3__ptr__float__ptr__Vector3__ptr__int__ptr__phIntersection__ptr__float_const	84	neighbour	00458E08
00498E70	phBoundRoad__TestInteriorEdgeIndexed_int_int_Vector3_const__ptr__Vector3__ptr__float__ptr__Vector3__ptr__int__ptr__phIntersection__ptr__const	2152	neighbour	00458E60
004996D8	phBoundRoad__FindIntersectionToMovingSphere_Vector3_const__ref__Vector3_const__ref__float_Vector3__ref__Vector3__ref__float__ref__Vector3__ref__int__ref__const	1284	neighbour	004596C8
00499BE0	phBoundRoad__RetrieveSegmentIdx_int_Vector3_const__ptr__int__ptr__int__ref__const	168	neighbour	00459BD0
00499C88	phBoundRoad__RetrieveSplineData_float_Vector3_const__ref__Vector3__ref__Vector3__ref__int_float__ref__Vector3__ptr__const	184	neighbour	00459C78
00499D40	phBoundRoad__CheckEdgeAgainstSlab_Vector3_const__ref__Vector3_const__ref__int_int_bool_const	444	neighbour	00459D30
00499F00	phBoundRoad__CalculateSplittingTree_void	1144	neighbour	00459EF0
0049A580	phBoundRoad__Load_v110_datBinTokenizer__ref	8	neighbour	0045A570
0049A588	phBoundRoad__FindImpactsToSphere_phImpactBase__ptr__const	1036	neighbour	0045A578
0049A998	phBoundRoad__FindImpactsToHotdog_phImpactBase__ptr__const	1724	neighbour	0045A988
0049B058	phBoundRoad__FindImpactsToBox_phImpactBase__ptr__const	36	neighbour	0045B048
0049B080	phBoundRoad__IsPolyhedronInBVHierarchy_phBoundPolyhedron_const__ptr__Matrix34_const__ptr__const	976	neighbour	0045B070
0049CB48	phBoundRoad__FindImpactsFromIsects_phPolyIntersection__ptr__phImpactBase__ptr__int_const	360	neighbour	0045C960
0049CCB0	phBoundRoad__TestEdge_phSegment_const__ref__phIntersection__ptr__phIntersection__ptr__const	1544	neighbour	0045CAC8
0049D2B8	phBoundRoad__LocatePoint_Vector3_const__ref__const	236	neighbour	0045D0D0
0049D3A8	phBoundRoad__CalculateApproxT_Vector3_const__ref__int_const	300	neighbour	0045D1C0
0049D4D8	phBoundRoad__TestPoint_Vector3_const__ref__phIntersection__ptr__const	8	neighbour	0045D2F0
0049D4E0	phBoundRoad__TestProbe_phSegment_const__ref__phIntersection__ptr__float_const	88	neighbour	0045D2F8
0049D538	phBoundRoad__FindDepthUnderCurve_Vector3_const__ref__Vector3_const__ref__Vector3_const__ref__Vector3_const__ref__Vector3__ptr__const	348	neighbour	0045D350
0049D698	phBoundRoad__TestSphere_Vector3_const__ref__float_phIntersection__ptr__const	684	neighbour	0045D4B0
0049D948	phBoundRoad__TestHotdog_Vector3_const__ref__Vector3_const__ref__float_float_phIntersection__ptr__bool_const	216	neighbour	0045D760
0049DA20	phBoundRoad__phBoundRoad_datResource__ref	420	neighbour	0045D838
0049DBC8	phBoundSphere__phBoundSphere_float	120	neighbour	0045D9E0
0049DC40	phBoundSphere__dtor_phBoundSphere_void	40	neighbour	0045DA58
0049DC68	phBoundSphere__phBoundSphere_datResource__ref	52	neighbour	0045DA80
0049DCA0	phBoundSphere__SetRadius_float	44	neighbour	0045DAB8
0049DCD0	phBoundSphere__SetOffset_Vector3_const__ref	52	neighbour	0045DAE8
0049DD08	phBoundSphere__ShiftOffset_Vector3_const__ref	136	neighbour	0045DB20
0049DD90	phBoundSphere__CalculateExtents_void	284	neighbour	0045DBA8
0049DEB0	phBoundSphere__CalcAngInertia_float_const	72	neighbour	0045DCC8
0049DEF8	phBoundSphere__Load_v110_datAsciiTokenizer__ref	340	neighbour	0045DD10
0049E050	phBoundSphere__Load_v110_datBinTokenizer__ref	236	neighbour	0045DE68
0049E140	phBoundSphere__CalcExtent_Vector3_const__ref__bool_const	80	neighbour	0045DF58
0049E190	phBoundSphere__FindImpactsToSphere_phImpactBase__ptr__const	1304	neighbour	0045DFA8
0049E6A8	phBoundSphere__TestPoint_Vector3_const__ref__phIntersection__ptr__const	420	neighbour	0045E4C0
0049E850	phBoundSphere__TestProbe_phSegment_const__ref__phIntersection__ptr__float_const	664	neighbour	0045E668
0049EAE8	phBoundSphere__TestEdge_phSegment_const__ref__phIntersection__ptr__phIntersection__ptr__const	1040	neighbour	0045E900
0049EEF8	phBoundSphere__TestSphere_Vector3_const__ref__float_phIntersection__ptr__const	436	neighbour	0045ED10
0049F0B0	phBoundSphere__TestHotdog_Vector3_const__ref__Vector3_const__ref__float_float_phIntersection__ptr__bool_const	1864	neighbour	0045EEC8
0049F9A0	phForceSphere__SetRadiusGrow_float_float_float	60	neighbour	0045F7F8
0049F9E0	phForceSphere__Update_void	176	neighbour	0045F838
0049FA90	phForceSphere__TestEdge_phSegment_const__ref__phIntersection__ptr__phIntersection__ptr__const	828	neighbour	0045F8E8
0049FDD0	phForceSphere__TestPoint_Vector3_const__ref__phIntersection__ptr__const	264	neighbour	0045FC28
0049FED8	phForceSphere__TestProbe_phSegment_const__ref__phIntersection__ptr__float_const	544	neighbour	0045FD30
004A00F8	phForceSphere__FindImpactsToSphere_phImpactBase__ptr__const	700	neighbour	0045FF50
004A03B8	phForceSphere__FindImpactsToHotdog_phImpactBase__ptr__const	1072	neighbour	00460210
004A07E8	phForceSphere__FindImpactsToBox_phImpactBase__ptr__const	36	neighbour	00460640
004A0810	phForceSphere__FindImpactsToPoly_phImpactBase__ptr__const	2832	neighbour	00460668
004A1320	phForceSphere__FindImpacts_phImpactBase__ptr__const	96	neighbour	00461178
004A15E0	phForceSphere__Load_v110_datBinTokenizer__ref	456	neighbour	00461438
004A17A8	phImpactBase__phImpactBase_void	96	neighbour	00461600
004A1808	phImpactBase__Reset_void	276	neighbour	00461660
004A1968	phImpactBase__ResetList_void	64	neighbour	004617C0
004A19A8	phImpactBase__SetInstanceA_phInst__ptr__phBound_const__ptr__Matrix34_const__ptr__Matrix34_const__ref	200	neighbour	00461800
004A1A70	phImpactBase__SetInstanceB_phInst__ptr__phBound_const__ptr__Matrix34_const__ptr__Matrix34_const__ref	200	neighbour	004618C8
004A1B38	phImpactBase__SetBoundA_phBound_const__ptr	8	neighbour	00461990
004A1B40	phImpactBase__SetBoundB_phBound_const__ptr	8	neighbour	00461998
004A1B48	phImpactBase__GetCollider_phInst_const__ptr__const	44	neighbour	004619A0
004A1BE8	phImpactBase__GetNumImpulseImpacts_void_const	72	neighbour	00461A40
004A1C30	phImpactBase__GetNextImpulseIndex_int_const	96	neighbour	00461A88
004A1C90	phImpactBase__CorrectBoundOrder_void	128	neighbour	00461AE8
004A1D10	phImpactBase__SwapBoundOrder_int	172	neighbour	00461B68
004A1DC0	phImpactBase__ResetStartIndex_void	12	neighbour	00461C18
004A1DD0	phImpactBase__SetTotalImpulse_Vector3_const__ref__Vector3_const__ref__Vector3_const__ref__Vector3_const__ref	124	neighbour	00461C28
004A1E50	phImpactBase__MakeNewImpact_Vector3_const__ref__Vector3_const__ref__Vector3_const__ref__float_int_int_int	120	neighbour	00461CA8
004A1EC8	phImpactBase__MakeNewImpact_Vector3_const__ref__Vector3_const__ref__Vector3_const__ref__float_int_int_int_Vector3_const__ref__bool_bool	268	neighbour	00461D20
004A1FD8	phImpactBase__IncrementNumImpacts_void	40	neighbour	00461E30
004A2000	phImpactBase__HitImpactLimit_void	16	neighbour	00461E58
004A2010	phImpactBase__MakeNewImpactTest_int_int_Vector3_const__ref__Vector3_const__ref__Vector3_const__ref__float_int_int_int_bool_Vector3_const__ref__Vector3_const__ref	1036	neighbour	00461E68
004A2420	phImpactBase__SphereTest_phImpactData_const__ref	472	neighbour	00462278
004A25F8	phImpactBase__ShaftTest_phImpactData_const__ref__Vector3_const__ref__Vector3_const__ref	1244	neighbour	00462450
004A2AD8	phImpactBase__PointsPlanesTest_phImpactData_const__ref__int	452	neighbour	00462930
004A2CA0	phImpactBase__DifferentHotdogParts_phImpactData_const__ref__int_const	272	neighbour	00462AF8
004A2EE8	phImpactBase__GetImpactNormal_int_Vector3__ref__phInst_const__ptr__const	204	neighbour	00462D40
004A30B8	phImpactBase__GetNetPushA_Vector3__ref__const	124	neighbour	00462E10
004A3138	phImpactBase__GetNetPushB_Vector3__ref__const	124	neighbour	00462E90
004A3290	phImpactBase__GetAverageImpactNormal_Vector3__ref__phInst_const__ptr__bool_const	440	neighbour	00462FE8
004A3448	phImpactBase__CullImpactList_Vector3_const__ref	1244	neighbour	004631A0
004A3930	phImpactBase__ImpactIsInList_phImpactData_const__ref	112	neighbour	00463688
004A39B0	phImpactBase__RemoveImpactFromList_int	212	neighbour	00463708
004A3C98	OctreeScratchpad__OctreeScratchpad_void	44	neighbour	004639F8
004A3CD0	OctreeScratchpad__Empty_void	80	neighbour	00463A30
004A3D38	phOctreeCell__ClassInit_int_int_int	28	neighbour	00463A98
004A3D58	phOctreeCell__ClassInit_int_int	220	neighbour	00463AB8
004A3E38	phOctreeCell__ClassReset_void	160	neighbour	00463B98
004A3ED8	phOctreeCell__phOctreeCell_void	44	neighbour	00463C38
004A3F08	phOctreeCell__dtor_phOctreeCell_void	168	neighbour	00463C68
004A3FB0	phOctreeCell__GetChildren_phOctreeCell__ptr__ptr	28	neighbour	00463D10
004A3FD0	phOctreeCell__GetChildren_phOctreeCell_const__ptr__ptr__const	48	neighbour	00463D30
004A41A8	phOctreeCell__Subdivide_void	120	neighbour	00463F08
004A4220	phOctreeCell__GetCellCenter_Vector3_const__ref__Vector3_const__ref__const	120	neighbour	00463F80
004A4298	phOctreeCell__FindNextCell_Vector3_const__ref__Vector3_const__ref__Vector3_const__ref__float_Vector3_const__ref__Vector3_const__ref__const	1232	neighbour	00463FF8
004A4768	phOctreeCell__FindCell_Vector3_const__ref__const	412	neighbour	004644C8
004A4920	phOctreeCell__CullSpherePolysRecurse_bool_const	3076	neighbour	00464680
004A5528	phOctreeCell__ClearTouched_unsigned_char__ptr__int	36	neighbour	00465288
004A5550	phOctreeCell__FinishCullingVerts_int_const	268	neighbour	004652B0
004A5660	phOctreeCell__phOctreeCell_datResource__ref	152	neighbour	004653C0
004A56F8	__static_initialization_and_destruction_0__00465458	556	neighbour	00465458
004A5928	_GLOBAL_$I$c__soft_age_src_phbound_octreecell_cppCDaaaa	32	neighbour	00465688
004A5948	QuadtreeScratchpad__QuadtreeScratchpad_void	44	neighbour	004656A8
004A5980	QuadtreeScratchpad__Empty_void	80	neighbour	004656E0
004A59E8	phQuadtreeCell__ClassInit_int_int_int	28	neighbour	00465748
004A5A08	phQuadtreeCell__ClassInit_int_int	220	neighbour	00465768
004A5AE8	phQuadtreeCell__ClassReset_void	160	neighbour	00465848
004A5B88	phQuadtreeCell__phQuadtreeCell_void	44	neighbour	004658E8
004A5BB8	phQuadtreeCell__dtor_phQuadtreeCell_void	168	neighbour	00465918
004A5C60	phQuadtreeCell__GetChildren_phQuadtreeCell__ptr__ptr	28	neighbour	004659C0
004A5C80	phQuadtreeCell__GetChildren_phQuadtreeCell_const__ptr__ptr__const	48	neighbour	004659E0
004A5CB8	phQuadtreeCell__ReadCells_datAsciiTokenizer__ref__int	356	neighbour	00465A18
004A5E20	phQuadtreeCell__Subdivide_void	120	neighbour	00465B80
004A5EA0	phQuadtreeCell__FindNextCell_Vector3_const__ref__Vector3_const__ref__Vector3_const__ref__float_Vector3_const__ref__Vector3_const__ref__const	892	neighbour	00465C00
004A6220	phQuadtreeCell__FindCell_Vector3_const__ref__const	344	neighbour	00465F80
004A6390	phQuadtreeCell__CullSpherePolysRecurse_bool_const	1836	neighbour	004660F0
004A6AC0	phQuadtreeCell__ClearTouched_unsigned_char__ptr__int	36	neighbour	00466820
004A6AE8	phQuadtreeCell__FinishCullingVerts_int_const	268	neighbour	00466848
004A6BF8	phQuadtreeCell__phQuadtreeCell_datResource__ref	152	neighbour	00466958
004A6C90	__static_initialization_and_destruction_0__004669F0	360	neighbour	004669F0
004A6DF8	_GLOBAL_$I$c__soft_age_src_phbound_quadtreecell_cppFoaaaa	32	neighbour	00466B58
004A6E18	phBoundGeomCullable__phBoundGeomCullable_void	60	neighbour	00466B78
004A6E58	phBoundGeomCullable__dtor_phBoundGeomCullable_void	40	neighbour	00466BB8
004A6E80	phBoundGeomCullable__phBoundGeomCullable_datResource__ref	52	neighbour	00466BE0
004A7AC0	mcTkTournament__OnRaceUnload_void	156	neighbour	00467798
004A8C08	mcTkTournament__DidPlayerCompleteTask_void_const	28	neighbour	004681C8
004A8CA0	mcTkTournament__WriteSaveData_mcSerializer__ref	108	neighbour	00468260
004A9070	mcTkTournament__PutPreviousRaceAside_int	168	neighbour	004684C0
004A9398	mcTkTournament__EnsureNoRaceIsOpen_void	212	neighbour	00468640
004A9470	mcTkTournament__Scoring_void	332	neighbour	00468718
004A95C0	mcTkTournament__MakeUpScoresForRacersThatHaventFinished_void	336	neighbour	00468868
004A9710	mcTkTournament__FindLowestFinalRankAvailable_void	76	neighbour	004689B8
004A9878	mcTkTournament__CalculatePlayerRank_void	68	neighbour	00468B20
004A9F90	mcTkTournament__ParsePointsData_datAsciiTokenizer__ref	164	neighbour	00469058
004AA800	mcTkTournament__DoCloseResults_void	136	neighbour	00469758
004AA888	mcTkTournament__GetIndexOfOpponentFinishedOnRankN_int	176	neighbour	004697E0
004AB670	mcTkCareerStart__ReportRaceResult_mcPgCareer__eRaceResults	60	neighbour	0046A248
004AB6B0	mcTkCareerStart__ReportEndOfMovie_void	52	neighbour	0046A288
004AB788	mcTkCareerStart__WriteSaveData_mcSerializer__ref	80	neighbour	0046A310
004AB7D8	mcTkCareerStart__EndCheckAndEnd_void	156	neighbour	0046A360
004AB970	mcTkCruiseInGivenCity__CreateTask_char_const__ptr__char_const__ptr	68	neighbour	0046A4F8
004AB9B8	mcTkCruiseInGivenCity__mcTkCruiseInGivenCity_char_const__ptr__char_const__ptr	60	neighbour	0046A540
004AB9F8	mcTkCruiseInGivenCity__SetupNextCareerEvent_void	64	neighbour	0046A580
004ABA38	mcTkCruiseInGivenCity__ParseConfigData_datAsciiTokenizer__ref	100	neighbour	0046A5C0
004ABAA0	mcTkGoToGarage__CreateTask_char_const__ptr__char_const__ptr	68	neighbour	0046A628
004ABAE8	mcTkGoToGarage__mcTkGoToGarage_char_const__ptr__char_const__ptr	56	neighbour	0046A670
004AC1D0	mcTkMovieNitrousEquipped__CreateTask_char_const__ptr__char_const__ptr	68	neighbour	0046A9E0
004AC218	mcTkMovieNitrousEquipped__mcTkMovieNitrousEquipped_char_const__ptr__char_const__ptr	52	neighbour	0046AA28
004AC938	mcTkMovieRaceSequence__mcTkMovieRaceSequence_void	16	neighbour	0046AF50
004AC948	mcTkMovieRaceSequence__dtor_mcTkMovieRaceSequence_void	168	neighbour	0046AF60
004ACC98	mcTkMovieRaceSequence__GetNameOfNthItemOfOneType_bool_int_const	64	neighbour	0046B260
004ACDE8	mcTkMovieRaceSequence__AssureRacesAreLocked_mcPgKnowledgeBase__ref	8	neighbour	0046B3B8
004ACDF0	mcTkMovieRaceSequence__AssureMinimalNumberOfOpponentsInRaces_int_bool	8	neighbour	0046B3C0
004ACDF8	mcTkMovieRaceSequence__CopyOpponentVehiclesToAllRaces_mcPgKnowledgeBase__ref__mcPgKBOpenRace_const__ref	364	neighbour	0046B3C8
004AD240	mcTkMovieRaceSequence__WriteSaveData_mcSerializer__ref	176	neighbour	0046B690
004AD2F0	mcTkRacerDefinition__mcTkRacerDefinition_void	16	neighbour	0046B740
004AD300	mcTkRacerDefinition__dtor_mcTkRacerDefinition_void	156	neighbour	0046B750
004AD3A0	mcTkRacerDefinition__GetRacerInfo_int	20	neighbour	0046B7F0
004ADD70	mcCarConfig__SetModValue_signed_char	64	neighbour	0046C228
004ADDB0	mcCarConfig__SetEstimatedModValue_signed_char	8	neighbour	0046C268
004ADDB8	mcCustomColor__operator_assign_mcCustomColor_const__ref	40	neighbour	0046C270
004AE1A8	mcCarConfig__SetPaintGradientData_int	92	neighbour	0046C640
004AE208	mcCarConfig__SetPartCustomColorWithAlpha_int_unsigned_char_unsigned_char_unsigned_char_int	332	neighbour	0046C6A0
004AF800	mcCarConfig__SetVehicleTypeByIndex_int	64	neighbour	0046D808
004AF840	mcCarConfig__GetCarDescription_void_const	48	neighbour	0046D848
004AF890	mcCarConfig__CalcTireWidth_int_const	32	neighbour	0046D898
004AFAB0	mcCarConfig__GetRimScale_int	24	neighbour	0046DAB8
004AFAC8	mcCarConfig__GetTireOffset_int	24	neighbour	0046DAD0
004AFAE0	mcCarConfig__CalcRideHeight_int_const	32	neighbour	0046DAE8
004AFB00	mcCarConfig__CalculateTireWidth_int	24	neighbour	0046DB08
004B2068	mc__CarDescription__GetManufacturer_void_const	24	neighbour	0046FE60
004B2128	mc__CarDescription__CanUseRoar_void_const	44	neighbour	0046FF10
004B2158	mc__CarDescription__CanBeOnFire_void_const	32	neighbour	0046FF40
004B2178	mc__CarDescription__IsPerformance_void_const	16	neighbour	0046FF60
004B2188	mc__CarDescription__IsCulture_void_const	12	neighbour	0046FF70
004B2198	mc__CarDescription__IsLuxury_void_const	16	neighbour	0046FF80
004B21A8	mc__CarDescription__IsMuscle_void_const	16	neighbour	0046FF90
004B21B8	mc__CarDescription__IsSUV_void_const	16	neighbour	0046FFA0
004B21C8	mc__CarDescription__IsCop_void_const	16	neighbour	0046FFB0
004B2210	mc__CarDescription__IsChopper_void_const	16	neighbour	0046FFF8
004B2230	mc__CarDescription__IsGroupA_void_const	12	neighbour	00470008
004B2240	mc__CarDescription__IsGroupB_void_const	16	neighbour	00470018
004B2250	mc__CarDescription__IsGroupC_void_const	16	neighbour	00470028
004B2278	mc__CarDescription__GetRelativeAcceleration_mc__CarDescription__PerformanceModLevel_const	44	neighbour	00470060
004B22B0	mc__CarDescription__GetRelativeTopSpeed_mc__CarDescription__PerformanceModLevel_const	44	neighbour	00470098
004B22E8	mc__CarDescription__GetRelativeHandling_mc__CarDescription__PerformanceModLevel_const	44	neighbour	004700D0
004B2798	mc__CarDescription__PerformanceEstimate__SetRelativeAcceleration_float	28	neighbour	00470508
004B27B8	mc__CarDescription__PerformanceEstimate__GetRelativeAcceleration_void_const	32	neighbour	00470528
004B27D8	mc__CarDescription__PerformanceEstimate__SetRelativeTopSpeed_float	28	neighbour	00470548
004B27F8	mc__CarDescription__PerformanceEstimate__GetRelativeTopSpeed_void_const	32	neighbour	00470568
004B2818	mc__CarDescription__PerformanceEstimate__SetRelativeHandling_float	28	neighbour	00470588
004B2838	mc__CarDescription__PerformanceEstimate__GetRelativeHandling_void_const	32	neighbour	004705A8
004B2920	mc__CarManufacturerDescription__CarManufacturerDescription_void	20	neighbour	00470690
004B2A00	mc__LookupCarClass_char_const__ptr	112	neighbour	00470770
004B2A70	mc__LookupCarPerformanceGroup_char_const__ptr	112	neighbour	004707E0
004B5F20	mcCarPartDb_StringAppend_atArray_ConstString_8_unsigned_short_65535__ref__char_const__ptr	376	neighbour	00473F98
004B6098	mcCarPartDb_StringArrayReset_atArray_ConstString_8_unsigned_short_65535__ref	124	neighbour	00474110
004B6118	mcCarPartDb__AddFrontBumperName_char_const__ptr	28	neighbour	00474190
004B6138	mcCarPartDb__DeleteFrontBumperNames_void	28	neighbour	004741B0
004B6158	mcCarPartDb__AddRearBumperName_char_const__ptr	28	neighbour	004741D0
004B6178	mcCarPartDb__DeleteRearBumperNames_void	28	neighbour	004741F0
004B6198	mcCarPartDb__AddSideSkirtName_char_const__ptr	28	neighbour	00474210
004B61B8	mcCarPartDb__DeleteSideSkirtNames_void	28	neighbour	00474230
004B61D8	mcCarPartDb__AddHoodName_char_const__ptr	28	neighbour	00474250
004B61F8	mcCarPartDb__DeleteHoodNames_void	28	neighbour	00474270
004B6218	mcCarPartDb__AddHoodMaterialName_char_const__ptr	28	neighbour	00474290
004B6238	mcCarPartDb__DeleteHoodMaterialNames_void	28	neighbour	004742B0
004B6258	mcCarPartDb__AddBlowerName_char_const__ptr	28	neighbour	004742D0
004B6278	mcCarPartDb__DeleteBlowerNames_void	28	neighbour	004742F0
004B6298	mcCarPartDb__AddSpoilerName_char_const__ptr	28	neighbour	00474310
004B62B8	mcCarPartDb__DeleteSpoilerNames_void	28	neighbour	00474330
004B62D8	mcCarPartDb__AddHeadlightName_char_const__ptr	28	neighbour	00474350
004B62F8	mcCarPartDb__DeleteHeadlightNames_void	28	neighbour	00474370
004B6318	mcCarPartDb__AddTaillightName_char_const__ptr	28	neighbour	00474390
004B6338	mcCarPartDb__DeleteTaillightNames_void	28	neighbour	004743B0
004B6358	mcCarPartDb__AddTaillightMaterialName_char_const__ptr	28	neighbour	004743D0
004B6378	mcCarPartDb__DeleteTaillightMaterialNames_void	28	neighbour	004743F0
004B6398	mcCarPartDb__AddBodyName_char_const__ptr	28	neighbour	00474410
004B63B8	mcCarPartDb__DeleteBodyNames_void	28	neighbour	00474430
004B63D8	mcCarPartDb__AddLicensePlateName_char_const__ptr	28	neighbour	00474450
004B63F8	mcCarPartDb__AddRimSizeName_char_const__ptr	28	neighbour	00474470
004B6418	mcCarPartDb__AddTireProfileName_char_const__ptr	28	neighbour	00474490
004B6438	mcCarPartDb__AddTireWidthName_char_const__ptr	28	neighbour	004744B0
004B6458	mcCarPartDb__AddAirBagName_char_const__ptr	28	neighbour	004744D0
004B6478	mcCarPartDb__AddHydraulicName_char_const__ptr	28	neighbour	004744F0
004B6498	mcCarPartDb__AddRideHeightName_char_const__ptr	28	neighbour	00474510
004B64C0	mcCarPartDb__AddWheelieBarName_char_const__ptr	28	neighbour	00474538
004B64E0	mcCarPartDb__DeleteWheelieBarNames_void	28	neighbour	00474558
004B6500	mcCarPartDb__AddCarFileExhaustName_char_const__ptr	28	neighbour	00474578
004B6520	mcCarPartDb__DeleteCarFileExhaustNames_void	28	neighbour	00474598
004B6540	mcCarPartDb__AddOneShotKitName_char_const__ptr	28	neighbour	004745B8
004B6560	mcCarPartDb__DeleteOneShotKitNames_void	28	neighbour	004745D8
004B6580	mcCarPartDb__AddBrushGuardName_char_const__ptr	28	neighbour	004745F8
004B65A0	mcCarPartDb__DeleteBrushGuardNames_void	28	neighbour	00474618
004B65C0	mcCarPartDb__AddFrontGrillName_char_const__ptr	28	neighbour	00474638
004B65E0	mcCarPartDb__DeleteFrontGrillNames_void	28	neighbour	00474658
004B6600	mcCarPartDb__AddDecalTypeName_char_const__ptr	28	neighbour	00474678
004B6628	mcCarPartDb__AddChromeColorName_char_const__ptr	28	neighbour	004746A0
004B6650	mcCarPartDb__AddHudColorName_char_const__ptr	28	neighbour	004746C8
004B6678	mcCarPartDb__AddNeonFlashNames_char_const__ptr	28	neighbour	004746F0
004B66A0	mcCarPartDb__AddNeonColorNames_char_const__ptr	28	neighbour	00474718
004B66C8	mcCarPartDb__AddWindowTintName_char_const__ptr	28	neighbour	00474740
004B66F0	mcCarPartDb__AddOpaqueColorName_char_const__ptr	28	neighbour	00474768
004B6718	mcCarPartDb__AddCaliperColorName_char_const__ptr	28	neighbour	00474790
004B6740	mcCarPartDb__AddWheelInsertColorName_char_const__ptr	28	neighbour	004747B8
004B6768	mcCarPartDb__AddNitrousColorName_char_const__ptr	28	neighbour	004747E0
004B71E0	mcConfig__GetCarName_int	32	neighbour	00475B40
004B7200	mcConfig__IsObserver_int	28	neighbour	00475B60
004B7288	mcConfig__GetHostPlayerIndex_void	16	neighbour	00475BE8
004B7A10	mc__GetHoodIndex_mc__eCity_char_const__ptr	44	neighbour	004765B8
004B7BB0	mc__mcCityData__GetHoodIndex_char_const__ptr__const	132	neighbour	004767E8
004B8968	mc__mcCityData__RaceToRaceLinkageMapping__RaceIdxLessCompare_mc__mcCityData__RaceToRaceLinkageMapping_const__ref__mc__mcCityData__RaceToRaceLinkageMapping_const__ref	16	neighbour	00477378
004B8978	mc__mcCityData__GetRaceLinkage_int_const	160	neighbour	00477388
004B9400	mc__LookupWeather_char_const__ptr	132	neighbour	00477BA8
004B9510	mc__LookupRaceType_char_const__ptr	132	neighbour	00477CB8
004B96F0	mc__LookupHookman_char_const__ptr__mc__eCity__ref__int__ref	124	neighbour	00477E98
004B9770	mc__LookupHookman_mc__eCity_char_const__ptr__int__ref	192	neighbour	00477F18
004B9F58	mc__IsCheckpointUnorderedType_mc__eRaceType	32	neighbour	00478250
004BA1D8	mcControlConfigMap__GetMappingHasName_unsigned_int_unsigned_int	36	neighbour	004784A8
004BA200	mcControlConfigMap__GetNameForMapping_int_int_const	68	neighbour	004784D0
004BA5A0	mcControlConfigMap__UnmapAxis_int	740	neighbour	00478860
004BA888	mcControlConfigMap__GetNameForKey_unsigned_int_unsigned_int	64	neighbour	00478B48
004BA8F8	_GLOBAL_$I$c__soft_mc3_src_mcdata_controllerconfig_cppPDaaaa	32	neighbour	00478BC0
004BA950	mcControlConfigData__dtor_mcControlConfigData_void	88	neighbour	00478C18
004BAB18	mcControlConfigMgr__GetConfigNameFromIndex_short_const	32	neighbour	00478DE0
004BAB38	mcControlConfigMgr__GetConfigFromIndex_short_const	28	neighbour	00478E00
004BAB70	mcControlConfigMgr__mcControlConfigMgr_void	28	neighbour	00478E40
004BAB90	mcControlConfigMgr__dtor_mcControlConfigMgr_void	152	neighbour	00478E60
004BAE80	mcGlobalGameOptions__ProcessArgs_void	8	neighbour	00479598
004BAE88	mcGlobalGameOptions__SetAudioConfigOption_char_const__ptr	68	neighbour	004795A0
004BB098	mcGlobalGameOptions__SetHasDataChanged_bool	8	neighbour	00479830
004BB5D8	mc__mcHookmanData__GetPreDeterminedRace_int_const	32	neighbour	00479FD0
004BB5F8	mc__mcHookmanData__GetCarConfigFileName_void_const	8	neighbour	00479FF0
004BB6B0	mcLocalPlayerOptions__SetupDefaultControllerConfig_void	28	neighbour	0047A0A8
004BB810	mcLocalPlayerOptions__SetSavegameName_char_const__ptr	100	neighbour	0047A4A8
004BB878	mcLocalPlayerOptions__SetProxyServer_char_const__ptr	100	neighbour	0047A510
004BBB20	mcLocalPlayerOptions__SetForceFeedbackType_int_mc__eForceFeedbackType	52	neighbour	0047A6E0
004BBB58	mcLocalPlayerOptions__SetCinematicCameraType_int_mc__eCinematicCameraType	52	neighbour	0047A718
004BBB90	mcLocalPlayerOptions__SetRearviewMirrorMode_int_mc__eRearviewMirrorMode	52	neighbour	0047A750
004BBBC8	mcLocalPlayerOptions__SetDefaultPlayerCameraMode_int_mc__ePlayerCameraMode	52	neighbour	0047A788
004BBC00	mcLocalPlayerOptions__SetMiniMapMode_int_mc__eMiniMapMode	52	neighbour	0047A7C0
004BBDF8	mcLocalPlayerOptions__SetIconMode_int_mc__eIconMode	52	neighbour	0047A980
004BBE30	mcLocalPlayerOptions__SetMovieSubtitles_bool	48	neighbour	0047A9C0
004BBE60	mcLocalPlayerOptions__SetVolume_mcLocalPlayerOptions__mcConfigVolumeType_float	112	neighbour	0047A9F0
004BBF18	mcLocalPlayerOptions__SetSoundMode_mc__eSoundModeType	44	neighbour	0047AAA8
004BBF48	mcLocalPlayerOptions__SetCustomTaunt_int_char_const__ptr	120	neighbour	0047AAD8
004BBFC0	mcLocalPlayerOptions__SetCloaked_bool	52	neighbour	0047AB50
004BC000	mcLocalPlayerOptions__SetLastNetworkNewsItem_unsigned_short	56	neighbour	0047ABC0
004BD0F8	mcLocalPlayerOptions__SaveData__SetupDefaultControllerConfig_void	156	neighbour	0047B6A0
004BD2D8	mcLocalPlayerOptions__SaveData__NormalizeAudioVolume_float	80	neighbour	0047B880
004BD3C0	_GLOBAL_$I$c__soft_mc3_src_mcdata_localoptions_cppbtaaaa	32	neighbour	0047B9D0
004BD5D8	mcHeap__PushHeap_memMemoryAllocator__ptr	24	neighbour	0047BBE0
004BD5F0	mcHeap__PopHeap_void	28	neighbour	0047BBF8
004BD770	mcHeap__ReleaseMemTopHeap_memMemoryAllocator__ptr	96	neighbour	0047BD50
004BE508	mcRaceConfig__SetTOD_char_const__ptr	144	neighbour	0047CA00
004BE598	mcRaceConfig__SetRaceType_char_const__ptr	144	neighbour	0047CA90
004BE628	mcRaceConfig__SetWeather_char_const__ptr	144	neighbour	0047CB20
004BE708	mcRaceConfig__SetCity_char_const__ptr	156	neighbour	0047CC00
004BEB38	mcRaceState__dtor_mcRaceState_void	40	neighbour	0047D2F8
004BEB98	mcRaceState__RequestState_mcRaceState__eState	36	neighbour	0047D358
004BEBC0	mcRaceState__Update_void	8	neighbour	0047D380
004BEBC8	mcRaceState__Reset_void	36	neighbour	0047D388
004BEBF0	mcRuntimePlayerOptions__mcRuntimePlayerOptions_void	24	neighbour	0047D3B0
004BEC08	mcRuntimePlayerOptions__SetPlayerCameraMode_mc__ePlayerCameraMode	8	neighbour	0047D3C8
004BEC18	mcStatId__mcStatId_void	16	neighbour	0047D3D8
004BEC28	mcStatId__mcStatId_char_const__ptr__unsigned_short	44	neighbour	0047D3E8
004BEC58	mcStatId__operator_eq_mcStatId_const__ref__const	44	neighbour	0047D418
004BED10	mcStatId__Set_char_const__ptr__unsigned_short	52	neighbour	0047D448
004BED48	mcStatId__Read_mcSerializer__ref	84	neighbour	0047D480
004BEDA0	mcStatId__Write_mcSerializer__ref	84	neighbour	0047D4D8
004BEE50	mcStatEntry__mcStatEntry_void	72	neighbour	0047D588
004BEE98	mcStatEntry__mcStatEntry_mcStatId_const__ref	56	neighbour	0047D5D0
004BEED0	mcStatEntry__mcStatEntry_char_const__ptr__unsigned_short_mcStatsManager__eStatAction_float	108	neighbour	0047D608
004BEF40	mcStatEntry__mcStatEntry_char_const__ptr__unsigned_short_mcStatsManager__eStatAction_int	112	neighbour	0047D678
004BF1D8	mcStatEntry__IsInputValueLower_mcStatEntry_const__ref__const	92	neighbour	0047D800
004BF238	mcStatEntry__ReplaceValue_mcStatEntry_const__ref	64	neighbour	0047D860
004BF278	mcStatEntry__AddValue_mcStatEntry_const__ref	88	neighbour	0047D8A0
004BF2D0	mcStatEntry__ClearValue_void	32	neighbour	0047D8F8
004BF3A0	mcStatEntry__Write_mcSerializer__ref	120	neighbour	0047D9C8
004BF418	mcStatsManager__mcStatsManager_void	20	neighbour	0047DA40
004BF430	mcStatsManager__dtor_mcStatsManager_void	40	neighbour	0047DA58
004BF5B0	mcPgCareer__ShutdownInstance_void	64	neighbour	0047DC18
004BF6F8	mcPgCareer__dtor_mcPgCareer_void	176	neighbour	0047DD98
004BFA88	mcPgCareer__GetSavegameData_void__ptr__int	136	neighbour	0047DF28
004BFB60	mcPgCareer__WriteSaveData_mcSerializer__ref	64	neighbour	0047DFF0
004BFBC8	mcPgCareer__SetupInternalArcadeRaceStates_mc__eCity_int	12	neighbour	0047E058
004BFBD8	mcPgCareer__SetupNextCareerEvent_void	472	neighbour	0047E068
004C0248	mcPgCareer__SetRaceDDPMediator_mcPgRaceDDPMediator__ptr	8	neighbour	0047E5D0
004C0870	mcPgCareer__SetDisableDefaultEndOfRaceHandling_bool	8	neighbour	0047ED60
004C0918	mcPgCareer__ResetToEventHandlingDefaults_void	12	neighbour	0047EE08
004C0978	mcPgCareer__GetCurrentGameState_void	8	neighbour	0047EE68
004C0988	mcPgCareer__GetRequestedGameState_void	8	neighbour	0047EE78
004C09A8	mcPgCareer__GetRequestedCity_void	8	neighbour	0047EE98
004C0A40	mcPgCareer__GetUniqueIdOfRequestedRace_void_const	8	neighbour	0047EF40
004C0CA8	mcPgCareer__GetRequestedMovie_void	8	neighbour	0047EFA8
004C0CB0	mcPgCareer__GetTaskMgr_void_const	12	neighbour	0047EFB0
004C0CC0	mcPgCareer__GetUnlockRulesEval_void_const	12	neighbour	0047EFC0
004C12E0	_GLOBAL_$I$c__soft_mc3_src_mcprogress_career_cOuaaaa	32	neighbour	0047F040
004C1300	mcPgConditions__mcPgConditions_mcPgKnowledgeBase__ref	248	neighbour	0047F060
004C13F8	mcPgConditions__InitToBlankSavegame_void	32	neighbour	0047F158
004C14A8	mcPgConditions__WriteSaveData_mcSerializer__ref	144	neighbour	0047F208
004C1538	mcPgConditions__TriggerAdvance_void	12	neighbour	0047F298
004C17D0	mcPgConditions__GetTimeOfDay_void_const	8	neighbour	0047F518
004C17D8	mcPgConditions__GetWeather_void_const	8	neighbour	0047F520
004C17E0	mcPgConditions__GetDirName_void	12	neighbour	0047F528
004C17F0	mcPgConditions__PrintState_bool_bool	8	neighbour	0047F538
004C1A78	mcPgDynamicDifficulty__GetDirName_void	12	neighbour	0047F798
004C2488	mcPgDynamicDifficulty__GetWeightOfHistoricRace_int_int_const	156	neighbour	0047FD00
004C2998	mcPgFillerRaces__InitToBlankSavegame_void	16	neighbour	00480000
004C2A00	mcPgFillerRaces__WriteSaveData_mcSerializer__ref	84	neighbour	00480068
004C3688	mcPgFillerRaces__GetDirName_void	12	neighbour	00480A98
004C38C0	mcPgFillerRaces__RaceUsageStats__RaceUsageStats_void	60	neighbour	00480C08
004C3B00	mcPgFlow__dtor_mcPgFlow_void	432	neighbour	00480E18
004C3CB0	mcPgFlow__InitToBlankSavegame_void	56	neighbour	00480FC8
004C3D48	mcPgFlow__WriteSaveData_mcSerializer__ref	76	neighbour	00481050
004C5018	mcPgFlow__CheckIfAllPredeterminedHookmanRacesAreLocked_void	8	neighbour	00482270
004C53B8	mcPgFlow__GetVehicleSetup_void_const	12	neighbour	00482278
004C53C8	mcPgFlow__GetDirName_void	12	neighbour	00482288
004C55B8	mcPgFlow__RaceAvailabilityRecord__RaceAvailabilityRecord_unsigned_char_unsigned_char	16	neighbour	004823E8
004C55C8	mcPgFlow__RaceAvailabilityRecord__CareerOrderLessCompare_mcPgFlow__RaceAvailabilityRecord_const__ref__mcPgFlow__RaceAvailabilityRecord_const__ref	16	neighbour	004823F8
004C55D8	mcPgFuzzyRulesEvalBase__mcPgFuzzyRulesEvalBase_int	196	neighbour	00482408
004C56A0	mcPgFuzzyRulesEvalBase__dtor_mcPgFuzzyRulesEvalBase_void	84	neighbour	004824D0
004C56F8	mcPgFuzzyRulesEvalBase__SetRuleWeight_int_mcPgFuzzyRulesEvalBase__Weight_const__ref	44	neighbour	00482528
004C5730	mcPgFuzzyRulesEvalBase__Weight__Weight_float_float_float	20	neighbour	00482560
004C5748	mcPgFuzzyRulesEvalBase__Weight__operator_assign_mcPgFuzzyRulesEvalBase__Weight_const__ref	32	neighbour	00482578
004C57E8	mcPgHookmanSelect__EvaluateRule_mcPgHookmanSelect__eRules_mc__eCity_int_mcPgFuzzyRulesEvalBase__Evaluation__ref__const	124	neighbour	00482618
004C5868	mcPgHookmanSelect__EvaluateRule_int_mcPgHookmanEvalId_const__ref__mcPgFuzzyRulesEvalBase__Evaluation__ref__const	36	neighbour	00482698
004C5AF0	mcPgHookmanSelect__FileIO_datParser__ref	28	neighbour	00482920
004C5B10	__static_initialization_and_destruction_0__00482940	152	neighbour	00482940
004C5BA8	_GLOBAL_$I$c__soft_mc3_src_mcprogress_hookmanselect_cmraaaa	32	neighbour	004829D8
004C6290	mcPgKnowledgeBase__dtor_mcPgKnowledgeBase_void	756	neighbour	00483000
004C7C90	mcPgKnowledgeBase__IsRaceOpen_mc__eCity_int_const	36	neighbour	00484458
004C8228	mcPgKnowledgeBase__IsRacePutAside_mc__eCity_int_const	36	neighbour	004849D0
004C82B0	mcPgKnowledgeBase__GetPutAsideRace_int_const	20	neighbour	00484A30
004C8990	mcPgKnowledgeBase__GetCareerUsageCountOfRace_mc__eCity_int_const	28	neighbour	00484F60
004C8D98	mcPgKnowledgeBase__RetireHookman_int	160	neighbour	004852E0
004C8E38	mcPgKnowledgeBase__ResetLongTermHookmanInfo_void	128	neighbour	00485380
004C8EB8	mcPgKnowledgeBase__SetCurrentRelativeCareerOrder_int	8	neighbour	00485400
004C8EE8	mcPgKnowledgeBase__CreateCareerOrderLookupTables_void	492	neighbour	00485430
004C90D8	mcPgKnowledgeBase__FreeCareerOrderLookupTables_void	56	neighbour	00485620
004C9120	mcPgKnowledgeBase__CareerOrderLookup__CareerOrderLessCompare_mcPgKnowledgeBase__CareerOrderLookup_const__ref__mcPgKnowledgeBase__CareerOrderLookup_const__ref	16	neighbour	00485658
004C96A0	mcPgKnowledgeBase__GetDirName_void	12	neighbour	00485B58
004C98B8	_GLOBAL_$I$c__soft_mc3_src_mcprogress_knowledgebase_c7waaaa	32	neighbour	00485C60
004C9988	mcPgKBRace__SetRace_mc__eCity_int	12	neighbour	00485D20
004C9D48	mcPgKBOpenRace__IsFillerRace_void_const	76	neighbour	004860D0
004C9D98	mcPgKBOpenRace__SetTask_unsigned_short_char_const__ptr	12	neighbour	00486120
004C9DA8	mcPgKBOpenRace__SetTask_char_const__ptr__char_const__ptr	80	neighbour	00486130
004C9E30	mcPgKBOpenRace__GetTaskTypeId_void_const	8	neighbour	004861B8
004C9E38	mcPgKBOpenRace__GetTaskName_void_const	8	neighbour	004861C0
004C9E40	mcPgKBOpenRace__GetCruiseRaceIndex_void_const	8	neighbour	004861C8
004C9E48	mcPgKBOpenRace__SetCruiseRaceIndex_int	8	neighbour	004861D0
004C9E50	mcPgKBOpenRace__SetOpponentVehicleType_int_int	20	neighbour	004861D8
004C9E68	mcPgKBOpenRace__SetOpponentPerformanceModValue_int_int	20	neighbour	004861F0
004C9E80	mcPgKBOpenRace__GetOpponentCustomizationIndex_int_const	20	neighbour	00486208
004C9E98	mcPgKBOpenRace__SetArbitraryOpponentCarConfig_int_char_const__ptr__mcPgKnowledgeBase__ref	132	neighbour	00486220
004C9F20	mcPgKBOpenRace__SetStandardOpponentCarConfig_int_int	20	neighbour	004862A8
004C9F38	mcPgKBOpenRace__GetOpponentCarConfigFileName_int_mcPgKnowledgeBase_const__ref__char__ptr__int_const	216	neighbour	004862C0
004CA0C0	mcPgKBOpenRace__ConvertPostiveToNegativeCustomizationIndex_int_const	12	neighbour	00486448
004CA0D0	mcPgKBOpenRace__ConvertNegativeToPostiveCustomizationIndex_int_const	12	neighbour	00486458
004CA4B8	mcPgKBPutAsideRace__mcPgKBPutAsideRace_mcPgKBPutAsideRace_const__ref	84	neighbour	00486810
004CA578	mcPgKBPutAsideRace__mcPgKBPutAsideRace_mc__eCity_int	68	neighbour	004868D0
004CA658	mcPgKBPutAsideRace__SetActivationPriority_int	8	neighbour	004869B0
004CA670	mcPgKBPutAsideRace__GetNumberOfWonRacesNeeded_void_const	8	neighbour	004869C8
004CA6E8	mcPgKBPutAsideRace__WriteSaveData_mcSerializer__ref	108	neighbour	00486A40
004CA790	mcPgKBHistoricRace__operator_assign_mcPgKBHistoricRace_const__ref	60	neighbour	00486AE8
004CA7D0	mcPgKBHistoricRace__operator_assign_mcPgKBOpenRace_const__ref	40	neighbour	00486B28
004CA840	mcPgKBHistoricRace__WriteSaveData_mcSerializer__ref	68	neighbour	00486B98
004CA888	mcPgRaceDDPMediator__mcPgRaceDDPMediator_void	76	neighbour	00486BE0
004CA8D8	mcPgRaceDDPMediator__dtor_mcPgRaceDDPMediator_void	40	neighbour	00486C30
004CA900	mcPgRaceDDPMediator__GetDirName_void	12	neighbour	00486C58
004CA910	mcPgRaceDDPMediator__Init_void	36	neighbour	00486C68
004CA9C0	mcPgRaceDDPMediator__SetRaceResult_mcPgCareer__eRaceResults	8	neighbour	00486D18
004CAA78	mcPgRaceSelect__EvaluateRule_mcPgRaceSelect__eRules_mc__eCity_int_mcPgFuzzyRulesEvalBase__Evaluation__ref__const	124	neighbour	00486DD0
004CAAF8	mcPgRaceSelect__EvaluateRule_int_mcPgRaceEvalId_const__ref__mcPgFuzzyRulesEvalBase__Evaluation__ref__const	36	neighbour	00486E50
004CC770	mcPgRaceSelect__IsRaceActivelyUsingCruise_int_mc__eCity_mcPgKBOpenRace_const__ref__const	68	neighbour	004883C8
004CCAA8	_GLOBAL_$I$c__soft_mc3_src_mcprogress_raceselect_c0raaaa	32	neighbour	004886A0
004CCBA8	mcPgRaceSetup__dtor_mcPgRaceSetup_void	92	neighbour	00488778
004CE150	mcPgRewards__dtor_mcPgRewards_void	1048	neighbour	00488B60
004CE568	mcPgRewards__InitAfterUnlockingRulesHaveBeenDefined_void	192	neighbour	00488F78
004CE628	mcPgRewards__AssignMoneyRewards_void	212	neighbour	00489038
004CE7D0	mcPgRewards__SelectMoneyRewardForRace_unsigned_int_const	340	neighbour	004891D0
004CEA58	mcPgRewards__CalculateCurrentMoneyRange_mcPgRewards__DefinitionSet_const__ref__int_const	348	neighbour	00489458
004CEBB8	mcPgRewards__FindHighestUnlockedSet_void_const	108	neighbour	004895B8
004CEC28	mcPgRewards__GetSetIndex_char_const__ptr__const	176	neighbour	00489628
004CECD8	mcPgRewards__ResetAtRaceStart_void	136	neighbour	004896D8
004CF0C8	mcPgRewards__GetRewardsTitle_void_const	8	neighbour	00489AB0
004CF0D0	mcPgRewards__ForcePrizeMoney_int	8	neighbour	00489AB8
004CF0E0	mcPgRewards__SetPlayerRank_int	8	neighbour	00489AC8
004CF0E8	mcPgRewards__GetPlayerRank_void_const	8	neighbour	00489AD0
004CF100	mcPgRewards__SetWasMoneyRewardedInsteadOfVehicle_int_bool	12	neighbour	00489AE8
004CF110	mcPgRewards__GetWasMoneyRewardedInsteadOfVehicle_int_const	12	neighbour	00489AF8
004CF120	mcPgRewards__UpdateRewardItemsAtEndOfRace_void	48	neighbour	00489B08
004CF2C8	mcPgRewards__GetRewardAdjustmentDueToRaceSetupCareerOrder_int_int	52	neighbour	00489C78
004CF300	mcPgRewards__GetRewardAdjustmentDueToRelativeDifficulty_float	60	neighbour	00489CB0
004CFBE8	mcPgRewards__CheckDefinitionDataValidity_void_const	8	neighbour	0048A540
004CFBF0	mcPgRewards__GetDirName_void	12	neighbour	0048A548
004CFD70	mcPgRewards__UnlockingIdToItemMapping__UnlockingIdLessCompare_mcPgRewards__UnlockingIdToItemMapping_const__ref__mcPgRewards__UnlockingIdToItemMapping_const__ref	36	neighbour	0048A6C8
004CFE00	mcPgRubberBanding__GetRubberBandingGroupFromRace_mcPgKBOpenRace_const__ref__const	88	neighbour	0048A758
004D0898	mcPgRubberBanding__LookupRBGroup_char_const__ptr	112	neighbour	0048AF80
004D0D08	mcPgSideQuests__WriteSaveData_mcSerializer__ref	304	neighbour	0048B320
004D1618	mcPgSideQuests__Defs__Defs_void	16	neighbour	0048BAF8
004D1628	mcPgSideQuests__Progress__Progress_void	16	neighbour	0048BB08
004D1638	mcPgSideQuests__ProgressPerSQ__ProgressPerSQ_void	96	neighbour	0048BB18
004D1698	mcPgSideQuests__Difficulty__Difficulty_void	20	neighbour	0048BB78
004D16B0	mcPgTaskBase__mcPgTaskBase_char_const__ptr__char_const__ptr	32	neighbour	0048BB90
004D16D0	mcPgTaskBase__SetHasFlowCtrl_bool	8	neighbour	0048BBB0
004D1798	mcPgTaskBase__WriteSaveData_mcSerializer__ref	44	neighbour	0048BC78
004D2418	mcPgTaskMgr__InitAfterUnlockingRulesHaveBeenDefined_void	76	neighbour	0048C860
004D2878	mcPgTaskMgr__WriteSaveData_mcSerializer__ref	504	neighbour	0048CBA0
004D3330	mcPgTaskMgr__IsFlowControlAvailable_void	16	neighbour	0048D590
004D3340	mcPgTaskMgr__ArbitrateFlowControl_void	204	neighbour	0048D5A0
004D3460	mcPgTaskMgr__OnRaceLoad_void	88	neighbour	0048D6C0
004D34B8	mcPgTaskMgr__OnRaceUnload_void	88	neighbour	0048D718
004D3510	mcPgTaskMgr__OnRaceUpdate_void	88	neighbour	0048D770
004D3568	mcPgTaskMgr__OnRaceDraw_void	88	neighbour	0048D7C8
004D35C0	mcPgTaskMgr__SetupNextCareerEvent_void	168	neighbour	0048D820
004D3668	mcPgTaskMgr__ReportRaceResult_mcPgCareer__eRaceResults	208	neighbour	0048D8C8
004D3738	mcPgTaskMgr__ReportRaceSelected_unsigned_short	216	neighbour	0048D998
004D3EF8	mcPgTaskMgr__NameByIdLookupNode__NameByIdLookupNode_unsigned_short_char_const__ptr	16	neighbour	0048E098
004D3F20	mcPgTaskMgr__RetiredTask__RetiredTask_void	24	neighbour	0048E0C0
004D3F58	mcPgUnlockingRulesEval__mcPgUnlockingRulesEval_mcPgKnowledgeBase__ref	120	neighbour	0048E0E8
004D4138	mcPgUnlockingRulesEval__InitToNewSaveGameData_void	8	neighbour	0048E2C8
004D42F0	mcPgUnlockingRulesEval__IsCityUnlockedForCareer_mc__eCity_const	36	neighbour	0048E3F8
004D4318	mcPgUnlockingRulesEval__IsSideQuestUnlocked_mc__eCarClass_const	36	neighbour	0048E420
004D4710	mcPgUnlockingRulesEval__IsNitroUnlockedForPlayer_void_const	60	neighbour	0048E5F8
004D4750	mcPgUnlockingRulesEval__IsSlipstreamTurboUnlockedForPlayer_void_const	60	neighbour	0048E638
004D4790	mcPgUnlockingRulesEval__IsBurnoutUnlockedForPlayer_void_const	60	neighbour	0048E678
004D47D0	mcPgUnlockingRulesEval__IsTwoWheelDrivingUnlockedForPlayer_void_const	60	neighbour	0048E6B8
004D4810	mcPgUnlockingRulesEval__IsInAirControlUnlockedForPlayer_void_const	60	neighbour	0048E6F8
004D4850	mcPgUnlockingRulesEval__IsInTheZoneUnlockedForPlayer_mc__eCarClass_const	60	neighbour	0048E738
004D4890	mcPgUnlockingRulesEval__IsAgroUnlockedForPlayer_mc__eCarClass_const	60	neighbour	0048E778
004D48D0	mcPgUnlockingRulesEval__IsRoarUnlockedForPlayer_mc__eCarClass_const	60	neighbour	0048E7B8
004D4938	mcPgUnlockingRulesEval__IsSlipstreamTurboUnlockedForAI_void_const	36	neighbour	0048E820
004D4960	mcPgUnlockingRulesEval__IsBurnoutUnlockedForAI_void_const	36	neighbour	0048E848
004D4988	mcPgUnlockingRulesEval__IsRainyUnlockedForCareerUse_void_const	36	neighbour	0048E870
004D49B0	mcPgUnlockingRulesEval__IsCloudyUnlockedForCareerUse_void_const	36	neighbour	0048E898
004D52D0	mcPgUnlockingRulesEval__PackRaceId_mc__eCity_int_const	12	neighbour	0048EF90
004D5840	mcPgVehicleSetup__dtor_mcPgVehicleSetup_void	92	neighbour	0048F4E8
004D6FC0	mcPgVehicleSetup__GetDirName_void	12	neighbour	00490110
004D6FD0	mcPgVehicleSetup__FileIO_datParser__ref	80	neighbour	00490120
004D7020	mcPgBinaryRulesEvalBase__mcPgBinaryRulesEvalBase_void	48	neighbour	00490170
004D7050	mcPgBinaryRulesEvalBase__dtor_mcPgBinaryRulesEvalBase_void	272	neighbour	004901A0
004D7610	mcPgBinaryRulesEvalBase__CheckSingleRule_mcPgBinaryRulesEvalBase__RuleOrGroup_const__ref__const	160	neighbour	00490760
004D76B0	mcPgBinaryRulesEvalBase__InitEvalSnapshot_mcPgBinaryRulesEvalBase__EvalSnapshot__ref__const	324	neighbour	00490800
004D77F8	mcPgBinaryRulesEvalBase__InitEvalSnapshot_mcPgBinaryRulesEvalBase__EvalSnapshot__ref__mcPgBinaryRulesEvalBase__EvalSnapshot__ref__const	44	neighbour	00490948
004D7828	mcPgBinaryRulesEvalBase__ResetEvalSnapshot_mcPgBinaryRulesEvalBase__EvalSnapshot__ref__const	60	neighbour	00490978
004D7868	mcPgBinaryRulesEvalBase__UpdateEvalSnapshot_mcPgBinaryRulesEvalBase__EvalSnapshot__ref__bool	160	neighbour	004909B8
004D7908	mcPgBinaryRulesEvalBase__CompareEvalSnapshots_mcPgBinaryRulesEvalBase__EvalSnapshot_const__ref__mcPgBinaryRulesEvalBase__EvalSnapshot_const__ref__int__ref__const	124	neighbour	00490A58
004D7988	mcPgBinaryRulesEvalBase__GetStoredEval_mcPgBinaryRulesEvalBase__EvalSnapshot_const__ref__int_int__ref__unsigned_int__ref__const	48	neighbour	00490AD8
004D79B8	mcPgKBHookman__mcPgKBHookman_mcPgKBHookman_const__ref	52	neighbour	00490B08
004D79F0	mcPgKBHookman__mcPgKBHookman_mc__eCity_int	28	neighbour	00490B40
004D7A10	mcPgKBHookman__operator_assign_mcPgKBHookman_const__ref	24	neighbour	00490B60
004D7A88	mcPgKBHookman__WriteSaveData_mcSerializer__ref	84	neighbour	00490BD8
004D7AE0	mcPgKBOpenHookman__mcPgKBOpenHookman_mcPgKBOpenHookman_const__ref	76	neighbour	00490C30
004D7B30	mcPgKBOpenHookman__mcPgKBOpenHookman_mc__eCity_int	56	neighbour	00490C80
004D7B68	mcPgKBOpenHookman__operator_assign_mcPgKBOpenHookman_const__ref	60	neighbour	00490CB8
004D7BF0	mcPgKBOpenHookman__WriteSaveData_mcSerializer__ref	68	neighbour	00490D40
004D7CC0	mcPgVehicleSelect__SelectItem_mcPgVehicleEvalId__ref__float_float	28	neighbour	00490E10
004D7CE0	mcPgVehicleSelect__EvaluateRule_mcPgVehicleSelect__eRules_int_mcPgFuzzyRulesEvalBase__Evaluation__ref__const	120	neighbour	00490E30
004D7D58	mcPgVehicleSelect__EvaluateRule_int_mcPgVehicleEvalId_const__ref__mcPgFuzzyRulesEvalBase__Evaluation__ref__const	28	neighbour	00490EA8
004D85E8	mcPgVehicleSelect__FileIO_datParser__ref	28	neighbour	00491710
004D8608	__static_initialization_and_destruction_0__00491730	296	neighbour	00491730
004D8730	_GLOBAL_$I$c__soft_mc3_src_mcprogress_vehicleselect_cktaaaa	32	neighbour	00491858
004D8F20	phArchetype__SetPropertyFlag_unsigned_short_bool	44	neighbour	00492048
004DA320	phArchetypeMgr__GetFirstUnusedHashInfo_void_const	64	neighbour	00493388
004DA648	phCollider__phCollider_void	48	neighbour	004936B0
004DA678	phCollider__dtor_phCollider_void	48	neighbour	004936E0
004DAA90	phCollider__ResetLocation_Matrix34_const__ref	168	neighbour	00493AF8
004DAE68	phCollider__PostCollideUpdate_void	56	neighbour	00493E48
004DAEA0	phCollider__UpdateCurrentMatrix_void	408	neighbour	00493E80
004DB038	phCollider__Move_void	216	neighbour	00494018
004DB110	phCollider__UpdateMtx_void	272	neighbour	004940F0
004DB220	phCollider__UpdateOversample_float	88	neighbour	00494200
004DB278	phCollider__CopyLastMatrix_Matrix34__ptr__phCollider_const__ref__const	376	neighbour	00494258
004DB3F0	phCollider__CalcMaxMoved_void	328	neighbour	004943D0
004DB538	phCollider__GetSphereCenterAndRadius_Vector3__ref__float__ref__const	76	neighbour	00494518
004DB5E8	phCollider__GetDisp_Vector3_const__ref__Vector3__ptr__int_const	68	neighbour	004945C8
004DB7D0	phCollider__ApplyGravity_void_const	80	neighbour	004947B0
004DBFF0	phCollider__ApplyAirResistance_float_Vector3_const__ref__phBound_const__ptr__const	868	neighbour	00494FD0
004DC358	phCollider__ApplyPush_Vector3_const__ref__Vector3_const__ref__int_const	48	neighbour	00495338
004DC388	phCollider__ApplyForce_Vector3_const__ref__Vector3_const__ref__int_const	156	neighbour	00495368
004DC4F0	phCollider__ApplyImpetus_phImpactData_const__ref	92	neighbour	004954D0
004DC550	phCollider__phCollider_datResource__ref	136	neighbour	00495530
004DC5D8	phImpact__Reset_phCollider__ptr__phCollider__ptr	140	neighbour	004955B8
004DC668	phImpact__Reset_phCollider__ptr__phInst__ptr	144	neighbour	00495648
004DC6F8	phImpact__Reset_phInst__ptr__phInst__ptr	148	neighbour	004956D8
004DC790	phImpact__Reset_phCollider__ptr__phInst__ptr__phInst__ptr	52	neighbour	00495770
004DC7C8	phImpact__Reset_phCollider__ptr__phInst__ptr__phCollider__ptr	60	neighbour	004957A8
004DC880	phImpact__SetColliderA_phCollider__ptr	208	neighbour	00495860
004DC950	phImpact__SetColliderB_phCollider__ptr	208	neighbour	00495930
004DCA20	phImpact__SetInstanceA_phInst__ptr	112	neighbour	00495A00
004DCA90	phImpact__SetInstanceB_phInst__ptr	112	neighbour	00495A70
004DCB00	phImpact__SetInstance_phCollider_const__ptr__phInst__ptr	380	neighbour	00495AE0
004DCC80	phImpact__InsertInstance_phInst__ptr__int_phInst__ptr__int	124	neighbour	00495C60
004DCD00	phImpact__RemoveInstance_phInst__ptr	80	neighbour	00495CE0
004DCD50	phImpact__GetBound_int_bool_const	72	neighbour	00495D30
004DCE98	phImpact__PutInstanceAInList_void	68	neighbour	00495E78
004DD100	phImpact__EffectiveMass_void_const	124	neighbour	004960E0
004DD180	phImpact__FindImpacts_bool	204	neighbour	00496160
004DD478	phImpact__GetRelDisplacement_int_Vector3__ptr__const	1176	neighbour	00496458
004DE590	phImpact__ApplyImpactImpulse_Vector3_const__ref__Vector3_const__ref__int_Vector3_const__ptr__phInst_const__ptr__phInst__ptr__phInst__ptr__phCollider__ptr__phCollider_const__ptr__int_bool_const	364	neighbour	00497570
004DEE28	phImpact__DrawImpacts_void	8	neighbour	00497DF0
004DEE30	phInst__phInst_void	36	neighbour	00497DF8
004DEFC0	phInst__SetInstFlag_unsigned_short_bool	44	neighbour	00497F88
004DEFF0	phInst__GetMaterialFromIsect_phIntersection_const__ptr	84	neighbour	00497FB8
004DF048	phInst__ReadLastMatrix_void_const	8	neighbour	00498010
004DF050	phInst__CanMove_void_const	56	neighbour	00498018
004DF088	phInst__ApplyImpulse_Vector3_const__ref__Vector3_const__ref__int_Vector3_const__ptr	36	neighbour	00498050
004DF0B0	phInst__ApplyForce_Vector3_const__ref__Vector3_const__ref__int	88	neighbour	00498078
004DF108	phInst__ApplyImpulseChangeMotion_Vector3_const__ref__Vector3_const__ref__int	36	neighbour	004980D0
004DF130	phInst__ApplyImpetus_phImpactData_const__ref	88	neighbour	004980F8
004DF188	phInst__NotifyImpulse_Vector3_const__ref__Vector3_const__ref__int	8	neighbour	00498150
004DF1B0	phInst__GetLocalVelocity_Vector3_const__ref__Vector3__ref__int_const	340	neighbour	00498178
004DF308	phInst__PreCalcImpact_phImpactBase__ptr__phInst__ptr	8	neighbour	004982D0
004DF310	phInst__PreImpact_phImpactBase__ptr__phInst__ptr	8	neighbour	004982D8
004DF318	phInst__ActivateWhenHit_phCollider__ptr__ptr__bool__ptr__phImpact__ptr__phImpactData__ptr	8	neighbour	004982E0
004DF360	phInst__GetInvMassMatrix_phImpactData_const__ref__Matrix34__ref__bool_phImpactData_const__ptr__const	68	neighbour	00498328
004DF3A8	phInst__phInst_datResource__ref	40	neighbour	00498370
004DF420	phInstBreakable__phInstBreakable_datResource__ref	52	neighbour	004983E8
004DF458	phInstBreakable__GetImpulseLimit_bool_const	52	neighbour	00498420
004DF4B0	phInstBreakable__ActivateWhenHit_phCollider__ptr__ptr__bool__ptr__phImpact__ptr__phImpactData__ptr	120	neighbour	00498478
004DF528	phInstBreakable__FindBreakStrength_phImpact_const__ptr__float__ptr__phImpactData_const__ptr__phBreakData__ptr__const	372	neighbour	004984F0
004DFB40	phInstBreakable__GetBrokenPartInstance_int	8	neighbour	00498AF0
004DFB48	phInstBreakable__ActivateInPhysicsLevel_phLevel__ptr	52	neighbour	00498AF8
004DFB80	phInstBreakable__ThrowBrokenPart_phInst_const__ptr__Vector3_const__ref__Vector3_const__ref__Vector3_const__ref	260	neighbour	00498B30
004DFD00	phInstBreakable__Reset_phLevel__ptr	108	neighbour	00498CB0
004DFD90	phInstBreakable__MakeBrokenParts_phImpact__ptr__phImpactData__ptr__float__ptr	192	neighbour	00498D40
004DFEE0	phLevel__dtor_phLevel_void	72	neighbour	00498E90
004DFF28	phLevel__Init_void	96	neighbour	00498ED8
004DFF88	phLevel__Shutdown_void	116	neighbour	00498F38
004E0008	phLevel__IsBroken_int_const	128	neighbour	00498FB8
004E0088	phLevel__GetActiveCollider_int	24	neighbour	00499038
004E00F8	phLevel__GetStaticInstance_int	24	neighbour	004990A8
004E0BC0	phLevelSimple__dtor_phLevelSimple_void	72	neighbour	00499B70
004E0C08	phLevelSimple__Init_void	1052	neighbour	00499BB8
004E1028	phLevelSimple__Shutdown_void	360	neighbour	00499FD8
004E12B0	phLevelSimple__InitRooms_void	176	neighbour	0049A260
004E1360	phLevelSimple__ResetRooms_void	96	neighbour	0049A310
004E13C0	phLevelSimple__ShutdownRooms_void	112	neighbour	0049A370
004E1430	phLevelSimple__Update_void	28	neighbour	0049A3E0
004E1450	phLevelSimple__Reset_void	1280	neighbour	0049A400
004E1950	sort_compare_void_const__ptr__void_const__ptr	28	neighbour	0049A900
004E1970	phLevelSimple__OrderObjects_void	760	neighbour	0049A920
004E1C68	phLevelSimple__BrokenStaticReset_int_int	464	neighbour	0049AC18
004E1E38	phLevelSimple__DrawBounds_void_const	8	neighbour	0049ADE8
004E9450	__static_initialization_and_destruction_0__004A2400	88	neighbour	004A2400
004E94A8	_GLOBAL_$I$c__soft_age_src_physics_levelSimple_cpp4Kaaaa	32	neighbour	004A2458
004E9508	phLevelBase__dtor_phLevelBase_void	48	neighbour	004A24B8
004E9550	phSimulator__SetActiveInstance_phSimulator__ptr	32	neighbour	004A2500
004E9570	phSimulator__phSimulator_void	108	neighbour	004A2520
004E95E0	phSimulator__dtor_phSimulator_void	152	neighbour	004A2590
004E9678	phSimulator__Init_phLevel__ptr	76	neighbour	004A2628
004E96D0	phSimulator__Reset_void	72	neighbour	004A2680
004E9720	phSimulator__AddActiveInstance_int	100	neighbour	004A26D0
004E9788	phSimulator__IsMovingInstance_phInst_const__ptr__const	80	neighbour	004A2738
004E97D8	phSimulator__IsActiveInstance_phInst_const__ptr__const	80	neighbour	004A2788
004E9B58	phSimulator__Collide_void	584	neighbour	004A2B08
004E9DA0	phSimulator__ActiveColliderCallback_phCollider__ptr__phCollider__ptr__int	456	neighbour	004A2D50
004E9F68	phSimulator__CollideMovingInstances_phImpact__ref	288	neighbour	004A2F18
004EA088	phSimulator__CollideActiveInstances_phImpact__ref	328	neighbour	004A3038
004EA1D0	phSimulator__CollideWithActives_phImpact__ref__phInst__ptr	784	neighbour	004A3180
004EA4E0	phSimulator__CollideWithInactives_phImpact__ref__phInst__ptr__bool	656	neighbour	004A3490
004EA770	phSimulator__CollideWithStatics_phImpact__ref__phCollider__ptr__phInst__ptr__bool	652	neighbour	004A3720
004EAA00	phSimulator__CollideWithFixed_phImpact__ref__phInst__ptr	712	neighbour	004A39B0
004EF2C0	phSimulator__Resolve2Impacts_Vector3_const__ref__Vector3_const__ref__Vector3_const__ref__Vector3_const__ref__bool_Vector3_const__ref__Vector3_const__ref__float_Vector3__ref__Vector3__ref	596	neighbour	004A8238
004EF890	phSimulator__CalcImpulse3Impacts_phInst_const__ptr__phCollider_const__ptr__phInst_const__ptr__phCollider_const__ptr__Vector3__ref__Vector3__ref__Vector3__ref__Vector3__ref	1900	neighbour	004A8808
004F0000	phSimulator__TestFriction_phImpact__ref__const	432	neighbour	004A8F78
004F2310	phSimulator__WakeUpTest_phCollider__ptr	8	neighbour	004AB288
004F2318	phSimulator__WakeUpTestInactive_int	8	neighbour	004AB290
004F2320	phSimulator__CalcImpactEffects_phImpact__ref	296	neighbour	004AB298
004F24F0	phSimulator__PostCollide_void	256	neighbour	004AB468
004F25F8	phSimulator__GetCollider_int_const	28	neighbour	004AB570
004F2638	phSimulator__Update_void	192	neighbour	004AB5B0
004F2750	phSleep__WakeUp_void	108	neighbour	004AB6C8
004F27C0	phSleep__SendToSleep_void	56	neighbour	004AB738
004F27F8	phSleep__Update_void	1116	neighbour	004AB770
004F2C58	phSleep__PeriodicSleepCheck_void	848	neighbour	004ABBD0
004F2FA8	phSleep__phSleep_datResource__ref	40	neighbour	004ABF20
004F2FD0	phContact__dtor_phContact_void	36	neighbour	004ABF48
004F2FF8	phContact__Reset_void	172	neighbour	004ABF70
004F30B8	phContact__GetColliderA_void_const	40	neighbour	004AC030
004F30E0	phContact__GetColliderB_void_const	40	neighbour	004AC058
004F4050	phOldContact__DisableContacts_void	36	neighbour	004ACFC8
004F4078	phOldContact__Init_phImpact_const__ref__int	452	neighbour	004ACFF0
004F4378	phOldContact__IsEqual_phImpact_const__ref__int	340	neighbour	004AD2F0
004F44D0	phOldContact__CalcContactForce_phImpact_const__ptr__int_bool_Vector3__ptr__Matrix34__ptr__float__ptr__float_float	4552	neighbour	004AD448
004F5698	phOldContact__SwapAB_void	216	neighbour	004AE610
004F5770	phColliderInstanceWrapper__GetColliderID_void_const	28	neighbour	004AE6E8
004F5790	phColliderInstanceWrapper__GetICS_void_const	28	neighbour	004AE708
004F57B0	phColliderInstanceWrapper__GetLocalVelocity_phOldContact_const__ref__Vector3__ref__const	60	neighbour	004AE728
004F5820	phColliderInstanceWrapper__GetCurMatrix_void_const	32	neighbour	004AE798
004F5840	phColliderInstanceWrapper__GetBound_void_const	36	neighbour	004AE7B8
004F5868	phColliderInstanceWrapper__GetColliderIdA_phImpact_const__ref	48	neighbour	004AE7E0
004F5898	phColliderInstanceWrapper__GetColliderIdB_phImpact_const__ref	48	neighbour	004AE810
004F58C8	__static_initialization_and_destruction_0__004AE840	128	neighbour	004AE840
004F5948	_GLOBAL_$I$c__soft_age_src_physics_contact_cppTCaaaa	32	neighbour	004AE8C0
004F5970	phContactMgr__dtor_phContactMgr_void	144	neighbour	004AE8E8
004F5A00	phContactMgr__Reset_void	88	neighbour	004AE978
004F5A58	SetMatrixBlock_float__ptr__int_int_int_Matrix34_const__ref	140	neighbour	004AE9D0
004F6FF8	phOldContactMgr__phOldContactMgr_void	196	neighbour	004AFF70
004F70C0	phOldContactMgr__dtor_phOldContactMgr_void	88	neighbour	004B0038
004F76A8	phOldContactMgr__SeekContact_long_phImpact_const__ref__int	180	neighbour	004B0620
004F7FD0	phOldContactMgr__TestHeldContact_phColliderInstanceWrapper_phColliderInstanceWrapper_int__ptr	760	neighbour	004B0F48
004F82C8	phOldContactMgr__EstMaxMoved_Matrix34_const__ref__phColliderInstanceWrapper_phColliderInstanceWrapper	248	neighbour	004B1240
004F83C0	phOldContactMgr__SeekHeldContact_long_long_int	80	neighbour	004B1338
004F8448	phOldContactMgr__RemoveHeldContact_int	600	neighbour	004B13C0
004F86A0	phOldContactMgr__AddHeldContact_phColliderInstanceWrapper_phColliderInstanceWrapper	756	neighbour	004B1618
004F8998	phOldContactMgr__AddHCEntry_int_int	120	neighbour	004B1910
004F8A10	phOldContactMgr__HCContactGone_phHeldContact__ptr	64	neighbour	004B1988
004F8DF0	phOldContactMgr__GetNextHeldContact_int_int__ptr__int__ptr__bool__ptr	92	neighbour	004B1D68
004F9128	phOldContactMgr__GetCMInvSeconds_void_const	48	neighbour	004B20A0
004F9158	phOldContactMgr__SetCMOversampleTime_float	32	neighbour	004B20D0
004F95F8	zipHandle__Seek_int_seekWhence	360	neighbour	004B2538
004F9910	zipFile__zipCreate_char_const__ptr	8	neighbour	004B2850
004F9918	zipFile__zipRead_int_void__ptr__int	44	neighbour	004B2858
004F9948	zipFile__zipWrite_int_void_const__ptr__int	8	neighbour	004B2888
004F9950	zipFile__zipSeek_int_int_seekWhence	44	neighbour	004B2890
004F9A48	zipFile__zipSize_int	32	neighbour	004B2988
004F9B80	zipFile__internalSeek_int	216	neighbour	004B2AC0
004FB2F0	zipFile__Decrypt_void__ptr__int	236	neighbour	004B41C8
004FB3E0	inflateReset	92	neighbour	004B42B8
004FBB28	zcalloc_void__ptr__unsigned_int_unsigned_int	56	neighbour	004B4A00
004FBB60	zcfree_void__ptr__void__ptr	36	neighbour	004B4A38
004FBB88	adler32	416	neighbour	004B4A60
004FBDD8	inflate_blocks_new_z_stream_s__ptr__unsigned_long__ptr__unsigned_long_unsigned_char_const__ptr__unsigned_int_unsigned_int	228	neighbour	004B4CB0
004FCAC0	inflate_codes_new_unsigned_int_unsigned_int_inflate_huft_s__ptr__inflate_huft_s__ptr__z_stream_s__ptr	116	neighbour	004B5998
004FD368	inflate_fast_unsigned_int_unsigned_int_inflate_huft_s__ptr__inflate_huft_s__ptr__inflate_blocks_state__ptr__z_stream_s__ptr	984	neighbour	004B6240
004FE030	inflate_trees_fixed_unsigned_int__ptr__unsigned_int__ptr__inflate_huft_s__ptr__ptr__inflate_huft_s__ptr__ptr__z_stream_s__ptr	56	neighbour	004B6F08
004FE068	inflate_flush_inflate_blocks_state__ptr__z_stream_s__ptr__int	384	neighbour	004B6F40
004FE278	aiObstacle__IsObstructingPath_Vector3_const__ref__Vector3_const__ref__float_Vector3_const__ref__float_float__ptr__const	1020	neighbour	004B7150
004FE678	aiObstacle__PassingVertices_float_Vector3_const__ref__float_Vector3__ref__Vector3__ref__Vector3__ref__Vector3__ref__const	936	neighbour	004B7550
004FEF18	aiObstacleGrid__GetCell_unsigned_short_const	44	neighbour	004B7DA0
004FEF48	aiObstacleGrid__GetNeighbouringCells_unsigned_short_aiObstacle__ptr__ptr__const	300	neighbour	004B7DD0
004FF078	aiObstacleGrid__GetNeighbouringCells_unsigned_short_int_aiObstacle__ptr__ptr__const	356	neighbour	004B7F00
004FF1E0	aiObstacleGrid__GetNeighbouringCells_unsigned_short_Vector3_const__ref__aiObstacle__ptr__ptr__const	400	neighbour	004B8068
004FF378	aiObstacleGrid__GetNeighbouringCells_unsigned_short_Vector3_const__ref__float_Vector3_const__ref__aiObstacle__ptr__ptr__const	576	neighbour	004B8200
004FF5B8	aiObstacleGrid__GetHeadingCells_unsigned_short_Vector3_const__ref__aiObstacle__ptr__ptr__const	424	neighbour	004B8440
004FF760	aiObstacleGrid__GetHeadingCells3x4_unsigned_short_Vector3_const__ref__aiObstacle__ptr__ptr__const	408	neighbour	004B85E8
004FFD40	mcFeedRoadManager__dtor_mcFeedRoadManager_void	236	neighbour	004B8BA0
004FFE90	mcFeedRoadManager__SetRailRegionRadii_float_float_float	144	neighbour	004B8CF0
004FFF48	mcFeedRoadManager__HasFinishedCompleteCycle_void_const	28	neighbour	004B8D80
004FFF68	mcFeedRoadManager__OnCycleCompletion_void	44	neighbour	004B8DA0
00500038	mcFeedRoadManager__IsAnyFeedRoadAvailable_void_const	64	neighbour	004B8E58
00500350	mcFeedRoadManager__AddToFeedList_mcFeedRoadManager__TFeedListType_int	232	neighbour	004B91A8
00500738	mcFeedSurfaceManager__dtor_mcFeedSurfaceManager_void	172	neighbour	004B9588
005007E8	mcFeedSurfaceManager__Reset_void	140	neighbour	004B9638
00500878	mcFeedSurfaceManager__Release_void	124	neighbour	004B96C8
005008F8	mcFeedSurfaceManager__OnCycleCompletion_void	60	neighbour	004B9748
00500938	mcFeedSurfaceManager__UpdateSurfaceFeed_void	244	neighbour	004B9788
00500A30	mcFeedSurfaceManager__SurfaceCanBePopulated_unsigned_short_const	8	neighbour	004B9880
00500A38	mcFeedSurfaceManager__AddToFeedList_unsigned_short	224	neighbour	004B9888
00500B18	mcFeedSurfaceManager__CheckRegions_unsigned_short_bool__ref__const	224	neighbour	004B9968
00500BF8	mcFeedSurfaceManager__CheckRegions_Vector3_const__ref__bool__ref__const	192	neighbour	004B9A48
00500CB8	mcFeedSurfaceManager__mcFeedSurfaceManager_datResource__ref	160	neighbour	004B9B08
00500D58	__static_initialization_and_destruction_0__004B9BA8	8	neighbour	004B9BA8
00500D60	_GLOBAL_$I$c__soft_mc3_src_mcrailnet_FeedSurfaceManager_cpptwaaaa	32	neighbour	004B9BB0
00500DF8	mcRailCircleRegions__dtor_mcRailCircleRegions_void	92	neighbour	004B9C48
00501140	mcRailCircleRegions__IsFeedableRoadRegion_aiRoad_const__ref__const	40	neighbour	004B9F90
00501520	mcRailCircleRegions__mcRailCircleRegions_datResource__ref	76	neighbour	004BA3C8
00501628	aiRailNetwork__dtor_aiRailNetwork_void	436	neighbour	004BA4D0
00501808	aiRailNetwork__GetTrafficLight_int_const	20	neighbour	004BAC10
00501820	aiRailNetwork__GetTrafficControl_int_const	20	neighbour	004BAC28
00501848	aiRailNetwork__GetNodeOutlets_int_unsigned_short__ref__const	56	neighbour	004BAC50
00502660	aiRailNetwork__SetNodeRedlight_int_bool	64	neighbour	004BB730
00502778	aiRailNetwork__ClearAllAssociatedProps_void	96	neighbour	004BB848
00502A40	aiRailNetwork__CalculateSplineParams_aiRail_const__ptr__Vector3__ref__Vector3__ref__const	380	neighbour	004BBCE8
00502CA8	_GLOBAL_$I$c__soft_mc3_src_mcrailnet_railnetwork_cppZBaaaa	32	neighbour	004BBF60
00502CC8	aiRailNetwork__SetNumRegions_int	12	neighbour	004BBF80
00502CD8	aiRailNetwork__Update_void	156	neighbour	004BBF90
00502D80	aiRailNetwork__SetRailRegionRadii_float_float_float	28	neighbour	004BC038
00502DC0	aiRailNetwork__Draw_void_const	8	neighbour	004BC078
00502DC8	aiRailNetwork__DrawRERails_void_const	1236	neighbour	004BC080
005035A0	aiRailNetwork__FindVerifiedRoadId_Vector3_const__ref__const	260	neighbour	004BC980
005036A8	aiRailNetwork__FindClosestRoadId_Vector3_const__ref__const	240	neighbour	004BCA88
005041D0	aiRoad__GetDesiredRailDensity_aiRail_const__ref__const	40	neighbour	004BD760
00504258	aiRoad__IncRailDensityTotal_float	16	neighbour	004BD7E8
00504268	aiRoad__DecRailDensityTotal_float	40	neighbour	004BD7F8
00504438	aiRoad__SetLoadOverrides_Vector3_const__ref__Vector3_const__ref__float_float	128	neighbour	004BD9D8
005045A0	aiRoad__FindLongestRoadRail_void_const	144	neighbour	004BDC20
00504630	StringCSPN_char_const__ptr__char	60	neighbour	004BDCB0
00504810	aiRouter__dtor_aiRouter_void	132	neighbour	004BDE98
00504898	aiRouter__InitializeCellRoadArrays_int	368	neighbour	004BDF20
00504A08	aiRouter__ReleaseCellRoadArrays_void	112	neighbour	004BE090
00507C98	aiTrafficLight__aiTrafficLight_void	76	neighbour	004C1298
00507CE8	aiTrafficLight__dtor_aiTrafficLight_void	120	neighbour	004C12E8
00507D60	aiTrafficLight__Reset_void	292	neighbour	004C1360
00507E88	aiTrafficLight__ClearAllAssociatedProps_void	60	neighbour	004C1488
00507EC8	aiTrafficLight__SetState_aiTrafficLight__LightState	400	neighbour	004C14C8
0050ADE0	mcControl__IsMappingAxis_int	40	neighbour	004C1E98
0050AE08	mcControl__IsMappingAnalogPauseCommand_int	8	neighbour	004C1EC0
0050AE10	mcControl__IsMappingPauseCommand_int	8	neighbour	004C1EC8
0050AE18	mcControl__GetSelectedInputDevice_int	28	neighbour	004C1ED0
0050AE38	mcControl__GetSelectedPadIndex_int	28	neighbour	004C1EF0
0050AE58	mcControl__SelectInputDevice_int_int_int	52	neighbour	004C1F10
0050B3B0	mcControl__IsPressed_int	60	neighbour	004C22B0
0050B3F0	mcControl__IsReleased_int	60	neighbour	004C22F0
0050B430	mcControl__SetMapperToNewValues_void	424	neighbour	004C2330
0050B5D8	mcControl__SetPad_int	12	neighbour	004C24D8
0050B5E8	__static_initialization_and_destruction_0__004C24E8	92	neighbour	004C24E8
0050B648	_GLOBAL_$I$c__soft_mc3_src_mcplayer_control_ccAaaaa	32	neighbour	004C2548
0050B6E8	mcPlayerFactory__dtor_mcPlayerFactory_void	40	neighbour	004C25D8
0050BC98	mcPlayerFactory__MakeEntity_void	212	neighbour	004C2B08
0050BD70	mcPlayerFactory__MakeInput_void	144	neighbour	004C2BE0
0050C1B8	mcPlayerFactory__MakeDamage_void	100	neighbour	004C3018
0050C220	mcPlayerFactory__MakeStuck_void	104	neighbour	004C3080
0050C630	mcPlayerFactory__MakeTracks_void	248	neighbour	004C3490
0050C8B0	mcPlayerFactory__MakeParticles_void	104	neighbour	004C3718
0050CCE8	mcPlayerInput__SetStyle_int	68	neighbour	004C3B00
0050F028	Quantize0_1_float_unsigned_char__ref__004C55C0	56	neighbour	004C55C0
0050F060	QuantizeNeg1_1_float_signed_char__ref__004C55F8	60	neighbour	004C55F8
0050F918	mcPlayerInputTune__mcPlayerInputTune_datResource__ref	52	neighbour	004C5D78
0050FA90	mcPlayerSpecialAbilityTune__mcPlayerSpecialAbilityTune_void	404	neighbour	004C5EF0
00511F80	mcPlayer__RegisterAgroImpact_int	28	neighbour	004C7EC0
00511FA0	mcPlayer__UpdateSpecialAbilityParameters_void	36	neighbour	004C7EE0
005139C0	mcPlayer__AddAgroHit_void	8	neighbour	004C9790
00513E90	mcPlayer__SetPlayerData_mcNetPlayerData_const__ref	100	neighbour	004C9B18
00513EF8	mcPlayer__CalcPosition_Matrix34_const__ref__Vector4__ref	356	neighbour	004C9B80
00514060	mcPlayer__SaveFEStartPosition_void	36	neighbour	004C9CE8
00514558	__static_initialization_and_destruction_0__004CA038	52	neighbour	004CA038
00514590	_GLOBAL_$I$c__soft_mc3_src_mcplayer_player_cIEaaaa	32	neighbour	004CA070
005145C0	mcPlayerCamera__StartCameraRumble_float	32	neighbour	004CA0A0
005145E0	mcPlayerCamera__StopCameraRumble_void	12	neighbour	004CA0C0
00514610	mcPlayerCamera__ChangeActiveGameCam_int	92	neighbour	004CA0F0
00514A00	mcPlayerCamera__SetPlayer_int	56	neighbour	004CA450
00514A38	mcPlayerCamera__ReplayCameraAttachedToPlayerVehicle_void_const	84	neighbour	004CA488
00516930	mcPlayerCamera__UpdateRaceEditor_void	84	neighbour	004CC258
005175F8	mcPlayerCamera__SetReplayCam_bool	68	neighbour	004CCB70
00518630	mcPlayerCamera__Draw_void	40	neighbour	004CDA00
005188B0	mcPlayerCamera__SetPreRaceCam_mcPreRaceCam__ref	72	neighbour	004CDA28
005188F8	mcPlayerCamera__SetCutSceneCam_mcCutSceneCam__ref	72	neighbour	004CDA70
00518B60	mcCameraEffect__Reset_void	44	neighbour	004CDCA8
00519490	mcCameraEffect__Rumble_float_int	60	neighbour	004CE5D8
00519838	__static_initialization_and_destruction_0__004CE8C8	52	neighbour	004CE8C8
00519870	_GLOBAL_$I$c__soft_mc3_src_mcplayer_playercamera_cBGaaaa	32	neighbour	004CE900
005198C8	mcPlayerManager__ShutdownInstance_void	64	neighbour	004CE958
00519F90	mcPlayerManager__dtor_mcPlayerManager_void	200	neighbour	004CEC70
0051A0A8	mcPlayerManager__GetNumPlayersPlaying_void_const	92	neighbour	004CED88
0051A498	mcPlayerManager__UpdateDeath_void	52	neighbour	004CF150
0051A620	mcPlayerManager__Reset_void	112	neighbour	004CF298
0051A788	mcPlayerManager__GetDrivable_int	36	neighbour	004CF400
0051A8D0	mcPolarCS__mcPolarCS_void	60	neighbour	004CF548
0051A910	mcPolarCS__dtor_mcPolarCS_void	40	neighbour	004CF588
0051A938	mcPolarCS__ProcessInputs_void	1336	neighbour	004CF5B0
0051AE90	mcPovCS__mcPovCS_void	108	neighbour	004CFB08
0051AF00	mcPovCS__dtor_mcPovCS_void	40	neighbour	004CFB78
0051B218	mcRacerManager__CreateInstance_void	52	neighbour	004CFE90
0051B250	mcRacerManager__ShutdownInstance_void	56	neighbour	004CFEC8
0051B288	mcRacerManager__mcRacerManager_void	12	neighbour	004CFF00
0051B458	mcRacerManager__AddRacer_mcRacer__ptr	28	neighbour	004D00C8
0051B478	mcRacerManager__IsPlayer_int_const	48	neighbour	004D00E8
0051B4A8	mcRacerManager__RemoveRacer_mcRacer__ptr	76	neighbour	004D0118
0051B850	mcRacer__ObstacleVelocity_void_const	24	neighbour	004D04A8
0051B868	mcRacer__ObstacleRadius_void_const	68	neighbour	004D04C0
0051B8B0	mcRacer__ObstacleSize_Vector2__ref__const	92	neighbour	004D0508
0051B910	mcRacer__GetDrivable_void	16	neighbour	004D0568
0051B940	mcReplayCamera__mcReplayCamera_void	180	neighbour	004D0598
0051B9F8	mcReplayCamera__dtor_mcReplayCamera_void	152	neighbour	004D0650
0051BC00	mcReplayCamera__Reset_void	288	neighbour	004D0858
0051BD20	mcReplayCamera__InReplayMode_void_const	24	neighbour	004D0978
0051BD90	mcReplayCamera__UpdatePaused_void	52	neighbour	004D09E8
0051BDC8	mcReplayCamera__UpdateRecord_void	360	neighbour	004D0A20
0051BF30	mcReplayCamera__UpdateDirectorPlayback_void	36	neighbour	004D0B88
0051BF58	mcReplayCamera__UpdatePausedDirectorPlayback_void	28	neighbour	004D0BB0
0051BF88	mcReplayCameraPoint__mcReplayCameraPoint_void	56	neighbour	004D0BE0
0051BFC0	mcReplayCameraPoint__dtor_mcReplayCameraPoint_void	40	neighbour	004D0C18
0051C280	mcTimeWarper__Update_void	80	neighbour	004D0F10
0051C438	mcTimeWarperTune__mcTimeWarperTune_void	112	neighbour	004D1128
0051C6E8	mcTrackCS__dtor_mcTrackCS_void	40	neighbour	004D13D0
0051C710	mcTrackCS__GetCar_void_const	8	neighbour	004D13F8
0051C718	mcTrackCS__AfterLoad_void	96	neighbour	004D1400
0051C778	mcTrackCS__Reset_void	96	neighbour	004D1460
0051C9F8	mcTrackCS__OffsetCB_void	80	neighbour	004D1630
005209F8	mcCinematicType__dtor_mcCinematicType_void	48	neighbour	004D5230
00521388	mcCinematicCS__ProcessInputs_void	8	neighbour	004D5B38
00521DD0	gfxDefaultPrepareImage_gfxImage__ptr__char_const__ptr__bool	256	neighbour	004D8D28
00522160	gfxTexturePruneHashtable_void	64	neighbour	004D90B8
005221A0	gfxTextureKillHashtable_void	44	neighbour	004D90F8
005225C0	__static_initialization_and_destruction_0__004D9518	64	neighbour	004D9518
00522600	_GLOBAL_$I$c__soft_age_src_gfx_gettex_cSyaaaa	32	neighbour	004D9558
00522620	gfxSimpleTex__Load_char_const__ptr	48	neighbour	004D9578
005227F0	readTexPSMCT32_int_int_int_int_int_int_void__ptr	412	neighbour	004D9748
00522990	writeTexPSMCT8_int_int_int_int_int_int_void_const__ptr	452	neighbour	004D98E8
00522B60	writeTexPSMCT4_int_int_int_int_int_int_void_const__ptr	596	neighbour	004D9AB8
00522DB8	convert8to32_int_int_void_const__ptr__void__ptr__int__ref__int__ref	328	neighbour	004D9D10
00522F00	convert4to32_int_int_void_const__ptr__void__ptr__int__ref__int__ref	360	neighbour	004D9E58
00523068	__static_initialization_and_destruction_0__004D9FC0	40	neighbour	004D9FC0
00523090	_GLOBAL_$I$c__soft_age_src_gfx_gsmem_clxaaaa	32	neighbour	004D9FE8
00523550	gfxImage__Halve_void	316	neighbour	004DA4C0
00523690	gfxImage__HalfWidth_void	296	neighbour	004DA600
005237B8	gfxImage__HalfHeight_void	188	neighbour	004DA728
00523878	gfxImage__GenerateMipmaps_void	344	neighbour	004DA7E8
005239D8	gfxImage__Flip_void	152	neighbour	004DA948
00523A78	gfxImage__Reformat_gfxImage__gfxImageFormat_bool	1440	neighbour	004DA9E8
00524018	gfxImage__Place_datResource__ref	28	neighbour	004DAF88
00524038	gfxImage__gfxImage_datResource__ref	116	neighbour	004DAFA8
005240B0	gfxImage__UnPlace_gfxImage__ref	8	neighbour	004DB020
005240E8	_GLOBAL_$I$c__soft_age_src_gfx_image_cwoaaaa	32	neighbour	004DB060
00524160	xlat8888_unsigned_char__ptr__unsigned_char__ptr__unsigned_int	72	neighbour	004DB090
00524558	gfxLoadTargaImage_char_const__ptr__bool	796	neighbour	004DB4D0
00525B00	gfxLoadBmpImage_char_const__ptr__bool	1104	neighbour	004DCA78
00525F50	gfxLoadSprImage_char_const__ptr__bool	488	neighbour	004DCEC8
00526138	getFlags_void	116	neighbour	004DD0B0
00526880	WaitForFifoSpace_unsigned_int	124	neighbour	004DD7F8
00526B88	lowPsxGfx__EndFrame_void	96	neighbour	004DDB00
00526BF0	lowPsxGfx__OpenGIF_int	132	neighbour	004DDB68
00526C78	lowPsxGfx__StoreGIF_unsigned_long_unsigned_long	52	neighbour	004DDBF0
00526CB0	lowPsxGfx__CloseGIF_void	88	neighbour	004DDC28
00526E68	lowPsxGfx__DownloadImage_int_int_void__ptr__gfxImage__gfxImageFormat_int_int	500	neighbour	004DDDE0
00527060	AdjustSize_gfxImage__gfxImageFormat_int__ref__int__ref	160	neighbour	004DDFD8
00527100	gfxMipChain__gfxMipChain_int_int_gfxImage__gfxImageFormat_int_bool	696	neighbour	004DE078
005273B8	gfxMipChain__gfxMipChain_datResource__ref	68	neighbour	004DE330
00527400	gfxMipChain__dtor_gfxMipChain_void	192	neighbour	004DE378
005274C0	gfxMipChain__Create_int_int_gfxImage__gfxImageFormat_int_bool	104	neighbour	004DE438
00527528	gfxMipChain__CreateRenderTarget_int_int_gfxImage__gfxImageFormat	92	neighbour	004DE4A0
00527588	gfxMipChain__CanSwizzle_gfxImage__ptr	172	neighbour	004DE500
00527638	gfxMipChain__Load_gfxImage__ptr	556	neighbour	004DE5B0
00527870	gfxMipChain__Download_int	244	neighbour	004DE7E8
005279C8	gfxFVFSize_unsigned_int	60	neighbour	004DE940
00527A08	gfxFVFOffset_unsigned_int_unsigned_int	136	neighbour	004DE980
00527A90	gfxPipeline__InitFade_float_float_float	84	neighbour	004DEA08
00527AE8	gfxPipeline__UpdateFade_void	104	neighbour	004DEA60
00528060	gfxPipeline__SetCopyToFront_gfxCopyToFrontType_int_int_int	36	neighbour	004DF118
005280A0	gfxPipeline__SetImmediateSwapIfLate_bool	16	neighbour	004DF158
005280B8	gfxPipeline__VBLANK_int	420	neighbour	004DF170
00528260	gfxPipeline__GS_int	128	neighbour	004DF318
00528B80	gfxPipeline__SetCopyToFrontFunc_void__ptr__void	36	neighbour	004DFC38
00528BA8	gfxPipeline__SetCopyToFrontColor_Vector3_const__ref	36	neighbour	004DFC60
00528BD0	gfxPipeline__SetCopyToFrontBlend_float	12	neighbour	004DFC88
00528BE0	gfxPipeline__SetPixelJitter_float_float	20	neighbour	004DFC98
005295B8	FinishSemaTimeoutHandler_int_unsigned_short_void__ptr	48	neighbour	004E0680
005295E8	DumpDmaStats_void	8	neighbour	004E06B0
0052A388	gfxPipeline__Manage_void	100	neighbour	004E1450
0052A7F0	gfxPipeline__SetRTData_int_int_int_int	80	neighbour	004E1C18
0052A840	gfxPipeline__RestoreRTData_void	112	neighbour	004E1C68
0052B5A0	_GLOBAL_$I$c__soft_age_src_gfx_psxpipe_c1zaaaa	32	neighbour	004E2A78
0052B5C0	gfxTexture__gfxTexture_gfxMipChain__ptr	84	neighbour	004E2A98
0052B618	gfxTexture__InitDma_gfxMipChain__ptr	236	neighbour	004E2AF0
0052BD48	gfxTexture__SetMipmapBias_int_float	76	neighbour	004E3220
0052BD98	gfxTexture__GetMipmapBias_int__ref__float__ref	64	neighbour	004E3270
0052BFE0	gfxTexture__Reserve_void	44	neighbour	004E34B8
0052C3D0	gfxTexture__UpdateTFX_long	24	neighbour	004E38A8
0052C3E8	gfxTexture__Download_int	192	neighbour	004E38C0
0052C4A8	gfxTexture__Download_void	104	neighbour	004E3980
0052C6B0	gfxTexture__SetDownload_int	176	neighbour	004E3B88
0052C7C8	gfxTexture__InitClass_void	16	neighbour	004E3CA0
0052C7D8	gfxTexture__FlushTexMem_void	36	neighbour	004E3CB0
0052C800	gfxTexture__operator_new_unsigned_int	28	neighbour	004E3CD8
0052C840	gfxTexture__gfxTexture_datResource__ref	164	neighbour	004E3D18
0052C8E8	FillTable_float__ptr__int	180	neighbour	004E3DC0
0052C9A0	gfxPointSpriteComputeRotations_Vector4__ptr__float_float	244	neighbour	004E3E78
0052CA98	gfxPointSpriteBegin_void	716	neighbour	004E3F70
0052CD68	gfxPointSpriteDraw_int_gfxPS_PosScale_const__ptr__gfxPS_RotFrame_const__ptr__unsigned_int_const__ptr__int	824	neighbour	004E4240
0052D0A0	gfxPointSpriteDrawInlineBegin_int_gfxPS_PosScale__ptr__ref__gfxPS_RotFrame__ptr__ref__unsigned_int__ptr__ref__int	660	neighbour	004E4578
0052D338	gfxPointSpriteEnd_void	232	neighbour	004E4810
0052D420	__static_initialization_and_destruction_0__004E48F8	132	neighbour	004E48F8
0052D4A8	_GLOBAL_$I$c__soft_age_src_gfx_ptsprite_cXuaaaa	32	neighbour	004E4980
0052D4C8	gfxAutoDetectRefresh_void	148	neighbour	004E49A0
0052D590	_GLOBAL_$I$c__soft_age_src_gfx_refresh_cpoaaaa	32	neighbour	004E4A70
0052D680	ageBeginUpdate_void	56	neighbour	004E4C70
0052D6B8	ageEndUpdate_void	88	neighbour	004E4CA8
0052DE00	ageExit_void	68	neighbour	004E53F0
0052DE48	default_ageExitConfirm_void	8	neighbour	004E5438
0052DF30	_GLOBAL_$I$c__soft_age_src_gfx_simple_cruaaaa	32	neighbour	004E55B0
0052E680	gfxState__SetTexGeneration_int_int_bool_int_int	396	neighbour	004E5D00
0052E810	gfxState__SetTexMatrix_int_Matrix44_const__ref	148	neighbour	004E5E90
0052E8A8	gfxState__SetLighting_bool	84	neighbour	004E5F28
0052E900	gfxState__SetClipEnable_bool	84	neighbour	004E5F80
0052E958	gfxState__LightEnable_int_bool	68	neighbour	004E5FD8
0052E9A0	gfxState__SetLight_int_gfxLight_const__ptr	536	neighbour	004E6020
0052EBB8	gfxState__DisableAllLights_void	64	neighbour	004E6238
0052EC38	gfxState__SetCull_gfxCullMode	92	neighbour	004E62B8
0052ECA0	gfxState__SetZFunc_gfxZFunc	32	neighbour	004E6320
0052EE68	gfxState__SetFogMode_gfxVertexFogMode	12	neighbour	004E64E8
0052EE88	gfxState__SetZWriteEnable_bool	64	neighbour	004E6508
0052EF08	gfxState__SetScissor_int_int_int_int	64	neighbour	004E6588
0052EF48	gfxState__SetColorMask_bool_bool	56	neighbour	004E65C8
0052EFE8	gfxState__SetDestAlphaEnable_bool	32	neighbour	004E6668
0052F060	gfxState__SetColorClamp_bool	40	neighbour	004E66E0
0052F088	gfxState__SetDitherMtx_signed_char__ptr__3	280	neighbour	004E6708
0052F230	gfxState__SetContext_bool	12	neighbour	004E68B0
0052F4E8	gfxState__Update_FOGPARAMS_void	196	neighbour	004E6B68
0052F898	gfxState__SetAmbient_unsigned_int	256	neighbour	004E6F18
0052FA30	gfxState__SetFogStart_float	32	neighbour	004E70B0
0052FA50	gfxState__SetFogEnd_float	32	neighbour	004E70D0
0052FC48	gfxTexturePalette__gfxTexturePalette_datResource__ref	16	neighbour	004E72C8
0052FC58	gfxTexturePalette__SetEntry_int_gfxImageRGBA	220	neighbour	004E72D8
0052FEF0	gfxTexturePalette__SetEntries_gfxImageRGBA_const__ptr	152	neighbour	004E7570
0052FF88	gfxTexturePalette__Update_void	8	neighbour	004E7608
0052FF90	gfxTexturePalette__Download_int	96	neighbour	004E7610
0052FFF0	vgl_VERTEX_VCT1_float_float_float	104	neighbour	004E7670
00530180	vglSetFormat_unsigned_int_unsigned_int_unsigned_int	124	neighbour	004E7800
00530608	vglWorldMatrix_Matrix34_const__ref	28	neighbour	004E7C38
00530648	vglDrawFlatCircle_float_Vector3_const__ref__int_bool	48	neighbour	004E7C78
00530678	vglDrawCircle_float_Vector3_const__ref__Vector3_const__ref__Vector3_const__ref__int_bool	504	neighbour	004E7CA8
00530870	vglDrawSphere_float_Vector3_const__ref__int_bool	184	neighbour	004E7EA0
00530928	vglDrawSphere_float_Matrix34_const__ref__int_bool	56	neighbour	004E7F58
00530960	vglDrawEllipsoid_Vector3_const__ref__Matrix34_const__ref__int_bool	864	neighbour	004E7F90
00530CD8	__static_initialization_and_destruction_0__004E8308	68	neighbour	004E8308
00530D20	_GLOBAL_$I$c__soft_age_src_gfx_vglext_cRpaaaa	32	neighbour	004E8350
00531590	gfxViewport__ResetScissor_void	28	neighbour	004E8BC0
00531A20	gfxViewport__ComputeFastSphereVisCheckMatrices_Matrix44_const__ptr__Matrix44__ptr__Matrix44__ptr__const	324	neighbour	004E9050
00531B70	gfxViewport__FastSphereVisCheck_Vector4_const__ref__float__ref__const	180	neighbour	004E91A0
00531C28	gfxViewport__FastSphereVisCheck_Vector4_const__ref__const	168	neighbour	004E9258
00531CD8	__static_initialization_and_destruction_0__004E9308	68	neighbour	004E9308
00531D20	_GLOBAL_$I$c__soft_age_src_gfx_viewport_coyaaaa	32	neighbour	004E9350
00531D40	__static_initialization_and_destruction_0__004E9370	124	neighbour	004E9370
00531DC0	_GLOBAL_$I$c__soft_age_src_gfx_pipecb_cYoaaaa	32	neighbour	004E93F0
005327C0	lgDevASync	136	neighbour	004E9DF0
00532848	fnReadEndFunc	56	neighbour	004E9E78
00532888	fnNOPEndFunc	8	neighbour	004E9EB8
00533700	snsocket_AllocThreadData	92	neighbour	004EA330
00533E68	sn_stack_state	264	neighbour	004EAA98
00534080	bind	232	neighbour	004EACB0
005342F8	getsockname	280	neighbour	004EAF28
00534580	listen	176	neighbour	004EB1B0
00535BA0	gethostname	292	neighbour	004EC670
00537CA0	sceScfGetLanguage	96	neighbour	004ECD48
00538180	_type2id	136	neighbour	004ECDF0
00538540	sceMpegAddStrCallback	248	neighbour	004ED1B0
00538638	_pack_header	336	neighbour	004ED2A8
00538788	_system_header	108	neighbour	004ED3F8
00539068	sceMpegDelete	8	neighbour	004EDCD8
005390C8	sceMpegGetPictureAbort	16	neighbour	004EDD38
00539150	sceMpegClearRefBuff	84	neighbour	004EDDC0
005391A8	sceMpegAddCallback	52	neighbour	004EDE18
005392A8	_alalcInit	20	neighbour	004EDF18
005392C0	_alalcSetDynamic	12	neighbour	004EDF30
005392D0	_alalcFree	12	neighbour	004EDF40
00539850	_initSeqAgain	12	neighbour	004EE4C0
00539940	_clearEach	200	neighbour	004EE5B0
00539AA8	_RefImageInit	32	neighbour	004EE718
00539E98	_initRefImages	224	neighbour	004EEB08
0053A188	_sequenceDisplayExtension	140	neighbour	004EEDF8
0053A258	_defStopDMA	36	neighbour	004EEEC8
0053A280	_defRestartDMA	36	neighbour	004EEEF0
0053AC08	_getRef0	1052	neighbour	004EF878
0053C2D8	_dualPrimeVector	388	neighbour	004F0F48
0053DFC0	_pictureCodingExtension	496	neighbour	004F2C30
0053E3D8	_pictureDisplayExtension	244	neighbour	004F3048
0053E4D0	_copyrightExtension	144	neighbour	004F3140
0053E630	_outputFrame	144	neighbour	004F32A0
0053E6C0	_updateRefImage	692	neighbour	004F3330
0053EA18	_cpr8	656	neighbour	004F3688
0053ECD0	_getPtsDtsFlags	372	neighbour	004F3940
0053EE48	_dispRefImage	272	neighbour	004F3AB8
0053EF58	_dispRefImageField	440	neighbour	004F3BC8
0053F430	_ch3dmaCSC	328	neighbour	004F40A0
0053F738	_ch4dma	212	neighbour	004F43A8
0053FA98	_sysbitInit	52	neighbour	004F4708
0053FAD0	_sysbitNext	28	neighbour	004F4740
0053FAF0	_sysbitFlush	152	neighbour	004F4760
0053FB88	_sysbitGet	76	neighbour	004F47F8
0053FBD8	_sysbitMarker	68	neighbour	004F4848
0053FC20	_sysbitJump	84	neighbour	004F4890
0053FC78	_sysbitPtr	44	neighbour	004F48E8
0053FCA8	setD3_CHCR	116	neighbour	004F4918
0053FD20	setD4_CHCR__004F4990	116	neighbour	004F4990
0053FD98	sceIpuStopDMA	228	neighbour	004F4A08
0053FE80	sceIpuRestartDMA	336	neighbour	004F4AF0
0053FFD0	sceIpuSync	104	neighbour	004F4C40
00540720	sceUsbKbSync	160	neighbour	004F5348
005407C0	rpccall_end	12	neighbour	004F53E8
005407D0	SetResult	100	neighbour	004F53F8
00540838	SetResult_GetInfo	88	neighbour	004F5460
00540890	SetResult_Read	1396	neighbour	004F54B8
00540E08	SetResult_GetLocation	76	neighbour	004F5A30
00540E58	SetResult_SetLEDStatus	32	neighbour	004F5A80
00540E78	SetResult_SetLEDMode	32	neighbour	004F5AA0
00540F20	clear_repbuf	48	neighbour	004F5B48
00540F50	push_repbuf	108	neighbour	004F5B78
00540FC0	pop_repbuf	104	neighbour	004F5BE8
00541028	cnv_keycode	332	neighbour	004F5C50
005412D0	cnv_keypad	112	neighbour	004F5EF8
00541348	_sceCd_cd_callback	160	neighbour	004F5F70
005414A8	_sceCd_cd_read_intr	184	neighbour	004F6018
00541680	_sceCd_Poff_Intr	84	neighbour	004F62A8
005418D0	sceCdNcmdDiskReady	152	neighbour	004F64F8
005424A8	sceCdSeek	204	neighbour	004F6CD8
00542E38	sceMcSeek	224	neighbour	004F7498
00542F18	mceIntrReadFixAlign	152	neighbour	004F7578
005430C8	sceMcWrite	376	neighbour	004F7728
00543638	sceMcFormat	204	neighbour	004F7E60
00543708	sceMcDelete	284	neighbour	004F7F30
00543840	sceMcUnformat	204	neighbour	004F8068
00543B70	scePadInit2	156	neighbour	004F8398
00544040	scePadGetState	120	neighbour	004F87E8
005440C0	scePadSetReqState	100	neighbour	004F8868
00544128	scePadGetReqState	80	neighbour	004F88D0
00544180	scePadInfoAct	288	neighbour	004F8928
005442A8	scePadInfoMode	312	neighbour	004F8A50
005443E0	scePadSetMainMode	180	neighbour	004F8B88
00544558	scePadSetActAlign	216	neighbour	004F8D00
00544630	scePadGetButtonMask	180	neighbour	004F8DD8
005446E8	scePadSetButtonInfo	176	neighbour	004F8E90
00544798	scePadInfoPressMode	92	neighbour	004F8F40
005447F8	scePadEnterPressMode	84	neighbour	004F8FA0
00544850	scePadExitPressMode	84	neighbour	004F8FF8
005448B8	scePadGetModVersion	100	neighbour	004F9060
00544DE8	sceGsResetGraph	400	neighbour	004F9590
00544F78	sceGsGetGParam	12	neighbour	004F9720
00545028	_GetGsDxDyOffset	16	neighbour	004F97D0
00545648	sceGsSyncV	148	neighbour	004F9DF0
00545D70	sceGsPutIMR	60	neighbour	004FA518
00545DB0	sceGsSetHalfOffset	136	neighbour	004FA558
00545E38	sceGsGetIMR	28	neighbour	004FA5E0
00545E58	isceGsPutIMR	60	neighbour	004FA600
00545E98	sceGszbufaddr	200	neighbour	004FA640
00545F60	sceGsSetDefDrawEnv	484	neighbour	004FA708
00546148	sceGsSetDefClear	260	neighbour	004FA8F0
00546258	memclr	52	neighbour	004FAA00
00546290	sceDmaReset	220	neighbour	004FAA38
00546370	sceDmaPutEnv	472	neighbour	004FAB18
00546680	AddIntcHandler	16	neighbour	004FAE40
00546690	AddIntcHandler2	16	neighbour	004FAE50
005466A0	RemoveIntcHandler	16	neighbour	004FAE60
005466F0	_DisableIntc	16	neighbour	004FAEB0
00546720	SetAlarm	16	neighbour	004FAEE0
00546730	ReleaseAlarm	16	neighbour	004FAEF0
005467A0	CreateThread	16	neighbour	004FAF60
005467C0	StartThread	16	neighbour	004FAF80
00546850	RotateThreadReadyQueue	16	neighbour	004FB010
005468C0	SleepThread	16	neighbour	004FB080
005468D0	WakeupThread	16	neighbour	004FB090
005468E0	_iWakeupThread	16	neighbour	004FB0A0
00546910	SuspendThread	16	neighbour	004FB0D0
005469A0	CreateSema	16	neighbour	004FB160
005469B0	DeleteSema	16	neighbour	004FB170
005469D0	iSignalSema	16	neighbour	004FB190
00546A40	SetOsdConfigParam	16	neighbour	004FB200
00546A50	GetOsdConfigParam	16	neighbour	004FB210
00546CB0	GsGetIMR	16	neighbour	004FB480
00546CC0	iGsGetIMR	16	neighbour	004FB490
00546CD0	GsPutIMR	16	neighbour	004FB4A0
00546CE0	iGsPutIMR	16	neighbour	004FB4B0
00546CF0	SetVSyncFlag	16	neighbour	004FB4D0
00546D90	isceSifSetDChain	16	neighbour	004FB550
00546DD0	Deci2Call	16	neighbour	004FB590
00546E00	GetMemorySize	16	neighbour	004FB5C0
00546E10	_InitTLB	16	neighbour	004FB5D0
00546E30	VSync	144	neighbour	004FB5F0
00546EC0	VSync2	164	neighbour	004FB680
005470E8	_sceIDC	164	neighbour	004FB878
00547190	InvalidDCache	124	neighbour	004FB920
00547218	DisableIntc	104	neighbour	004FB9A8
00547568	iWakeupThread	148	neighbour	004FBCF8
005476D0	_DelayThreadHandler	40	neighbour	004FBE60
005476F8	QueueInit	36	neighbour	004FBE88
00547720	QueuePeekWriteDone	60	neighbour	004FBEB0
00547900	sceTtyWrite	372	neighbour	004FC090
00547B38	kputchar	60	neighbour	004FC2C8
00547B78	deci2Putchar	176	neighbour	004FC308
00547C28	serialPutchar	52	neighbour	004FC3B8
00547C60	ftoi	148	neighbour	004FC3F0
005484F0	_set_sreg	28	neighbour	004FCC80
00548878	sceSifRemoveCmdHandler	76	neighbour	004FD008
00548A80	_sceSifCmdIntrHdlr	328	neighbour	004FD210
00548EE8	_sceRpcFreePacket	28	neighbour	004FD678
00548F08	_sceRpcGetFPacket	48	neighbour	004FD698
00548F38	_sceRpcGetFPacket2	64	neighbour	004FD6C8
00548F78	_request_end	204	neighbour	004FD708
00549048	_alarm_rdata	64	neighbour	004FD7D8
00549088	_request_rdata	208	neighbour	004FD818
00549158	_search_svdata	76	neighbour	004FD8E8
005491A8	_alarm_bind	64	neighbour	004FD938
005491E8	_request_bind	204	neighbour	004FD978
005493F8	_request_call	140	neighbour	004FDB88
00549680	sceSifCheckStatRpc	60	neighbour	004FDE10
005496C0	sceSifSetRpcQueue	148	neighbour	004FDE50
00549758	sceSifRegisterRpc	208	neighbour	004FDEE8
00549830	sceSifGetNextRequest	88	neighbour	004FDFC0
00549AF0	new_iob	136	neighbour	004FE280
00549B78	get_iob	108	neighbour	004FE308
00549BE8	_sceFs_Rcv_Intr	948	neighbour	004FE378
00549FA0	_sceFsSemInit	76	neighbour	004FE730
00549FF0	_sceFsWaitS	44	neighbour	004FE780
0054A020	_sceFsSigSema	12	neighbour	004FE7B0
0054A038	_sceFs_Poff_Intr	68	neighbour	004FE7C8
0054A318	sceFsReset	52	neighbour	004FEAA8
0054A5D8	sceClose	380	neighbour	004FED68
0054A758	sceLseek	568	neighbour	004FEEE8
0054A990	sceRead	608	neighbour	004FF120
0054ABF0	sceWrite	704	neighbour	004FF380
0054B6A0	sceSifLoadFileReset	56	neighbour	004FFFD0
0054B6D8	sceSifStopModule	520	neighbour	00500008
0054BAE8	sceSifUnloadModule	144	neighbour	00500210
0054BC40	_sceSifLoadModule	548	neighbour	00500350
0054BE68	sceSifLoadStartModule	28	neighbour	00500578
0054C1D0	supplement_crt0	72	neighbour	005008E0
0054C298	FindAddress	16	neighbour	005009A8
0054C2B0	InitSystemCallTableAddress	252	neighbour	005009C0
0054C3B0	setup__00500AC0	16	neighbour	00500AC0
0054C418	setup__00500B28	16	neighbour	00500B28
0054C428	Copy__00500B38	16	neighbour	00500B38
0054C438	kCopy__00500B48	56	neighbour	00500B48
0054C470	GetEntryAddress__00500B80	16	neighbour	00500B80
0054C480	PatchIsNeeded	104	neighbour	00500B90
0054C4E8	InitExecPS2	172	neighbour	00500BF8
0054C598	Copy__00500CA8	16	neighbour	00500CA8
0054C5A8	kCopy__00500CB8	48	neighbour	00500CB8
0054C5D8	setup__00500CE8	16	neighbour	00500CE8
0054C5E8	SetArg	280	neighbour	00500CF8
0054C700	TerminateLibrary	8	neighbour	00500E10
0054C708	LoadExecPS2	72	neighbour	00500E18
0054C750	Exit	40	neighbour	00500E60
0054C780	setup__00500E90	16	neighbour	00500E90
0054C790	Copy__00500EA0	16	neighbour	00500EA0
0054C7A0	kCopy__00500EB0	56	neighbour	00500EB0
0054C7D8	GetEntryAddress__00500EE8	16	neighbour	00500EE8
0054C7E8	InitAlarm	212	neighbour	00500EF8
0054C930	SetT2_COUNT	16	neighbour	00501040
0054C940	SetT2_MODE	16	neighbour	00501050
0054C950	SetT2_COMP	16	neighbour	00501060
0054CAC0	StartTimerSystemTime	144	neighbour	005011D0
0054CB58	SetNextComp	400	neighbour	00501268
0054CCE8	InsertAlarm	132	neighbour	005013F8
0054CD70	UnlinkAlarm	56	neighbour	00501480
0054CDA8	cbTimerHandler	672	neighbour	005014B8
0054D048	iGetTimerSystemTime	76	neighbour	00501758
0054D118	iAllocTimerCounter	112	neighbour	00501828
0054D188	AllocTimerCounter	72	neighbour	00501898
0054DA48	sceDeci2Open	68	neighbour	00501FC8
0054DA98	sceDeci2ReqSend	48	neighbour	00502018
0054DAC8	sceDeci2Poll	36	neighbour	00502048
0054DAF8	sceDeci2ExRecv	52	neighbour	00502078
0054DB30	sceDeci2ExSend	52	neighbour	005020B0
0054DB78	kputs	36	neighbour	005020F8
0054DBA8	Copy__00502128	16	neighbour	00502128
0054DBB8	kCopy__00502138	56	neighbour	00502138
0054DBF0	GetEntryAddress__00502170	16	neighbour	00502170
0054DC00	setup__00502180	16	neighbour	00502180
0054DC10	InitTLBFunctions	196	neighbour	00502190
0054DCD8	_SetTLBEntry	16	neighbour	00502258
0054E0A8	__do_global_ctors	176	neighbour	00502628
0054E158	__main	32	neighbour	005026D8
0054E8A8	__fixunsdfdi	236	neighbour	00502E28
0054EA90	__floatdidf	152	neighbour	00503010
0054F270	__muldi3	96	neighbour	005037F0
0054F2D0	__udivdi3	1488	neighbour	00503850
0054F8A0	__umoddi3	1344	neighbour	00503E20
0054FF10	__unpack_d	156	neighbour	00504490
0054FFB0	_fpadd_parts	576	neighbour	00504530
005501F0	dpadd	88	neighbour	00504770
00550248	dpsub	100	neighbour	005047C8
005502B0	dpmul	680	neighbour	00504830
00550558	dpdiv	360	neighbour	00504AD8
005506C0	__fpcmp_parts_d	276	neighbour	00504C40
005507D8	dpcmp	76	neighbour	00504D58
00550828	litodp	184	neighbour	00504DA8
005508E8	dptoul	160	neighbour	00504E68
005509B8	dptofp	84	neighbour	00504F38
00550A10	__pack_f	268	neighbour	00504F90
00550C78	__make_fp	44	neighbour	005051F8
00550CE8	mcPickUpManager__mcPickUpManager_void	40	neighbour	00505268
00550D10	mcPickUpManager__dtor_mcPickUpManager_void	204	neighbour	00505290
00550DE0	mcPickUpManager__Init_void	36	neighbour	00505360
00550E08	mcPickUpManager__Release_void	132	neighbour	00505388
00550E90	mcPickUpManager__OnRaceReset_void	108	neighbour	00505410
00551170	mcPickUpManager__GetPowerUpSource_int_const	20	neighbour	005056F0
00551188	mcPickUpManager__Update_void	180	neighbour	00505708
00551240	mcPickUpManager__UpdatePowerUpSources_void	108	neighbour	005057C0
005512B0	mcPickUpManager__CheckPlayerPowerUpSource_int	592	neighbour	00505830
00551500	mcPickUpManager__CheckAndPickupPowerup_int_mcRacer__ptr__mcPowerUpSource__ptr	384	neighbour	00505A80
005518C8	mcPickUpManager__HitPickup_mcRacer__ptr__int_bool_int	164	neighbour	00505E50
00551C50	mcTimerData__mcTimerData_void	16	neighbour	005061D8
00551C60	mcTimerData__TimedOut_void_const	40	neighbour	005061E8
00551C88	mcTimerData__ResetTimer_void	24	neighbour	00506210
00551CA0	mcTimerData__SetCountTime_float	8	neighbour	00506228
00551CA8	mcPowerUpSource__mcPowerUpSource_void	72	neighbour	00506230
00551CF0	mcPowerUpSource__dtor_mcPowerUpSource_void	92	neighbour	00506278
00551D50	mcPowerUpSource__OnRaceReset_int	52	neighbour	005062D8
00551D88	mcPowerUpSource__Init_void	268	neighbour	00506310
00551E98	mcPowerUpSource__SetActivationRadius_float	16	neighbour	00506420
00551EA8	mcPowerUpSource__SetDrawRadius_float	8	neighbour	00506430
00551EB0	mcPowerUpSource__SetPickupType_nsMcPowerUp__TPickupTypes	8	neighbour	00506438
00551F58	mcPowerUpSource__UpdatePowerUpSource_void	156	neighbour	005064A0
00551FF8	mcPowerUpSource__CheckPickUp_mcRacer_const__ptr	244	neighbour	00506540
005520F8	mcPowerUpSource__SetGotPickedUp_void	104	neighbour	00506640
00552160	mcPowerUpSource__SetActive_void	36	neighbour	005066A8
00552188	mcPowerUpSource__SetRandomPowerUpType_int	168	neighbour	005066D0
00552230	mcPowerUpSource__SetSpawnInterval_float	40	neighbour	00506778
00552468	mcPowerUpSourceFactory__Init_atArray_mcPowerUpSource_8_unsigned_short_65535__ref__int	340	neighbour	005069B0
00553360	mcPowerupTuneData__dtor_mcPowerupTuneData_void	40	neighbour	00507868
00555538	__static_initialization_and_destruction_0__00509750	68	neighbour	00509750
00555580	_GLOBAL_$I$c__soft_mc3_src_mcPowerUp_powerupgfx_cppDtaaaa	32	neighbour	00509798
00558280	ChangeWinding_mshPrimitive__ref__mshPrimitive_const__ref	972	neighbour	0050C498
00558650	Score_atBitSet__ref__mshPrimitive_const__ref__bool	8	neighbour	0050C868
00558658	BreakUpLongTristrips_mshArray_mshPrimitive_64__ref__mshArray_mshPrimitive_64_const__ref__int	1892	neighbour	0050C870
00558DC0	mshMaterial__Packetize_int_int_int	2908	neighbour	0050CFD8
00559928	mshMaterial__Tristrip_mshMesh_const__ref	536	neighbour	0050DB40
00559B48	Serialize_mshSerializer__ref__mshPrimitive__ref	36	neighbour	0050DD60
00559C18	mshBinding__Serialize_mshSerializer__ref	140	neighbour	0050DE30
00559CA8	Serialize_mshSerializer__ref__mshSkin__ref	108	neighbour	0050DEC0
00559D28	mshMesh__AddPos_Vector3_const__ref__bool_mshBinding_const__ptr__float	1364	neighbour	0050DF40
0055A280	mshMesh__AddNrm_Vector3_const__ref__bool_float	564	neighbour	0050E498
0055A4C0	mshMesh__AddCpv_Vector4_const__ref__bool_float	568	neighbour	0050E6D8
0055A6F8	mshMesh__AddTex0_Vector2_const__ref__bool_float	492	neighbour	0050E910
0055A8E8	mshMesh__AddTex1_Vector2_const__ref__bool_float	492	neighbour	0050EB00
0055AAD8	mshMesh__AddAdj_mshAdjunct_const__ref__bool	548	neighbour	0050ECF0
0055AD98	mshMesh__MakeSkinned_void	620	neighbour	0050EFB0
0055B050	mshAdjunct__Serialize_mshSerializer__ref	332	neighbour	0050F268
0055B1A0	Serialize_mshSerializer__ref__mshAdjunct__ref	36	neighbour	0050F3B8
0055B1F0	Serialize_mshSerializer__ref__mshTangentBinormal__ref	60	neighbour	0050F408
0055B538	mshPrimitive__Tristrip_mshMesh_const__ref__mshArray_mshPrimitive_64__ref__const	1064	neighbour	0050F750
0055B9D0	Serialize_mshSerializer__ref__mshPrimType__ref	280	neighbour	0050FBE8
0055BAE8	mshPrimitive__Serialize_mshSerializer__ref	168	neighbour	0050FD00
0055BB90	__static_initialization_and_destruction_0__0050FDA8	8	neighbour	0050FDA8
0055BB98	_GLOBAL_$I$c__soft_age_src_mesh_primitive_cazaaaa	32	neighbour	0050FDB0
0055BBB8	mshSerializer__BeginValue_char_const__ptr	160	neighbour	0050FDD0
0055BC58	mshSerializer__EndValue_void	52	neighbour	0050FE70
0055BC90	mshSerializer__BeginBlock_void	152	neighbour	0050FEA8
0055BD28	mshSerializer__EndBlock_void	152	neighbour	0050FF40
0055BDC0	Serialize_mshSerializer__ref__unsigned_short__ref	188	neighbour	0050FFD8
0055BE80	Serialize_mshSerializer__ref__unsigned_char__ref	92	neighbour	00510098
0055BEE0	Serialize_mshSerializer__ref__float__ref	92	neighbour	005100F8
0055BF40	Serialize_mshSerializer__ref__Vector2__ref	140	neighbour	00510158
0055BFD0	Serialize_mshSerializer__ref__Vector3__ref	140	neighbour	005101E8
0055C060	Serialize_mshSerializer__ref__Vector4__ref	140	neighbour	00510278
0055C240	CStripper__CreateStrip_int_int_int_int__ptr__int_int_int_int__ptr	1540	neighbour	00510458
0055C848	CStripper__CreateIndices_int_int_int__ptr__unsigned_short__ptr	924	neighbour	00510A60
0055CBE8	FindBestStrip_CStripList__ptr__CVertCache_const__ref	1044	neighbour	00510E00
0055D000	CStripper__FindBestCachedStrip_CStripList__ptr__CVertCache_const__ref	1112	neighbour	00511218
0055D458	CStripper__CreateLongStrip_CStripList__ptr__unsigned_short__ptr__ptr	908	neighbour	00511670
0055D7E8	CStripper__CreateCachedStrip_CStripList__ptr__unsigned_short__ptr__ptr	1652	neighbour	00511A00
0055DE60	CStripper__BuildStrips_CStripList__ptr__int_int_int_int	924	neighbour	00512078
0055E200	CStripper__InitTriangleInfo_int_int	460	neighbour	00512418
0055E3D0	CStripper__CStripper_int_unsigned_short__ptr__2	332	neighbour	005125E8
0055E520	CStripper__dtor_CStripper_void	100	neighbour	00512738
0055E588	CVertCache__Add_int_int	256	neighbour	005127A0
0055E688	CountCacheMisses_unsigned_int_unsigned_short__ptr	144	neighbour	005128A0
0055E718	TriStripToTriList_unsigned_int_unsigned_short_const__ptr__unsigned_short__ptr	140	neighbour	00512930
0055E7A8	Stripify_unsigned_int_unsigned_short_const__ptr__unsigned_int__ptr__unsigned_short__ptr__ptr__unsigned_int	792	neighbour	005129C0
0055EB60	parCsvFile__Kill_void	272	neighbour	00512D78
0055F2E0	parFileIO__operator_assign_parFileIO_const__ref	56	neighbour	005134F8
0055F318	parFileIO__Save_void	188	neighbour	00513530
0055F4E0	parFileIO__GetDirName_void	12	neighbour	005136F8
0055F500	parFileIO__AfterLoad_void	8	neighbour	00513718
0055F508	parFileIO__BeforeSave_void	8	neighbour	00513720
0055F540	datParser__datParser_char_const__ptr	152	neighbour	00513758
0055F5D8	datParser__dtor_datParser_void	228	neighbour	005137F0
0055F6C0	datParserRecord__dtor_datParserRecord_void	120	neighbour	005138D8
0055FA80	datParser__Save_datBaseTokenizer__ref__char_const__ptr	124	neighbour	00513C98
0055FB00	datParser__Save_Stream__ptr__char_const__ptr__bool	136	neighbour	00513D18
0055FB90	datParser__Save_char_const__ptr__char_const__ptr__char_const__ptr__bool	220	neighbour	00513DA8
0055FC70	datParser__SaveFailure_char_const__ptr	8	neighbour	00513E88
00560118	datParser__Write_datBaseTokenizer__ref__char_const__ptr	1072	neighbour	00514330
00560548	datParser__Indent_datBaseTokenizer__ref	120	neighbour	00514760
005605C0	datParser__InitClass_void	8	neighbour	005147D8
005605C8	datParser__ShutdownClass_void	8	neighbour	005147E0
005605D0	vehAudio__vehAudio_void	24	neighbour	005147E8
005605E8	vehAudio__dtor_vehAudio_void	40	neighbour	00514800
00560610	vehAudio__Reset_void	8	neighbour	00514828
00560618	vehAudio__Update_void	8	neighbour	00514830
00560620	vehDamage__vehDamage_void	32	neighbour	00514838
00560640	vehDamage__dtor_vehDamage_void	40	neighbour	00514858
00560668	vehDamage__Reset_void	12	neighbour	00514880
00560678	vehDamage__Update_void	8	neighbour	00514890
00560680	vehFeedback__vehFeedback_void	240	neighbour	00514898
00560770	vehFeedback__dtor_vehFeedback_void	76	neighbour	00514988
005607C0	vehFeedback__SetPad_ioPad__ptr	8	neighbour	005149D8
005607C8	vehFeedback__SetFeedback_bool	56	neighbour	005149E0
00560800	vehFeedback__IsEnabled_void	8	neighbour	00514A18
00560808	vehFeedback__SetTimingUnit_float	36	neighbour	00514A20
00560D68	vehInput__Update_void	8	neighbour	00514F78
00560D70	vehInput__SetStyle_int	8	neighbour	00514F80
00560D78	vehInput__GetStyle_void	8	neighbour	00514F88
00560D98	vehManager__vehManager_void	20	neighbour	00514FA8
00560DB0	vehManager__dtor_vehManager_void	40	neighbour	00514FC0
00560DD8	vehManager__AddEntry_vehEntity__ptr	8	neighbour	00514FE8
00560DE0	vehManager__DelEntry_vehEntity__ptr	8	neighbour	00514FF0
00560DE8	vehManager__Reset_void	8	neighbour	00514FF8
00560E00	vehManager__Update_void	8	neighbour	00515008
00560E08	vehModel__vehModel_void	24	neighbour	00515018
00560E20	vehModel__dtor_vehModel_void	40	neighbour	00515030
00560EE8	vehSim__vehSim_void	256	neighbour	005150F8
00560FE8	vehSim__dtor_vehSim_void	40	neighbour	005151F8
00561070	vehSim__Update_void	204	neighbour	00515280
00561140	vehSim__UpdateInput_void	8	neighbour	00515350
00561148	vehSim__UpdatePush_void	104	neighbour	00515358
005611B0	vehSim__UpdateBound_void	8	neighbour	005153C0
005611B8	vehSim__TestProbe_void	8	neighbour	005153C8
005611C0	vehSim__ApplyDamage_Vector3_const__ref__float	8	neighbour	005153D0
005611C8	vehSim__ClearDamage_void	8	neighbour	005153D8
005611D0	vehSim__OnGround_void	8	neighbour	005153E0
005614F0	mcCityEnvMap__dtor_mcCityEnvMap_void	80	neighbour	00515A68
00561920	mcCityEnvMap__Destroy_void	300	neighbour	00515E98
00561F18	mcCityEnvMap__CopyReflectedObjectsToFrame_void	1020	neighbour	00516490
00562420	mcCityEnvMap__EndRenderForReflectedObjects_void	44	neighbour	00516998
005624D8	mcCityEnvMap__DeleteCondition_void	84	neighbour	00516A50
00563990	mcCityEnvMap__DebugDraw_void	8	neighbour	00517E48
00564D18	mcRain__SetDensity_void	212	neighbour	00519350
00566070	mcRain__PointInPlane_groundSplashParams__ptr__Vector3__ref__float__ref	460	neighbour	0051AAC0
00566240	mcRain__UpdateSplashes_Vector3__ref__Matrix34__ref__float_bool_groundSplashParams__ptr	1188	neighbour	0051AC90
005666E8	groundSplash__groundSplash_void	24	neighbour	0051B138
005669F8	__static_initialization_and_destruction_0__0051B448	68	neighbour	0051B448
00566A40	_GLOBAL_$I$c__soft_mc3_src_mceffects_mcrain_cppHOaaaa	32	neighbour	0051B490
00566B30	mcShadow__UnloadStaticData_void	168	neighbour	0051B580
00566C28	__static_initialization_and_destruction_0__0051B678	8	neighbour	0051B678
00566C30	_GLOBAL_$I$c__soft_mc3_src_mceffects_mcshadow_cppCOaaaa	32	neighbour	0051B680
00567AE0	__static_initialization_and_destruction_0__0051C438	68	neighbour	0051C438
00567B28	_GLOBAL_$I$c__soft_mc3_src_mceffects_mcssttrail_cppUBaaaa	32	neighbour	0051C480
00567B50	rtRandom__rtRandom_void	248	neighbour	0051C4A8
00567C50	__static_initialization_and_destruction_0__0051C5A8	48	neighbour	0051C5A8
00567C80	_GLOBAL_$I$c__soft_mc3_src_mceffects_random_cppQBaaaa	32	neighbour	0051C5D8
00567CA0	fxSnowFlake__dtor_fxSnowFlake_void	100	neighbour	0051C5F8
00567D08	fxSnow__fxSnow_void	112	neighbour	0051C660
00567D78	fxSnow__dtor_fxSnow_void	80	neighbour	0051C6D0
00568118	fxSnow__Update_float	1276	neighbour	0051CA70
005688D0	fxSnowStorm__Reset_void	12	neighbour	0051D268
00568A18	fxSnowStorm__UpdateWind_void	468	neighbour	0051D3B0
005695A8	fxSnowStorm__Move_Vector3_const__ref	232	neighbour	0051DF08
00569690	fxSnowStorm__ShiftTilesLeft_void	272	neighbour	0051DFF0
005697A0	fxSnowStorm__ShiftTilesRight_void	248	neighbour	0051E100
00569898	fxSnowStorm__ShiftTilesUp_void	272	neighbour	0051E1F8
005699A8	fxSnowStorm__ShiftTilesDown_void	272	neighbour	0051E308
0056A368	turboSmoke__UnloadStaticData_void	140	neighbour	0051EE20
0056A6E8	screamSystem__Update_unsigned_int__ptr__int__AgeSndStatus__ptr__bool	176	neighbour	0051F1B8
0056A8A0	_GLOBAL_$I$c__soft_age_src_audio_driver_system_scream_cpplpaaaa	32	neighbour	0051F370
0056A8C8	piGetPrivateIP_void	152	neighbour	0051F398
0056AEB0	peerGetLocalPublicIP	8	neighbour	0051FBD0
0056AEE0	peerSendNatNegotiateCookie	28	neighbour	0051FC40
0056B0E8	piOperationsInit	68	neighbour	00520538
0056B158	piOperationsCleanup	56	neighbour	005205A8
0056B580	piQRNatNegotiateCallback_int_void__ptr	48	neighbour	00522E78
0056B5B0	piQRPublicAddressCallback_unsigned_int_unsigned_short_void__ptr	56	neighbour	00522EA8
0056BF18	piSendNatNegotiateCookie	96	neighbour	00524898
0056C018	piListGroupRoomsCopy_void__ptr__void__ptr	152	neighbour	00525098
0056C0B0	piListGroupRoomsFree_void__ptr	40	neighbour	00525130
0056C0D8	piListGroupRoomsCall_void__ptr__piCallbackData__ptr	80	neighbour	00525158
0056C188	piListingGamesCopy_void__ptr__void__ptr	136	neighbour	00525208
0056C210	piListingGamesFree_void__ptr	40	neighbour	00525290
0056C4A8	piNickErrorCopy_void__ptr__void__ptr	412	neighbour	005254F8
0056C648	piNickErrorFree_void__ptr	148	neighbour	00525698
0056C6E0	piNickErrorCall_void__ptr__piCallbackData__ptr	52	neighbour	00525730
0056E4C8	piCallbackListFree_void__ptr	84	neighbour	00527BC8
0056E520	piCallbacksInit	72	neighbour	00527C20
0056E568	piCallbacksCleanup	40	neighbour	00527C68
0056F030	vehEngineSoundData__vehEngineSoundData_void	272	neighbour	0052A298
0056F140	vehEngineSoundData__dtor_vehEngineSoundData_void	96	neighbour	0052A3A8
0056F370	vehEngineSoundData__AfterLoad_void	88	neighbour	0052A5D8
0056F3C8	vehEngineSoundData__vehEngineSoundData_datResource__ref	76	neighbour	0052A630
0056F418	vehFireSound__vehFireSound_void	52	neighbour	0052A680
0056F450	vehFireSound__dtor_vehFireSound_void	92	neighbour	0052A6B8
0056F4B0	vehFireSound__Init_vehFireSoundData_const__ptr	40	neighbour	0052A718
0056F4D8	vehFireSound__Start_sndControlVolumeGroup_const__ptr	104	neighbour	0052A740
0056F540	vehFireSound__Reset_void	56	neighbour	0052A7A8
0056F578	vehFireSound__Update_Vector3_const__ref	264	neighbour	0052A7E0
0056F680	vehFireSoundData__vehFireSoundData_void	108	neighbour	0052A8E8
0056F7D0	vehFireSoundData__vehFireSoundData_datResource__ref	20	neighbour	0052AA38
0056F7E8	vehHornSound__vehHornSound_void	52	neighbour	0052AA50
0056F820	vehHornSound__dtor_vehHornSound_void	92	neighbour	0052AA88
0056F880	vehHornSound__Init_vehHornSoundData_const__ptr	36	neighbour	0052AAE8
0056F8A8	vehHornSound__Start_sndControlVolumeGroup_const__ptr	104	neighbour	0052AB10
0056F910	vehHornSound__Reset_void	40	neighbour	0052AB78
0056F938	vehHornSound__Update_Vector3_const__ref	128	neighbour	0052ABA0
0056F9B8	vehHornSoundData__vehHornSoundData_void	68	neighbour	0052AC20
0056FA80	vehHornSoundData__vehHornSoundData_datResource__ref	20	neighbour	0052ACE8
0056FA98	vehSnd__vehSnd_void	28	neighbour	0052AD00
0056FAB8	vehSnd__dtor_vehSnd_void	104	neighbour	0052AD20
0056FB20	vehSnd__Init_vehSndData_const__ptr	8	neighbour	0052AD88
0056FB28	vehSnd__PreLoadSoundBank_void	76	neighbour	0052AD90
0056FB78	vehSnd__LoadSoundBank_bool	40	neighbour	0052ADE0
0056FBC0	vehSndData__vehSndData_void	24	neighbour	0052AE08
0056FC18	vehWheelSound__vehWheelSound_void	88	neighbour	0052AE60
00571108	vehWheelSoundData__vehWheelSoundData_datResource__ref	20	neighbour	0052C000
00571120	vehWindNoiseSound__vehWindNoiseSound_void	60	neighbour	0052C018
00571160	vehWindNoiseSound__dtor_vehWindNoiseSound_void	92	neighbour	0052C058
005711C0	vehWindNoiseSound__Init_vehWindNoiseSoundData_const__ptr	28	neighbour	0052C0B8
005711E0	vehWindNoiseSound__Start_sndControlVolumeGroup_const__ptr	116	neighbour	0052C0D8
00571258	vehWindNoiseSound__Reset_void	64	neighbour	0052C150
00571298	vehWindNoiseSound__Update_Vector3_const__ref	212	neighbour	0052C190
00571370	vehWindNoiseSoundData__vehWindNoiseSoundData_void	92	neighbour	0052C268
00571490	vehWindNoiseSoundData__vehWindNoiseSoundData_datResource__ref	20	neighbour	0052C388
00571888	GSICancelAvailableCheck	72	neighbour	0052C780
00571F60	mylsearch_void_const__ptr__void__ptr__int_int_int__ptr__void_const__ptr__void_const__ptr	144	neighbour	0052CF80
00571FF0	mybsearch_void_const__ptr__void__ptr__int_int_int__ptr__void_const__ptr__void_const__ptr__int__ptr	196	neighbour	0052D010
005725C0	MD5Init	60	neighbour	0052D748
00572600	MD5Update	240	neighbour	0052D788
005726F0	MD5Final	156	neighbour	0052D878
00572790	MD5Transform	4032	neighbour	0052D918
00573750	Encode	80	neighbour	0052E8D8
005737A0	Decode	96	neighbour	0052E928
00573800	MD5_memcpy	28	neighbour	0052E988
00573820	MD5_memset	28	neighbour	0052E9A8
00573840	MD5Print	112	neighbour	0052E9C8
005739A0	sAllocateCharacters	28	neighbour	0052EB28
00573D68	GetReceiveBufferSize	64	neighbour	0052EEF0
00573DA8	GetSendBufferSize	64	neighbour	0052EF30
00574070	getlocalhost	68	neighbour	0052F1F8
005740B8	IsPrivateIP	108	neighbour	0052F240
00574250	Util_RandSeed	40	neighbour	0052F3D8
005742D0	TripToQuart	168	neighbour	0052F458
00574378	B64Encode	364	neighbour	0052F500
00574B80	mcFeMemCard__DestroyWidgets_void	72	neighbour	0052FD08
005754A0	mcFeMemCard__SetResultCallback_Base__ptr__void_Base___ptr__Base__ptr__int	36	neighbour	00530498
00575568	mcFeMemCard__ProbeCard_bool	84	neighbour	005304E8
005755C0	mcFeMemCard__ProbeCardUpdate_void	176	neighbour	00530540
005756D8	mcFeMemCard__StartMonitoring_bool	84	neighbour	005305F0
00575730	mcFeMemCard__EndMonitoring_void	124	neighbour	00530648
005757B0	mcFeMemCard__MonitoringUpdate_void	172	neighbour	005306C8
00575AB8	mcFeMemCard__CreateNewSavegame_bool	136	neighbour	005309F8
00575C20	mcFeMemCard__UpdateSavegameItems_bool	204	neighbour	00530B60
00577518	mcFeMemCard__Format_void	80	neighbour	00531D08
00577630	mcFeMemCard__RequestMemcardStateOfFE_mcFeMemCard__AccessType	128	neighbour	00531E20
005777C0	mcFeMemCard__RequestEndOfMemcardStateOfFE_void	72	neighbour	00531F98
005786B8	atReferenceCounter__dtor_atReferenceCounter_void	40	neighbour	00532DF0
005786E0	atHash_atString_const__ref	52	neighbour	00532E18
00578718	atString___Append_char_const__ptr__int	220	neighbour	00532E50
005795C8	phInertialCS__UpdateVelocityFromForce_void	472	neighbour	00533C48
005797A0	phInertialCS__UpdatePositionFromVelocity_void	208	neighbour	00533E20
00579CA0	phInertialCS__UpdateOversample_float	364	neighbour	00534320
0057A318	phInertialCS__RotateICS_Vector3__ref	416	neighbour	00534998
0057A4B8	phInertialCS__MoveICS_void	164	neighbour	00534B38
0057A560	phInertialCS__Rotate_Vector3_const__ref	160	neighbour	00534BE0
0057A600	phInertialCS__CalcCollisionNoFriction_Vector3_const__ref__float_Vector3_const__ref__const	292	neighbour	00534C80
0057A778	phInertialCS__ApplyForce_Vector3_const__ref__Vector3_const__ref__int	292	neighbour	00534DF8
0057A8F0	phInertialCS__ApplyContactForce_Vector3_const__ref__Vector3_const__ref	292	neighbour	00534F70
0057ACD0	phInertialCS__ApplyImpulse_Vector3_const__ref__Vector3_const__ref__int	292	neighbour	00535350
0057B000	phInertialCS__ApplyAccelY_float	24	neighbour	00535680
0057B018	phInertialCS__ApplyAccelPitch_float	104	neighbour	00535698
0057B080	phInertialCS__ApplyAccelRoll_float	104	neighbour	00535700
0057B0E8	phInertialCS__ApplyAccelYaw_float	104	neighbour	00535768
0057B428	phInertialCS__ApplyPush_Vector3_const__ref__Vector3_const__ref__int	28	neighbour	00535AA8
0057B558	phInertialCS__GetInvMassMatrix_phImpactData_const__ref__Matrix34__ref__bool_phImpactData_const__ptr__const	72	neighbour	00535BD8
0057B938	phInertialCS__GetLocalFilteredVelocity_Vector3_const__ref__Vector3__ref__const	144	neighbour	00535FB8
0057B9C8	phInertialCS__GetLocalFilteredVelocity2_Vector3_const__ref__Vector3__ref__const	332	neighbour	00536048
0057BB18	phInertialCS__GetLocalFilteredDisp_Vector3_const__ref__Vector3__ref__int_const	152	neighbour	00536198
0057BBB0	phInertialCS__GetCMFilteredVelocity_Vector3__ref__const	112	neighbour	00536230
0057C060	phInertialCS__GetImpulse_float_Vector3__ptr__const	156	neighbour	005366E0
0057C558	phInertialCS__ClampVelocity_void	184	neighbour	00536BD8
0057C610	phInertialCS__PostUpdate_void	420	neighbour	00536C90
0057C7B8	phInertialCS__phInertialCS_datResource__ref	20	neighbour	00536E38
0057C890	phJoint__Init_phJointedICS__ptr__phJointedICS__ptr__Vector3_const__ref__Vector3_const__ref	280	neighbour	00536F10
0057C9A8	phJoint__Reset_void	108	neighbour	00537028
0057CB40	phJoint__ComputeInvMassMatrix_phInertialCS__ptr__Matrix34__ref__Vector3_const__ref__const	8	neighbour	005371C0
0057CB48	phJoint__ComputeJointForce_void	512	neighbour	005371C8
0057CD48	phJoint__ComputeJointPush_void	552	neighbour	005373C8
0057CF70	phJointedICS__phJointedICS_void	56	neighbour	005375F0
0057D038	phJointedICS__phJointedICS_datResource__ref	84	neighbour	005376B8
0057D090	phLinkedICSType__phLinkedICSType_void	36	neighbour	00537710
0057D0B8	phLinkedICSType__dtor_phLinkedICSType_void	68	neighbour	00537738
0057D100	phLinkedICSType__Init_int_int	248	neighbour	00537780
0057D1F8	phLinkedICSType__UndoInit_void	196	neighbour	00537878
0057D2C0	phLinkedICSType__AddLinkBall_int_int_float_Vector3_const__ref__Vector3_const__ref__Vector3_const__ref__float_float_float_float_float_phLinkedICSType__UpdateType_int	404	neighbour	00537940
0057D458	phLinkedICSType__AddLinkElbow_int_int_float_float_float_Vector3_const__ref__float_float_float_float_float_phLinkedICSType__UpdateType_int	304	neighbour	00537AD8
0057D588	phLinkedICSType__AddLink_phICSLinkType__ref__int_float_Vector3_const__ref__float_float_float_float_float_phLinkedICSType__UpdateType_int	288	neighbour	00537C08
0057D6A8	phLinkedICS__phLinkedICS_void	124	neighbour	00537D28
0057D728	phLinkedICS__dtor_phLinkedICS_void	152	neighbour	00537DA8
0057D7C0	phLinkedICS__Init_int	168	neighbour	00537E40
0057DC40	phLinkedICS__SetFullyPhysical_bool	84	neighbour	005382C0
0057DD38	phLinkedICS__Zero_void	140	neighbour	005383B8
0057DDC8	phLinkedICS__Freeze_void	140	neighbour	00538448
0057E098	phLinkedICS__GetInvMassMatrix_phImpactData_const__ref__Matrix34__ref__bool_phImpactData_const__ptr__const	92	neighbour	00538718
0057E0F8	phLinkedICS__ModifyInvMassMatrix_phImpactData_const__ref__Matrix34__ref__bool_const	220	neighbour	00538778
0057E2B0	phLinkedICS__ApplyImpulse_Vector3_const__ref__Vector3_const__ref__int	856	neighbour	00538930
0057E6F0	phLinkedICS__MoveICS_void	68	neighbour	00538D70
0057E780	__static_initialization_and_destruction_0__00538E00	332	neighbour	00538E00
0057E8D0	_GLOBAL_$I$c__soft_age_src_phinertia_linkedics_cpp8Aaaaa	32	neighbour	00538F50
0057E8F0	phLinkMotion__phLinkMotion_void	20	neighbour	00538F70
0057E908	phLinkMotion__dtor_phLinkMotion_void	48	neighbour	00538F88
0057E938	phLinkMotion__Reset_phICSLinkInstance__ref	8	neighbour	00538FB8
0057E940	phVelocityRecovery__phVelocityRecovery_void	52	neighbour	00538FC0
0057E978	phVelocityRecovery__dtor_phVelocityRecovery_void	40	neighbour	00538FF8
0057E9A0	phVelocityRecovery__UpdateBall_phLinkMotionData__ref	704	neighbour	00539020
0057EC60	phVelocityRecovery__UpdateElbow_phLinkMotionData__ref	608	neighbour	005392E0
0057EEC0	phUpdateMotion__phUpdateMotion_void	52	neighbour	00539540
0057EEF8	phUpdateMotion__dtor_phUpdateMotion_void	40	neighbour	00539578
0057EF20	phUpdateMotion__UpdateBall_phLinkMotionData__ref	1416	neighbour	005395A0
0057F4A8	phUpdateMotion__UpdateElbow_phLinkMotionData__ref	1032	neighbour	00539B28
0057F8B0	phRagdollConstraintMotion__UpdateBall_phLinkMotionData__ref	828	neighbour	00539F30
0057FBF0	phRagdollConstraintMotion__UpdateElbow_phLinkMotionData__ref	452	neighbour	0053A270
0057FDB8	phClampRecovery__phClampRecovery_phLinkMotion__phLinkMotionVar_phLinkMotion__phLinkMotionVar	84	neighbour	0053A438
0057FE10	phClampRecovery__dtor_phClampRecovery_void	40	neighbour	0053A490
0057FE38	phClampRecovery__UpdateBall_phLinkMotionData__ref	1096	neighbour	0053A4B8
00580280	phClampRecovery__UpdateElbow_phLinkMotionData__ref	1028	neighbour	0053A900
005810B0	mcUiGroup__DestroyWidgets_void	64	neighbour	0053BC98
005811D0	mcUiGroup__EnableInput_bool	76	neighbour	0053BDE8
00581500	mcUiHeading__dtor_mcUiHeading_void	76	neighbour	0053BFF0
005823A8	mcKeyboardKey__SetLabel_char_const__ptr	92	neighbour	0053CE90
00582408	mcKeyboardKey__SetShifted_char_const__ptr	92	neighbour	0053CEF0
00582920	mcUiKeyboard__CreateNewKey_char_const__ptr__char_const__ptr__int_int_short	156	neighbour	0053D378
00583530	mcUiKeyboard__GetKey_int_int	48	neighbour	0053DF70
00583560	mcUiKeyboard__AddToRow_char	64	neighbour	0053DFA0
005835A0	mcUiKeyboard__AddToColumn_char	64	neighbour	0053DFE0
00583938	mcUiKeyboard__AddToHotkeyIndex_int	292	neighbour	0053E350
00583A60	mcUiKeyboard__ToggleHotkeys_void	172	neighbour	0053E478
00584380	mcUiKeyboard__SetHotKeyMessage_char_const__ptr__int	184	neighbour	0053EC58
00584438	mcUiKeyboard__SetKeyBoardMessage_char_const__ptr	60	neighbour	0053ED10
00585DE0	mcUiKeyboard__CopyHotkeysFromLocalConfig_void	204	neighbour	00540590
00586098	mcUiKeyboard__SetInvalidName_void	120	neighbour	00540830
005861F8	mcUiKeyboard__SetMaxAllowedMessageLength_int	20	neighbour	00540990
00587048	mcUiListMenu__PrepareForUsage_void	192	neighbour	00541478
00587418	mcUiListMenu__DoRendering_void	1492	neighbour	00541808
005879F0	mcUiListMenu__AfterLoadingTuningData_void	8	neighbour	00541DE0
00587A18	mcUiListMenu__GetItemPtr_int_int_int	52	neighbour	00541E08
00587A50	mcUiListMenu__GetTextPtr_mcUiListMenu__Column__ref__int_int	48	neighbour	00541E40
00587D10	mcUiListMenu__IsCompletelyHidden_void	72	neighbour	00542038
00587DC0	mcUiListMenu__IsReadyForInput_void	12	neighbour	005420E8
00587DD0	mcUiListMenu__DefineImageColumn_int_bool	36	neighbour	005420F8
00587DF8	mcUiListMenu__DefineTextColumn_int_int_bool	52	neighbour	00542120
00587E38	mcUiListMenu__SetColumnWidth_int_int	24	neighbour	00542158
00588190	mcUiListMenu__SetColor_mcUiListMenu__ColorSet_Vector4_const__ref	20	neighbour	00542458
005881A8	mcUiListMenu__AddItemSimple_unsigned_long_unsigned_int_datCallback_int_unsigned_wchar_t_const__ptr	144	neighbour	00542470
005882C8	mcUiListMenu__AddItem_unsigned_long_unsigned_int_datCallback	532	neighbour	00542590
005884E0	mcUiListMenu__SetStringTableTextElement_void__ptr__int_char_const__ptr	92	neighbour	005427A8
00588540	mcUiListMenu__SetTextElement_void__ptr__int_unsigned_wchar_t_const__ptr	144	neighbour	00542808
005885D0	mcUiListMenu__SetImageElement_void__ptr__int_gfxTexture__ptr	20	neighbour	00542898
005885E8	mcUiListMenu__SetColumnSpan_void__ptr__int_int	20	neighbour	005428B0
005886B8	mcUiListMenu__StoreCursor_mcUiListMenu__Cursor__ref__int_bool	72	neighbour	005428C8
00588828	mcUiListMenu__ProcessInput_void	416	neighbour	00542A20
0058B3C0	mcUiMouse__GetX_void	48	neighbour	005448E8
0058B3F0	mcUiMouse__GetY_void	48	neighbour	00544918
0058B9F0	mcSndControl3dMultiple__mcSndControl3dMultiple_void	68	neighbour	00544998
0058BA40	mcSndControl3dMultiple__Play_void	124	neighbour	005449E8
0058BAC0	mcSndControl3dMultiple__Compute3D_Vector3_const__ref__Vector3_const__ref__float_float_const	200	neighbour	00544A68
0058BB88	mcSndControl3dMultiple__Update3DCalc_void	396	neighbour	00544B30
0058BD18	mcSndControl3dMultiple__Update_void	208	neighbour	00544CC0
0058BDE8	mcSndControl3dMultiple__SetPosition_int_Vector3_const__ref__float_float	100	neighbour	00544D90
0058C0C8	mcSoundFxArea__mcSoundFxArea_void	80	neighbour	00545070
0058C118	mcSoundFxArea__dtor_mcSoundFxArea_void	144	neighbour	005450C0
0058C1A8	mcSoundFxArea__Reset_void	64	neighbour	00545150
0058C528	mcSoundFxArea__SetVolumeGroup_sndControlVolumeGroup__ptr	28	neighbour	005454C8
0058C6F0	mcSoundRef__Reset_void	40	neighbour	00545690
0058C718	mcSoundRef__Update_void	48	neighbour	005456B8
0058C760	mcSoundRefMgr__Reset_void	116	neighbour	00545700
0058C7D8	mcSoundRefMgr__Update_void	116	neighbour	00545778
0058C8B0	crBone__Transform_Matrix34_const__ptr__Matrix34__ptr	184	neighbour	00545B78
0058C970	crBoneData__crBoneData_void	92	neighbour	00545C38
0058C9D0	crBoneData__crBoneData_datResource__ref	128	neighbour	00545C98
0058CF18	crBoneData__dtor_crBoneData_void	80	neighbour	005461E0
0058DA38	__static_initialization_and_destruction_0__00546D00	132	neighbour	00546D00
0058DAC0	_GLOBAL_$I$c__soft_age_src_crskeleton_bonedata_cppOiaaaa	32	neighbour	00546D88
0058E040	crSkeletonData__InitDOFInfo_void	216	neighbour	00547308
0058E118	crSkeletonData__InitMirror_void	612	neighbour	005473E0
0058E380	crSkeletonData__crSkeletonData_datResource__ref	140	neighbour	00547648
0058E410	__static_initialization_and_destruction_0__005476D8	64	neighbour	005476D8
0058E450	_GLOBAL_$I$c__soft_age_src_crskeleton_skeldata_cppMgaaaa	32	neighbour	00547718
0058E678	crSkeleton__dtor_crSkeleton_void	184	neighbour	00547940
0058E8E8	crSkeleton__Update_void	320	neighbour	00547BB0
0058EA28	crSkeleton__UpdateRemapped_int_unsigned_short_const__ptr	320	neighbour	00547CF0
0058ECC8	crSkeleton__TransformBoneByParent_int	152	neighbour	00547F90
0058EEA8	ioInput__Poll_void	8	neighbour	00548168
0058EFE8	Curve__dtor_Curve_void	112	neighbour	00548288
0058F6B8	Curve__GetNumVertices_void_const	8	neighbour	00548958
0058F6C8	Curve__Curve_datResource__ref	116	neighbour	00548968
0058F758	Pack11_nPItoPI_float	72	neighbour	005489F8
0058F7A0	Pack10_nPItoPI_float	72	neighbour	00548A40
0058F7F0	PackEulersTo32_Vector3_const__ref	84	neighbour	00548A90
0058F848	Vector2__Vector2_Vector3_const__ref__Vector2__eVector3Axes	104	neighbour	00548AE8
0058F8B0	Vector2__Angle_Vector2_const__ref__const	196	neighbour	00548B50
0058F978	Vector2__Print_char_const__ptr__const	8	neighbour	00548C18
0058F980	FindNegotiatorForCookie	148	neighbour	00548C20
0058FB18	NNFreeNegotiateList	56	neighbour	00548DB8
0058FB50	CheckMagic	40	neighbour	00548DF0
0058FBF0	GetLocalIP	180	neighbour	00548E90
0058FCA8	GetLocalPort	56	neighbour	00548F48
0058FCE0	SendInitPackets	436	neighbour	00548F80
0058FE98	SendPingPacket	192	neighbour	00549138
0058FF60	NameToIp	84	neighbour	00549200
0058FFB8	ResolveServers	120	neighbour	00549258
00590148	NNCancel	88	neighbour	005493E8
00590420	SendConnectAck	136	neighbour	005496C0
005904A8	ProcessConnectPacket	212	neighbour	00549748
00590580	ProcessPingPacket	212	neighbour	00549820
00590658	ProcessInitPacket	260	neighbour	005498F8
00590760	NNProcessData	340	neighbour	00549A00
00590950	mcSerializer__mcSerializer_void	60	neighbour	00549BF0
00590990	mcSerializer__SetBuffer_void__ptr__int	16	neighbour	00549C30
005909A0	mcSerializer__WriteHeader_short	80	neighbour	00549C40
005909F0	mcSerializer__UpdateHeader_void	16	neighbour	00549C90
00590A00	mcSerializer__ReadHeader_short_bool	276	neighbour	00549CA0
00590B18	mcSerializer__SetMode_unsigned_int	8	neighbour	00549DB8
00590B20	mcSerializer__FileDescriptor__FileDescriptor_void	20	neighbour	00549DC0
00590BD0	mcSerializer__FileDescriptor__WriteId_char_const__ptr__unsigned_int	108	neighbour	00549E70
00590D60	void_mcPgFileIOHelper__Write_char_const__ptr__mcSerializer__FileDescriptor__ref__char_const__ptr___ref__unsigned_int_char_const__ptr	196	neighbour	0054A000
00590E38	mcTimeSlicer__Reset_void	40	neighbour	0054A0D8
00590E60	mcTimeSlicer__Initialize_int_int	36	neighbour	0054A100
00590E88	mcTimeSlicer__OnCycleCompletion_void	28	neighbour	0054A128
00590EA8	mcTimeSlicer__AdvanceTimeSlice_void	56	neighbour	0054A148
00590EE0	mcTimeSlicer__ReInitializeTotalCount_int	48	neighbour	0054A180
00590F10	mcTimeSlicer__ReAdjustTimeSlice_void	48	neighbour	0054A1B0
00590F40	vehBaseCS__vehBaseCS_void	104	neighbour	0054A1E0
00590FA8	vehBaseCS__dtor_vehBaseCS_void	40	neighbour	0054A248
00591040	vehBaseCS__Reset_void	24	neighbour	0054A2E0
00591E68	vehTrackCS__UpdateCar_void	748	neighbour	0054B080
00593160	vehTrackCS__UpdateSwing_void	8	neighbour	0054C288
00594B18	vehTrackCS__SetTypeIncludeFlag_unsigned_int_bool	36	neighbour	0054CDD0
005952C8	SBQueryEngineSetPublicIP	8	neighbour	0054D500
00595A28	mcLightData__dtor_mcLightData_void	40	neighbour	0054DC50
00595A60	mcLightData__Init_char_const__ptr__Vector3_const__ref__Vector3_const__ref	180	neighbour	0054DC88
005961C8	mcCityShaderFactory__CreateGroup_int	116	neighbour	0054E2B8
00596240	mcCityTextureFactory__mcCityTextureFactory_void	52	neighbour	0054E330
00596360	mcShaderCityWindow__mcShaderCityWindow_void	52	neighbour	0054E450
00596398	mcShaderCityWindow__Load_char_const__ptr__char_const__ptr_const__ptr__int_rmcShaderGroup__ref	304	neighbour	0054E488
00597190	mcShaderFlareTexScroll__Load_char_const__ptr__char_const__ptr_const__ptr__int_rmcShaderGroup__ref	48	neighbour	0054E5B8
005971C0	mcShaderFlareTexScroll__Draw_rmcModel_const__ref__rmcShaderData_const__ptr__int_int_const	1112	neighbour	0054E5E8
00597660	mcShaderTexAnimation__dtor_mcShaderTexAnimation_void	188	neighbour	0054EA88
00597958	mcShaderTexAnimation__Bind_rmcShaderData_const__ptr__rmcShaderData_const__ptr__int_const	288	neighbour	0054ED70
00597A78	drwShaderGarageCarChrome__Load_char_const__ptr__char_const__ptr_const__ptr__int_rmcShaderGroup__ref	232	neighbour	0054EE90
00597B60	drwShaderGarageCarChrome__Bind_rmcShaderData_const__ptr__rmcShaderData_const__ptr__int_const	420	neighbour	0054EF78
00597D08	drwShaderGarageCarChrome__Draw_rmcModel_const__ref__rmcShaderData_const__ptr__int_int_const	140	neighbour	0054F120
00598960	CurveMgr__CurveMgr_datResource__ref	308	neighbour	0054FD50
00598A98	CurveNurbs__CurveNurbs_void	104	neighbour	0054FE88
00598B00	CurveNurbs__dtor_CurveNurbs_void	264	neighbour	0054FEF0
00598C08	CurveNurbs__PostInitVerts_void	36	neighbour	0054FFF8
00598C30	CurveNurbs__SolveSegment_Vector3__ref__int_float_float_Vector3__ptr	1624	neighbour	00550020
00599288	CurveNurbs__SolveSegmentSimple_Vector3__ref__int_float_Vector3__ptr__Vector3__ptr	1364	neighbour	00550678
005997E0	CurveNurbs__SolveSegmentSimpleBatch_int_Curve__ptr__ptr__Vector3__ptr__int_float_Vector3__ptr__ptr	1252	neighbour	00550BD0
0059AFC8	__static_initialization_and_destruction_0__005523A0	52	neighbour	005523A0
0059B000	_GLOBAL_$I$c__soft_age_src_veh_dyna_auto_cWuaaaa	32	neighbour	005523D8
0059B028	vehAutoMgr__vehAutoMgr_int	1168	neighbour	00552400
0059B4B8	vehAutoMgr__dtor_vehAutoMgr_void	40	neighbour	00552890
0059B4E0	vehAutoMgr__AddEntry_vehEntity__ptr	764	neighbour	005528B8
0059B7E0	vehAutoMgr__DelElement_void__ptr__ptr__int__ptr__void__ptr	188	neighbour	00552BB8
0059B8A0	vehAutoMgr__DelEntry_vehEntity__ptr	564	neighbour	00552C78
0059BAD8	vehAutoMgr__Reset_void	936	neighbour	00552EB0
0059BE80	vehAutoMgr__Update_void	1320	neighbour	00553258
0059C478	vehDriver__dtor_vehDriver_void	40	neighbour	00553850
0059C6C0	vehDriver__Update_void	1420	neighbour	00553A10
0059CC50	vehDriver__Draw_int	8	neighbour	00553FA0
0059CC60	vehDriverTune__vehDriverTune_datResource__ref	52	neighbour	00553FB0
0059CC98	vehDriverTune__GetDirName_void	12	neighbour	00553FE8
0059D280	vehGyro__Update_void	956	neighbour	005545D0
0059D640	vehGyroTune__vehGyroTune_void	88	neighbour	00554990
0059D698	vehGyroTune__vehGyroTune_datResource__ref	52	neighbour	005549E8
0059D6D0	vehGyroTune__GetDirName_void	12	neighbour	00554A20
0059D6E0	vehGyroTune__Lerp_float_vehGyroTune_const__ptr__vehGyroTune_const__ptr	220	neighbour	00554A30
0059D7C0	vehGyroTune__FileIO_datParser__ref	332	neighbour	00554B10
0059D910	vehInstance__vehInstance_void	56	neighbour	00554C60
0059D948	vehInstance__dtor_vehInstance_void	40	neighbour	00554C98
0059D970	vehInstance__PreImpact_phImpactBase__ptr__phInst__ptr	108	neighbour	00554CC0
0059D9E0	vehInstance__GetLocalVelocity_Vector3_const__ref__Vector3__ref__int_const	76	neighbour	00554D30
0059DA30	vehPlayerInput__vehPlayerInput_int	104	neighbour	00554D80
0059DA98	vehPlayerInput__dtor_vehPlayerInput_void	40	neighbour	00554DE8
0059DAC0	vehPlayerInput__Reset_void	64	neighbour	00554E10
0059DB00	vehPlayerInput__Init_vehChassis__ptr__vehInputTune_const__ptr	12	neighbour	00554E50
0059DB10	vehPlayerInput__GetSSSFactor_float_const	184	neighbour	00554E60
0059DEF0	vehPlayerInput__UpdateKeyboard_void	852	neighbour	00555240
0059E718	vehPlayerInput__AutoReverse_float	608	neighbour	00555A68
0059E978	vehPlayerInput__UpdateInput_void	124	neighbour	00555CC8
0059E9F8	vehPlayerInput__UpdateEffects_void	8	neighbour	00555D48
0059F7F8	vehStuckTune__vehStuckTune_datResource__ref	52	neighbour	00556B40
0059F830	vehStuckTune__GetDirName_void	12	neighbour	00556B78
0059F9B8	vehTelemetry__Reset_void	36	neighbour	00556C80
005A0628	txtMovieSubtitles__Update_void	64	neighbour	005577E0
005A0668	txtMovieSubtitles__GetDirName_void	12	neighbour	00557820
005A0708	mcBaGraph__Reset_void	8	neighbour	005578C0
005A0710	mcBaGraph__PlaceRandomPointsOnSurface_int_Random__ref__Vector3__ref__const	416	neighbour	005578C8
005A08B0	mcBaGraph__mcBaGraph_datResource__ref	220	neighbour	00557A68
005A09A0	mcGraphNode__dtor_mcGraphNode_void	36	neighbour	00557B58
005A09C8	mcGraphNode__GetVertex_mcBaGraph_const__ptr__int_const	32	neighbour	00557B80
005A13E0	mcFeedback__Reset_void	68	neighbour	00558510
005A1428	mcFeedback__GetCar_void_const	8	neighbour	00558558
005A1430	mcFeedback__SetCar_mcCar__ptr	8	neighbour	00558560
005A1438	mcFeedback__SetFeedbackLevel_mcFeedback__eFeedbackLevel	8	neighbour	00558568
005A1440	mcVehFactory__mcVehFactory_char_const__ptr__mcCarConfig_const__ptr	84	neighbour	00558570
005A1498	mcVehFactory__dtor_mcVehFactory_void	40	neighbour	005585C8
005A1758	camAppCS__dtor_camAppCS_void	40	neighbour	005588D0
005A2088	camAppCS__UpdateMaxDist_void	740	neighbour	00559200
005A2370	camAppCS__DApproach_float__ref__float_float_float_float__ref__float	300	neighbour	005594E8
005A2690	camPointCS__camPointCS_void	140	neighbour	00559808
005A2720	camPointCS__Reset_void	8	neighbour	00559898
005A2728	camPointCS__Update_void	120	neighbour	005598A0
005A27A0	camPolarCS__camPolarCS_void	144	neighbour	00559918
005A2830	camPolarCS__Reset_void	8	neighbour	005599A8
005A3168	mcBangerTriggerEvent__FireTrigger_void	120	neighbour	0055B4A8
005A31E0	mcBangerTriggerEvent__Update_float	364	neighbour	0055B520
005A3350	mcBangerTriggerEvent__ResetTriggerEvent_int	128	neighbour	0055B690
005A33D0	mcRaceBangerTriggerEvent__FireTrigger_void	92	neighbour	0055B710
005A3430	mcRaceBangerTriggerEvent__Update_float	84	neighbour	0055B770
005A3488	mcRaceBangerTriggerEvent__ResetTriggerEvent_int	56	neighbour	0055B7C8
005A34C0	mcTrigger__mcTrigger_void	144	neighbour	0055B800
005A3550	mcTrigger__dtor_mcTrigger_void	168	neighbour	0055B890
005A35F8	mcTrigger__Init_void	128	neighbour	0055B938
005A3678	mcTrigger__Release_void	196	neighbour	0055B9B8
005A3740	mcTrigger__Load_mcTriggerArrayFactory__ref__datAsciiTokenizer__ref	160	neighbour	0055BA80
005A3C10	mcTrigger__UpdateTrigger_void	260	neighbour	0055BF20
005A3D18	mcTrigger__SetTriggerActive_bool_float	160	neighbour	0055C028
005A46C8	mcTriggerArrayFactory__Init_atArray_mcTrigger__ptr__8_unsigned_short_65535__ref__int	200	neighbour	0055C930
005A48B8	mcTriggerArrayFactory__LoadLineTrigger_datAsciiTokenizer__ref	108	neighbour	0055CB20
005A4928	mcTriggerArrayFactory__LoadCircleTrigger_datAsciiTokenizer__ref	136	neighbour	0055CB90
005A49B0	mcTriggerArrayFactory__LoadTimerTrigger_datAsciiTokenizer__ref	108	neighbour	0055CC18
005A4A20	mcTriggerArrayFactory__AddTrigger_mcTrigger__ref	224	neighbour	0055CC88
005A4B00	mcTriggerArrayFactory__SetBasicTriggerEventProperties_mcTriggerEvent__ref__mcTriggerEventFileData_const__ref	20	neighbour	0055CD68
005A4FE8	mcTriggerEvent__mcTriggerEvent_void	68	neighbour	0055D210
005A5030	mcTriggerEvent__SetTriggerActive_bool_float	80	neighbour	0055D258
005A5080	mcTriggerEvent__ResetTimer_void	12	neighbour	0055D2A8
005A5090	mcTriggerEvent__DebugRecordReplay_void	8	neighbour	0055D2B8
005A5098	mcTriggerLine__mcTriggerLine_void	84	neighbour	0055D2C0
005A50F0	mcTriggerLine__dtor_mcTriggerLine_void	40	neighbour	0055D318
005A5118	mcTriggerLine__LoadTrigger_datAsciiTokenizer__ref	112	neighbour	0055D340
005A5188	mcTriggerLine__CheckTrigger_mcRacer_const__ref	276	neighbour	0055D3B0
005A52A0	mcTriggerLine__DebugDraw_void_const	1036	neighbour	0055D4C8
005A56B0	mcTriggerManager__mcTriggerManager_void	100	neighbour	0055D8D8
005A5718	mcTriggerManager__dtor_mcTriggerManager_void	168	neighbour	0055D940
005A57C0	mcTriggerManager__Init_void	36	neighbour	0055D9E8
005A57E8	mcTriggerManager__Release_void	104	neighbour	0055DA10
005A5850	mcTriggerManager__ReleaseTriggers_atArray_mcTrigger__ptr__8_unsigned_short_65535__ref	164	neighbour	0055DA78
005A58F8	mcTriggerManager__ResetTriggers_atArray_mcTrigger__ptr__8_unsigned_short_65535__ref	104	neighbour	0055DB20
005A5960	mcTriggerManager__ResetTriggers_void	84	neighbour	0055DB88
005A59B8	mcTriggerManager__LoadTrigger_datAsciiTokenizer__ref	84	neighbour	0055DBE0
005A5A10	mcTriggerManager__LoadTrigger_mcTrigger__ptr	228	neighbour	0055DC38
005A5AF8	mcTriggerManager__LoadTimerTrigger_datAsciiTokenizer__ref	84	neighbour	0055DD20
005A5B50	mcTriggerManager__PostLoadTrigger_void	124	neighbour	0055DD78
005A5BD0	mcTriggerManager__Update_void	168	neighbour	0055DDF8
005A5C78	mcTriggerManager__UpdateActiveTriggers_void	264	neighbour	0055DEA0
005A5D80	mcTriggerManager__CheckOpponentTrigger_int	228	neighbour	0055DFA8
005A5E68	mcTriggerManager__CheckPlayerTrigger_int	240	neighbour	0055E090
005A5F58	mcTriggerManager__AddActiveTrigger_mcTrigger__ref	228	neighbour	0055E180
005A6040	mcTriggerManager__AddAllTimerActiveTrigger_void	176	neighbour	0055E268
005A60F0	mcTriggerManager__Draw_void_const	356	neighbour	0055E318
005A6258	mcTriggerManager__OffsetAmbientVehicleId_int	64	neighbour	0055E480
005A6298	mcTriggerManager__OffsetAmbientVehicleId_atArray_mcTrigger__ptr__8_unsigned_short_65535__ref__int	120	neighbour	0055E4C0
005A6310	mcTriggerManager__FindActiveTrigger_mcTrigger_const__ref__const	56	neighbour	0055E538
005A63F8	mcTriggerManager__ResetOpponentNitro_int	132	neighbour	0055E620
005A8980	memSafeHeap__memSafeHeap_void	24	neighbour	00560950
005A8998	memSafeHeap__Init_memMemoryAllocator__ptr__unsigned_int_bool_bool_bool	108	neighbour	00560968
005A8A08	memSafeHeap__Restart_void	72	neighbour	005609D8
005A8A50	memSafeHeap__Activate_void	76	neighbour	00560A20
005A8AA0	memSafeHeap__Deactivate_void	36	neighbour	00560A70
005B0DB8	aiDrivePathSTRLMultiSeg__PushTurnAroundObstacles_Vector2__ref__float__ref__float__ref__Vector2_const__ref__Vector2_const__ref__Vector2_const__ref__float_float_float_int_aiDrivePathObstacle_const__ptr_const__ptr__const	8	neighbour	00568A88
005B0DC0	aiDrivePathSTRLMultiSeg__RaceStraight100_Vector2__ref__Vector2__ref__Vector2_const__ref__const	1252	neighbour	00568A90
005B12C0	ProjectPositionOntoCirclePerpAxis_Vector2__ref__Vector2_const__ref__Vector2_const__ref__float	268	neighbour	00568F90
005B13D0	SameSideOfLine_Vector2_const__ref__Vector2_const__ref__Vector2_const__ref__Vector2_const__ref	148	neighbour	005690A0
005B1468	TangentDistancesOnCircleToLine_Vector2_const__ref__float_Vector2_const__ref__Vector2_const__ref__float__ref__float__ref	80	neighbour	00569138
005B14B8	DistanceFromSegment_Vector2_const__ref__Vector2_const__ref__Vector2_const__ref__Vector2_const__ref__Vector2_const__ref__float__ref	348	neighbour	00569188
005B1618	FlatDistanceLineToPoint_Vector2_const__ref__Vector2_const__ref__Vector2_const__ref	160	neighbour	005692E8
005B16C0	OnRightSideOfLine_Vector3_const__ref__Vector3_const__ref__Vector3_const__ref	180	neighbour	00569390
005B1778	CurveToLine_Vector2__ref__float__ref__Vector2__ref__Vector2_const__ref__Vector2_const__ref__Vector2_const__ref__Vector2_const__ref	600	neighbour	00569448
005B19D0	CurveToSeg_Vector2__ref__float__ref__Vector2__ref__Vector2_const__ref__Vector2_const__ref__Vector2_const__ref__Vector2_const__ref__bool_bool	1280	neighbour	005696A0
005B1ED0	CurveToSeg_New_Vector2__ref__float__ref__Vector2__ref__Vector2_const__ref__Vector2_const__ref__Vector2_const__ref__Vector2_const__ref__bool	1308	neighbour	00569BA0
005B23F0	PointDownCircle_Vector2__ref__Vector2__ref__Vector2_float_Vector2_Vector2_float	396	neighbour	0056A0C0
005B2580	RampValue_float_float_float_float_float	48	neighbour	0056A250
005B25B0	TestCircleToSegment_Vector3_const__ref__float_Vector3_const__ref__Vector3_const__ref__float	388	neighbour	0056A280
005B2738	TestCircleToSegment_Vector2__ref__Vector2__ref__Vector2_const__ref__float_Vector2_const__ref__Vector2_const__ref	580	neighbour	0056A408
005B2980	CalcArcAngle_Vector2_const__ref__Vector2_const__ref__Vector2_const__ref__Vector2_const__ref	216	neighbour	0056A650
005B2A58	TestArcRayToSegment_Vector2__ref__float__ref__float__ref__Vector2_const__ref__float_Vector2_const__ref__Vector2_const__ref__Vector2_const__ref__Vector2_const__ref__Vector2_const__ref	388	neighbour	0056A728
005B2BE0	CalcCircleToTwoPointsAndTangent_Vector2__ref__float__ref__Vector2_const__ref__Vector2_const__ref__Vector2_const__ref__bool	212	neighbour	0056A8B0
005B2CB8	CalcCircleToThreePoints_Vector2__ref__float__ref__Vector2_const__ref__Vector2_const__ref__Vector2_const__ref	360	neighbour	0056A988
005B2E20	CalcCirclesToTwoPointsAndLine_Vector2__ref__float__ref__float__ref__Vector2__ref__float__ref__float__ref__Vector2_const__ref__Vector2_const__ref__Vector2_const__ref__Vector2_const__ref	940	neighbour	0056AAF0
005B31D0	CalcCircleToPointAndTwoRays_Vector2__ref__float__ref__float__ref__float__ref__Vector2_const__ref__Vector2_const__ref__Vector2_const__ref__Vector2_const__ref	960	neighbour	0056AEA0
005B3590	CalcCircleToPointAndTwoLines_Vector2__ref__float__ref__float__ref__float__ref__Vector2_const__ref__Vector2_const__ref__Vector2_const__ref__Vector2_const__ref__Vector2_const__ref	348	neighbour	0056B260
005B36F0	CalcTurnCircleToNextITurnCircle_Vector2__ref__float__ref__Vector2__ref__Vector2_const__ref__Vector2_const__ref__Vector2_const__ref__Vector2_const__ref	568	neighbour	0056B3C0
005B3928	aiVehSteer__aiVehSteer_aiDrivePathSTRLInterface__ref	56	neighbour	0056B5F8
005B3960	aiVehSteer__dtor_aiVehSteer_void	48	neighbour	0056B630
005B3990	aiVehSteer__Reset_void	132	neighbour	0056B660
005B3A18	aiVehSteer__ResetResult_void	48	neighbour	0056B6E8
005B3A48	aiVehSteer__InitPositions_Vector3_const__ref__Vector3_const__ref__float_Vector2_const__ref__Vector2_const__ref__int_bool	304	neighbour	0056B718
005B3B78	aiVehSteer__InitDrivepath_aiDrivePath_const__ref	44	neighbour	0056B848
005B3BA8	aiVehSteer__DebugDraw_float_bool_bool_bool_const	148	neighbour	0056B878
005B3C40	aiVehSteer__GetResult_Vector3__ref__float__ref__float__ref__const	44	neighbour	0056B910
005B3C78	aiVehSteer__SetResultTurn_Vector2_const__ref__float_float	44	neighbour	0056B948
005B3CA8	aiVehSteer__TurnPrimitive_float_float_bool	164	neighbour	0056B978
005B3D50	aiVehSteer__PushTurn_Vector2_float_float	340	neighbour	0056BA20
005B3EA8	aiVehSteer__PushTurnAroundObstacles_int_aiDrivePathObstacle_const__ptr_const__ptr__float_float	8	neighbour	0056BB78
005B3EB0	aiVehSteerSTRL__aiVehSteerSTRL_aiDrivePathSTRLInterface__ref	60	neighbour	0056BB80
005B3EF0	aiVehSteerSTRL__dtor_aiVehSteerSTRL_void	40	neighbour	0056BBC0
005B3F18	aiVehSteerSTRL__Reset_void	236	neighbour	0056BBE8
005B4008	aiVehSteerSTRL__ResetResult_void	28	neighbour	0056BCD8
005B4028	aiVehSteerSTRL__InitPositions_Vector3_const__ref__Vector3_const__ref__float_Vector3_const__ref__Vector3_const__ref__int_bool	192	neighbour	0056BCF8
005B40E8	aiVehSteerSTRL__CollectShouldPassCurrentSS_void	28	neighbour	0056BDB8
005B5DC0	aiVehSteerSTRL__CalculateLine200_void	404	neighbour	0056D948
005B5F60	crfAnimation__crfAnimation_void	60	neighbour	0056DAE8
005B5FA0	crfAnimation__dtor_crfAnimation_void	224	neighbour	0056DB28
005B6090	crfAnimation__Pose_crSkeleton__ref__int_const	48	neighbour	0056DC18
005B61D0	crfAnimation__Pack_float_int	72	neighbour	0056DD58
005B6218	crfAnimation__GetChannelRange_int	40	neighbour	0056DDA0
005B6C80	crfAnimation__crfAnimation_datResource__ref	184	neighbour	0056E808
005B6D38	__static_initialization_and_destruction_0__0056E8C0	96	neighbour	0056E8C0
005B6D98	_GLOBAL_$I$c__soft_age_src_crfanimation_animation_cppbJaaaa	32	neighbour	0056E920
005B6DB8	crfAnimFrame__crfAnimFrame_void	16	neighbour	0056E940
005B6DC8	crfAnimFrame__crfAnimFrame_datResource__ref	32	neighbour	0056E950
005B6DE8	crfAnimFrame__dtor_crfAnimFrame_void	80	neighbour	0056E970
005B6E38	crfAnimFrame__Init_int	80	neighbour	0056E9C0
005B6E90	crfAnimFrame__Pose_crSkeleton__ref__unsigned_char_const__ptr__atBitSet_const__ref__bool_const	824	neighbour	0056EA18
005B71D0	crfAnimFrame__GetMappedChannel_int_atBitSet_const__ref	76	neighbour	0056ED58
005B7228	crfAnimFrame__GetPackedVec_int_unsigned_char_const__ptr__atBitSet_const__ref__const	348	neighbour	0056EDB0
005B7388	crfAnimFrame__GetVector_int_unsigned_char_const__ptr__atBitSet_const__ref__const	400	neighbour	0056EF10
005B7528	__static_initialization_and_destruction_0__0056F0B0	140	neighbour	0056F0B0
005B75B8	_GLOBAL_$I$c__soft_age_src_crfanimation_frame_cppCDaaaa	32	neighbour	0056F140
005B8610	TaggedStream__Open_Stream__ptr	128	neighbour	0057A430
005B8A20	mcLoadScreenTransition__dtor_mcLoadScreenTransition_void	40	neighbour	0057B898
005B8A48	mcLoadScreenTransition__GetDirName_void	12	neighbour	0057B8C0
005B8A80	mcGameAudio__UpdateInstance_void	40	neighbour	0057B8F8
005B8AB8	mcStatEntry__ptr____lower_bound_mcStatEntry__ptr__mcStatEntry_int_mcStatEntry__ptr__mcStatEntry__ptr__mcStatEntry_const__ref__int__ptr	140	neighbour	0057B930
005B8DC8	__uninitialized_copy_aux__H2ZP11mcStatEntryZP11mcStatEntry_X01X01X11G12__false_type_X11	60	neighbour	0057BC40
005B8E08	vector_mcStatEntry_allocator_mcStatEntry____M_insert_aux_mcStatEntry__ptr__mcStatEntry_const__ref	596	neighbour	0057BC80
005B9088	mcLayerMovie__GetName_void_const	12	neighbour	0057BF10
005B90B8	mcLayerRace__GetName_void_const	12	neighbour	0057BF20
005B9258	mcNetFactoryDerived__CreateManagerThread_netSocket__ptr__int_int	28	neighbour	0057BF88
005B9278	mcCarConfig__dtor_mcCarConfig_void	80	neighbour	0057BFA8
005B92D8	mcNetManagerDerived__GetThread_void_const	8	neighbour	0057C008
005B9350	mcLayerGarage__GetName_void_const	12	neighbour	0057C088
005B93A0	mcTrashMgr__SetRenderStates_mcPassTypes_const	8	neighbour	0057C0C8
005B93A8	mcTrashMgr__RestoreRenderStates_mcPassTypes_const	8	neighbour	0057C0D0
005B94A0	mcSpotlightMgr__dtor_mcSpotlightMgr_void	80	neighbour	0057C1C8
005B94F0	mcSpotlightMgr__SetRenderStates_mcPassTypes_const	8	neighbour	0057C218
005B94F8	mcSpotlightMgr__RestoreRenderStates_mcPassTypes_const	8	neighbour	0057C220
005B9500	_$_t13CullableClass4Z14mcSpotlightMgrZ15mcCullableClassi12820mcCullableClassOrder13	80	neighbour	0057C228
005B9578	mcLightMappedParticleBirthRule__dtor_mcLightMappedParticleBirthRule_void	28	neighbour	0057C280
005B95D0	mcRoadReflectorSystem__SetRenderStates_mcPassTypes_const	8	neighbour	0057C2F8
005B95D8	mcRoadReflectorSystem__RestoreRenderStates_mcPassTypes_const	8	neighbour	0057C300
005B9638	virtual_function_thunk_delta_36_for_mcSenseOfSpeed__dtor_mcSenseOfSpeed_void	116	neighbour	0057C360
005B96D0	virtual_function_thunk_delta_36_for_mcSenseOfSpeed__GetDirName_void	12	neighbour	0057C3F8
005B96F0	_$_t13CullableClass4Z14mcSenseOfSpeedZ15mcCullableClassi12820mcCullableClassOrder14	80	neighbour	0057C418
005B9740	mcSenseOfSpeed__dtor_mcSenseOfSpeed_void	120	neighbour	0057C468
005B97D0	mcSenseOfSpeed__RestoreRenderStates_mcPassTypes_const	8	neighbour	0057C4F8
005B9898	virtual_function_thunk_delta_36_for_mcColorFilter__GetDirName_void	12	neighbour	0057C5C0
005B98B8	_$_t13CullableClass4Z13mcColorFilterZ15mcCullableClassi12820mcCullableClassOrder12	80	neighbour	0057C5E0
005B9908	mcColorFilter__dtor_mcColorFilter_void	120	neighbour	0057C630
005B9998	mcColorFilter__RestoreRenderStates_mcPassTypes_const	8	neighbour	0057C6C0
005BACC0	virtual_function_thunk_delta_44_for_aiAmbientType__dtor_aiAmbientType_void	28	neighbour	0057DD70
005BAD00	virtual_function_thunk_delta_44_for_aiAmbientType__AfterLoad_void	28	neighbour	0057DDB0
005BAD60	aiAmbientWindowDamage__GetDirName_void	12	neighbour	0057DE10
005BADB0	aiAmbientType__LoadTypeData_char_const__ptr__char_const__ptr	8	neighbour	0057DE60
005BB078	virtual_function_thunk_delta_48_for_aiAmbientVehicle__GetVelocity_Vector3__ref__const	28	neighbour	0057E0E8
005BB098	virtual_function_thunk_delta_48_for_aiAmbientVehicle__GetLocalVelocity_Vector3_const__ref__Vector3__ref__int_const	28	neighbour	0057E108
005BB260	aiAmbientVehicle__ObstacleMatrix_void_const	8	neighbour	0057E270
005BB960	lightGlowCondition__dtor_lightGlowCondition_void	28	neighbour	0057E4F8
005BB980	lightGlowCondition__GetDirName_void	12	neighbour	0057E518
005BB9F0	mcCullableType__ptr__mcCullableClass__LoadType_mcInstCityModelType_mcInstCityModelType__ptr__char_const__ptr__char_const__ptr	180	neighbour	0057E590
005BBAA8	mcInstCityModelClass__dtor_mcInstCityModelClass_void	80	neighbour	0057E648
005BBAF8	mcInstCityModel__GetCenter_void_const	8	neighbour	0057E698
005BBB00	mcInstCityModel__GetCullCenter_void_const	8	neighbour	0057E6A0
005BBB08	_$_t13CullableClass4Z20mcInstCityModelClassZ15mcCullableClassi7920mcCullableClassOrder2	80	neighbour	0057E6A8
005BBBB0	_$_t13CullableClass4Z13mcSkyHatClassZ15mcCullableClassi220mcCullableClassOrder0	80	neighbour	0057E750
005BBC28	mcConditionVariables__dtor_mcConditionVariables_void	28	neighbour	0057E7C8
005BBE50	mcHudClock__SharedDataNumberOfViewports__dtor_SharedDataNumberOfViewports_void	28	neighbour	0057E9D8
005BBED0	hudDamage__SharedData__dtor_SharedData_void	28	neighbour	0057EA38
005BBF20	hudDropCounter__SharedData__dtor_SharedData_void	28	neighbour	0057EAA8
005BBF40	hudDropCounter__SharedDataNumberOfViewports__dtor_SharedDataNumberOfViewports_void	28	neighbour	0057EAC8
005BC0E8	hudElement__Reset_void	8	neighbour	0057EB18
005BC0F0	hudElement__SetHudColor_mcPackedColor4_const__ref	8	neighbour	0057EB20
005BC0F8	hudElement__PositionHasChanged_void	8	neighbour	0057EB28
005BC100	hudFlag__SharedData__dtor_SharedData_void	28	neighbour	0057EB30
005BC140	hudGear__SharedData__dtor_SharedData_void	28	neighbour	0057EB70
005BC160	hudGear__SharedDataNumberOfViewports__dtor_SharedDataNumberOfViewports_void	28	neighbour	0057EB90
005BC1B0	hudLapCounter__SharedData__dtor_SharedData_void	28	neighbour	0057EBE0
005BC210	hudLapCounter__SharedDataNumberOfViewports__dtor_SharedDataNumberOfViewports_void	28	neighbour	0057EC00
005BC260	hudMap__SharedDataAllTypes__dtor_SharedDataAllTypes_void	28	neighbour	0057EC50
005BC2A8	hudMap__ShouldDrawIcons_void_const	8	neighbour	0057EC90
005BC2B0	hudMap__DrawHookmanName_Vector3_Vector2_const__ref__unsigned_wchar_t_const__ptr	8	neighbour	0057EC98
005BC2E8	hudMap__SetViewportParameters_void	8	neighbour	0057ECC0
005BC2F0	hudMapLocal__SharedDataLocalMap__dtor_SharedDataLocalMap_void	28	neighbour	0057ECC8
005BC320	hudMapLocal__SharedDataLocalMap__DrawHookmanName_Vector3_Vector2_const__ref__unsigned_wchar_t_const__ptr	8	neighbour	0057ECF8
005BC388	hudMapLocal__DrawRaceInfo_void	8	neighbour	0057ED50
005BC390	hudMapGlobal__SharedDataGlobalMap__dtor_SharedDataGlobalMap_void	28	neighbour	0057ED58
005BC3D8	hudMapGlobal__Reset_void	36	neighbour	0057ED98
005BC440	hudMapGlobalCareer__DrawRaceInfo_void	8	neighbour	0057EE00
005BCAC0	hudNitro__SharedData__dtor_SharedData_void	28	neighbour	0057F2A0
005BCAE0	hudNitro__SharedDataNumberOfViewports__dtor_SharedDataNumberOfViewports_void	28	neighbour	0057F2C0
005BCB40	hudPowerup__SharedData__dtor_SharedData_void	28	neighbour	0057F310
005BCB80	hudSSTurbo__SharedData__dtor_SharedData_void	28	neighbour	0057F350
005BCBA0	hudSSTurbo__SharedDataNumberOfViewports__dtor_SharedDataNumberOfViewports_void	28	neighbour	0057F370
005BCBF0	mcHudTimer__SharedData__dtor_SharedData_void	28	neighbour	0057F3C0
005BCC10	mcHudTimer__SharedDataNumberOfViewports__dtor_SharedDataNumberOfViewports_void	28	neighbour	0057F3E0
005BCC60	hudRankDisplay__SharedData__dtor_SharedData_void	28	neighbour	0057F430
005BCC80	hudRankDisplay__SharedDataNumberOfViewports__dtor_SharedDataNumberOfViewports_void	28	neighbour	0057F450
005BCCD0	hudRearViewMirror__SharedData__dtor_SharedData_void	28	neighbour	0057F4A0
005BCCF0	hudRearViewMirror__SharedDataNumberOfViewports__dtor_SharedDataNumberOfViewports_void	28	neighbour	0057F4C0
005BCD68	hudSpeedometer__SharedData__dtor_SharedData_void	28	neighbour	0057F518
005BCD88	hudSpeedometer__SharedData__GetTypeName_void	12	neighbour	0057F558
005BCE00	hudSplashBase__GetQueueData_void	8	neighbour	0057F5C8
005BCE18	hudSplashText__dtor_hudSplashText_void	40	neighbour	0057F5E8
005BCEA0	hudSplashAnim__FileIO_datParser__ref__char_const__ptr	8	neighbour	0057F670
005BCEA8	hudSplashSimpleZoomInAnim__dtor_hudSplashSimpleZoomInAnim_void	40	neighbour	0057F678
005BCED0	hudSplashToTimerAnim__dtor_hudSplashToTimerAnim_void	40	neighbour	0057F6A0
005BCEF8	hudTachometer__SharedData__dtor_SharedData_void	28	neighbour	0057F6C8
005BCF18	hudTachometer__SharedDataNumberOfViewports__dtor_SharedDataNumberOfViewports_void	28	neighbour	0057F6E8
005BCF38	hudTachometer__SharedData__GetTypeName_void	12	neighbour	0057F708
005BCF48	hudTachometer__SharedDataNumberOfViewports__GetTypeName_void	12	neighbour	0057F718
005BCF58	hudTachometer__GetTypeName_void	12	neighbour	0057F728
005BCF68	hudZoneMeter__SharedData__dtor_SharedData_void	28	neighbour	0057F738
005BCF88	hudZoneMeter__SharedDataNumberOfViewports__dtor_SharedDataNumberOfViewports_void	28	neighbour	0057F758
005BD028	rmcLodStatic__IsPlaced_rmcShaderGroup_const__ref__const	8	neighbour	0057F898
005BD030	rmcLodStatic__IsResident_Place_rmcShaderGroup_const__ref__const	8	neighbour	0057F8A0
005BD158	void_Serialize_unsigned_char_mshSerializer__ref__mshArray_unsigned_char_64__ref	560	neighbour	0057F9C8
005BD388	bool_SerializeFromStream_mshArray_unsigned_char_64_Stream__ptr__mshArray_unsigned_char_64__ref	104	neighbour	0057FBF8
005BD3F0	void_Serialize_Vector4_mshSerializer__ref__mshArray_Vector4_64__ref	796	neighbour	0057FC60
005BD710	bool_SerializeFromStream_mshArray_Vector4_64_Stream__ptr__mshArray_Vector4_64__ref	104	neighbour	0057FF80
005BD7E0	mshMesh__dtor_mshMesh_void	532	neighbour	00580050
005BD9F8	mshMaterial__dtor_mshMaterial_void	320	neighbour	00580268
005BDB60	rmcShader__SetRemapInfo_void	8	neighbour	005803B8
005BDE80	mcForceField__UsingOldBreakSystem_void_const	8	neighbour	005806E8
005BDEB0	mcPhysicsSurfaceMgr__ReassigningMaterials_void	8	neighbour	00580718
005BDEB8	phPolytree_phQuadtreeCell___CullSpherePolys_Vector3_const__ref__float_int__ref__unsigned_short__ptr__ref__const	304	neighbour	00580720
005BE208	mcCarDamageTune__dtor_mcCarDamageTune_void	28	neighbour	00580A50
005BE348	mcCarCamShakeTune__dtor_mcCarCamShakeTune_void	28	neighbour	00580B68
005BE380	mcRiderShaderTune__dtor_mcRiderShaderTune_void	40	neighbour	00580BA0
005BE3A8	mcRiderShaderTune__GetDirName_void	12	neighbour	00580BC8
005BE3E0	mcDriverTune__dtor_mcDriverTune_void	28	neighbour	00580BF8
005BE400	opponentTuneStaticData__GetDirName_void	12	neighbour	00580C18
005BE420	mcPowerUpType__RenderOwnLightning_void	8	neighbour	00580C38
005BE428	mcPowerUpType__Pickup_mcCar__ptr	8	neighbour	00580C40
005BE430	mcPowerUpType__Activate_mcCar__ptr__bool	8	neighbour	00580C48
005BE438	mcPowerUpType__Deactivate_mcCar__ptr	8	neighbour	00580C50
005BE440	mcPowerUpType__StartShooting_mcCar__ptr__bool	8	neighbour	00580C58
005BE448	mcPowerUpType__StopShooting_mcCar__ptr	8	neighbour	00580C60
005BE450	mcPowerUpType__UpdateActive_mcCar__ptr	8	neighbour	00580C68
005BE458	mcPowerUpTypeNitro__dtor_mcPowerUpTypeNitro_void	28	neighbour	00580C70
005BE478	mcPowerUpTypeIce__dtor_mcPowerUpTypeIce_void	28	neighbour	00580C90
005BE498	mcPowerUpTypeReverseControlsSteering__dtor_mcPowerUpTypeReverseControlsSteering_void	28	neighbour	00580CB0
005BE4B8	mcPowerUpTypeSwapPosition__dtor_mcPowerUpTypeSwapPosition_void	28	neighbour	00580CD0
005BE4D8	mcPowerUpTypeStealthMode__dtor_mcPowerUpTypeStealthMode_void	28	neighbour	00580CF0
005BE4F8	mcPowerUpTypeStealthMode__RenderOwnLightning_void	8	neighbour	00580D10
005BE500	mcPowerUpTypeDisrupter__dtor_mcPowerUpTypeDisrupter_void	28	neighbour	00580D18
005BE520	mcPowerUpTypeQuadDamage__dtor_mcPowerUpTypeQuadDamage_void	28	neighbour	00580D38
005BE540	mcPowerUpTypeBouncy__dtor_mcPowerUpTypeBouncy_void	28	neighbour	00580D58
005BE560	mcPowerUpTypeGo__dtor_mcPowerUpTypeGo_void	28	neighbour	00580D78
005BE580	mcPowerUpTypeStop__dtor_mcPowerUpTypeStop_void	28	neighbour	00580D98
005BE5A0	mcPowerUpTypePulse__dtor_mcPowerUpTypePulse_void	28	neighbour	00580DB8
005BE5C0	mcPowerUpTypePulse__RenderOwnLightning_void	8	neighbour	00580DD8
005BE5C8	mcPowerUpTypeDecoy__dtor_mcPowerUpTypeDecoy_void	28	neighbour	00580DE0
005BE798	carWindowDamage__GetDirName_void	12	neighbour	00580ED8
005BE840	_$_t13CullableClass4Z16rmcCarModelClassZ15mcCullableClassi142820mcCullableClassOrder10	80	neighbour	00580F80
005BE890	mcCarSuspensionSoundData__dtor_mcCarSuspensionSoundData_void	40	neighbour	00580FD0
005BE8B8	mccarBackFireData__dtor_mccarBackFireData_void	40	neighbour	00580FF8
005BE968	mcCarStuckTune__dtor_mcCarStuckTune_void	28	neighbour	005810B8
005BE988	mcCarModelLightGlowSet__GetDirName_void	12	neighbour	005810D8
005BE9C0	csManager__FireOffGeneric_char_const__ptr	8	neighbour	00581108
005BE9C8	csManager__FireOffEndScene_void	8	neighbour	00581110
005BE9D0	csManager__FireOffMarkScene_int	8	neighbour	00581118
005BE9D8	csManager__FireOffPTX_ParticleTag__ptr	8	neighbour	00581120
005BE9E0	csManager__FireOffDepthOfFieldFX_DepthOfFieldFXTag__ptr	8	neighbour	00581128
005BE9E8	csManager__FireOffPlayAudio_char_const__ptr	8	neighbour	00581130
005BE9F0	csManager__FireOffClipPlane_float_float	8	neighbour	00581138
005BE9F8	csManager__FireOffCastDraw_rmcDrawable__ptr__crSkeleton__ptr__Matrix34__ptr	8	neighbour	00581140
005BEA00	csManager__FindGameObject_char_const__ptr	8	neighbour	00581148
005BEFB8	CamPositions__dtor_CamPositions_void	28	neighbour	005816B8
005C2AB0	virtual_function_thunk_delta_112_for_mcBangerObstacle__ObstacleInstance_void	8	neighbour	00584AF8
005C2AB8	virtual_function_thunk_delta_112_for_mcBangerObstacle__ObstacleClass_void_const	8	neighbour	00584B00
005C2AC0	virtual_function_thunk_delta_32_for_mcBangerAnimatedObstacleLit__dtor_mcBangerAnimatedObstacleLit_void	212	neighbour	00584B08
005C2B98	virtual_function_thunk_delta_32_for_mcBanger__GetClassType_void_const	8	neighbour	00584BE0
005C2BA0	virtual_function_thunk_delta_32_for_mcBanger__PreCalcImpact_phImpactBase__ptr__phInst__ptr	28	neighbour	00584BE8
005C2BC0	virtual_function_thunk_delta_32_for_mcBanger__PreImpact_phImpactBase__ptr__phInst__ptr	28	neighbour	00584C08
005C2BE0	virtual_function_thunk_delta_32_for_mcBanger__ActivateInLevel_phLevel__ptr	28	neighbour	00584C28
005C2C00	virtual_function_thunk_delta_32_for_mcBanger__GetInactiveImpulseLimit_void_const	28	neighbour	00584C48
005C2C20	virtual_function_thunk_delta_32_for_mcBanger__GetActiveImpulseLimit_void_const	28	neighbour	00584C68
005C2C40	virtual_function_thunk_delta_32_for_mcBanger__FindBreakStrength_phImpact_const__ptr__float__ptr__phImpactData_const__ptr__phBreakData__ptr__const	28	neighbour	00584C88
005C2C80	virtual_function_thunk_delta_32_for_mcBanger__GetNumCompositeParts_void_const	28	neighbour	00584CC8
005C2CA0	virtual_function_thunk_delta_32_for_mcBanger__GetBrokenPartMatrix_int_const	28	neighbour	00584CE8
005C2CC0	virtual_function_thunk_delta_32_for_mcBanger__GetBrokenPartInstance_int	28	neighbour	00584D08
005C2CE0	virtual_function_thunk_delta_32_for_mcBanger__UsingOldBreakSystem_void_const	8	neighbour	00584D28
005C2CE8	virtual_function_thunk_delta_112_for_mcBangerAnimatedObstacle__dtor_mcBangerAnimatedObstacle_void	164	neighbour	00584D30
005C2D90	virtual_function_thunk_delta_32_for_mcBangerAnimatedObstacle__dtor_mcBangerAnimatedObstacle_void	164	neighbour	00584DD8
005C2E38	virtual_function_thunk_delta_112_for_mcBangerObstacleLit__dtor_mcBangerObstacleLit_void	164	neighbour	00584E80
005C2EE0	virtual_function_thunk_delta_32_for_mcBangerObstacleLit__dtor_mcBangerObstacleLit_void	164	neighbour	00584F28
005C2F88	virtual_function_thunk_delta_112_for_mcBangerObstacle__dtor_mcBangerObstacle_void	100	neighbour	00584FD0
005C2FF0	virtual_function_thunk_delta_32_for_mcBangerObstacle__dtor_mcBangerObstacle_void	104	neighbour	00585038
005C3058	virtual_function_thunk_delta_32_for_mcBangerAnimatedLit__dtor_mcBangerAnimatedLit_void	140	neighbour	005850A0
005C30E8	virtual_function_thunk_delta_32_for_mcBangerAnimated__dtor_mcBangerAnimated_void	92	neighbour	00585130
005C3148	virtual_function_thunk_delta_32_for_mcBangerLit__dtor_mcBangerLit_void	92	neighbour	00585190
005C31A8	virtual_function_thunk_delta_32_for_mcBanger__dtor_mcBanger_void	28	neighbour	005851F0
005C31C8	mcBangerBase__dtor_mcBangerBase_void	80	neighbour	00585210
005C3BF8	virtual_function_thunk_delta_96_for_mcPropFixedObstacle__ObstacleInstance_void	8	neighbour	00585C30
005C3C00	virtual_function_thunk_delta_96_for_mcPropFixedObstacle__ObstacleClass_void_const	8	neighbour	00585C38
005C3C08	virtual_function_thunk_delta_32_for_mcPropFixedAnimatedObstacleLit__dtor_mcPropFixedAnimatedObstacleLit_void	236	neighbour	00585C40
005C3CF8	virtual_function_thunk_delta_32_for_mcPropFixed__GetClassType_void_const	8	neighbour	00585D30
005C3D20	virtual_function_thunk_delta_96_for_mcPropFixedAnimatedObstacle__dtor_mcPropFixedAnimatedObstacle_void	164	neighbour	00585D58
005C3DC8	virtual_function_thunk_delta_32_for_mcPropFixedAnimatedObstacle__dtor_mcPropFixedAnimatedObstacle_void	164	neighbour	00585E00
005C3E70	virtual_function_thunk_delta_96_for_mcPropFixedObstacleLit__dtor_mcPropFixedObstacleLit_void	188	neighbour	00585EA8
005C3F30	virtual_function_thunk_delta_32_for_mcPropFixedObstacleLit__dtor_mcPropFixedObstacleLit_void	188	neighbour	00585F68
005C3FF0	virtual_function_thunk_delta_96_for_mcPropFixedObstacle__dtor_mcPropFixedObstacle_void	100	neighbour	00586028
005C4058	virtual_function_thunk_delta_32_for_mcPropFixedObstacle__dtor_mcPropFixedObstacle_void	104	neighbour	00586090
005C40C0	virtual_function_thunk_delta_32_for_mcPropFixedAnimatedLit__dtor_mcPropFixedAnimatedLit_void	164	neighbour	005860F8
005C4168	virtual_function_thunk_delta_32_for_mcPropFixedAnimated__dtor_mcPropFixedAnimated_void	92	neighbour	005861A0
005C41C8	virtual_function_thunk_delta_32_for_mcPropFixedLit__dtor_mcPropFixedLit_void	120	neighbour	00586200
005C4240	virtual_function_thunk_delta_32_for_mcPropFixed__dtor_mcPropFixed_void	28	neighbour	00586278
005C4260	mcPropFixed__SetMatrix_Matrix34_const__ref	156	neighbour	00586298
005C4300	mcPropFixed__GetMatrix_void_const	8	neighbour	00586338
005C4308	mcPropFixed__GetCenter_void_const	8	neighbour	00586340
005C4310	mcPropFixedLit__CreateLights_Matrix34_const__ref	36	neighbour	00586348
005C4338	mcPropFixedLit__DestroyLights_void	32	neighbour	00586370
005C4358	mcPropFixedLit__dtor_mcPropFixedLit_void	116	neighbour	00586390
005C4A80	virtual_function_thunk_delta_32_for_mcPropCollectableAnimatedLit__dtor_mcPropCollectableAnimatedLit_void	140	neighbour	00586AB8
005C4B30	virtual_function_thunk_delta_32_for_mcPropCollectableAnimated__dtor_mcPropCollectableAnimated_void	92	neighbour	00586B68
005C4B90	virtual_function_thunk_delta_32_for_mcPropCollectableLit__dtor_mcPropCollectableLit_void	92	neighbour	00586BC8
005C4BF0	virtual_function_thunk_delta_44_for_mcPropAnimatedObstacleLit__dtor_mcPropAnimatedObstacleLit_void	200	neighbour	00586C28
005C4CB8	virtual_function_thunk_delta_44_for_mcPropObstacle__ObstacleMatrix_void_const	28	neighbour	00586CF0
005C4CD8	virtual_function_thunk_delta_44_for_mcPropObstacle__ObstacleVelocity_void_const	12	neighbour	00586D10
005C5868	mcNetFactory__CreateManagerThread_netSocket__ptr__int_int	28	neighbour	005878A8
005C5888	mcNetFactory__CreatePeer_void	28	neighbour	005878C8
005C58A8	mcNetFactory__CreateThreadPeer_void	28	neighbour	005878E8
005C58C8	mcNetFactory__CreateProtocol_void	28	neighbour	00587908
005C5920	atSList_mcNetGame___Append_atSNode_mcNetGame__ref	44	neighbour	00587960
005C5950	atSList_mcNetGame___RemoveNext_atSNode_mcNetGame__ptr	92	neighbour	00587990
005C59B0	mcNetGame__dtor_mcNetGame_void	84	neighbour	005879F0
005C6C80	mcRaceTag__GetCaptureLimit_void	8	neighbour	00588CA8
005C7110	mcRacerData__IsPlayer_void_const	8	neighbour	00589120
005C7120	mcPlayerData__dtor_mcPlayerData_void	40	neighbour	00589130
005C7148	mcPlayerData__GetName_void_const	8	neighbour	00589158
005C7150	mcPlayerData__IsPlayer_void_const	8	neighbour	00589160
005C7158	mcOpponentData__GetName_void_const	8	neighbour	00589168
005C7178	mcRaceBase__OnRaceGo_void	8	neighbour	00589180
005C7D68	virtual_function_thunk_delta_16_for_aiOpponent__dtor_aiOpponent_void	28	neighbour	00589CE8
005C7D88	virtual_function_thunk_delta_16_for_aiOpponent__ObstacleClass_void_const	8	neighbour	00589D08
005C7DB0	mc3DrivePath__dtor_mc3DrivePath_void	28	neighbour	00589D30
005C7EF8	aiStateIdle__dtor_aiStateIdle_void	48	neighbour	00589E38
005C7F28	aiStateIdle__GetName_void_const	12	neighbour	00589E68
005C7F58	aiStatePatrol__dtor_aiStatePatrol_void	48	neighbour	00589E78
005C7F98	aiStatePatrol__GetIgnoreObstacles_void_const	8	neighbour	00589EB8
005C7FA0	aiStatePatrolRoute__dtor_aiStatePatrolRoute_void	48	neighbour	00589EC0
005C8000	aiStateRace__dtor_aiStateRace_void	28	neighbour	00589F00
005C8020	aiStateRace__GetName_void_const	12	neighbour	00589F20
005C8030	aiStateShortcutDrive__dtor_aiStateShortcutDrive_void	48	neighbour	00589F30
005C8070	aiStateShortcutDrive__Leave_void	8	neighbour	00589F70
005C8078	aiStateShortcutDrive__Update_Vector3__ref__Vector3__ref__float__ref__float__ref	8	neighbour	00589F78
005C8080	aiSteerSourcePG__dtor_aiSteerSourcePG_void	28	neighbour	00589F80
005C80A0	aiObstacleFlag__dtor_aiObstacleFlag_void	40	neighbour	00589FA0
005C80C8	aiObstacleFlag__ObstacleMatrix_void_const	8	neighbour	00589FC8
005C80D0	aiObstacleFlag__ObstacleVelocity_void_const	8	neighbour	00589FD0
005C8228	aiState__Reset_void	8	neighbour	0058A0C0
005C8230	aiState__UpdateRS_aiRaceSpheres__ref__float__ref	8	neighbour	0058A0C8
005C8238	aiState__GetName_void_const	12	neighbour	0058A0D0
005C8248	aiState__GetIgnoreObstacles_void_const	8	neighbour	0058A0E0
005C8250	aiState__GetShouldLeave_void_const	8	neighbour	0058A0E8
005C8280	_Rb_tree_uiStaticString_pair_uiStaticString_const_atPtr_uiWidget__Select1st_pair_uiStaticString_const_atPtr_uiWidget_less_uiStaticString_allocator_atPtr_uiWidget____M_erase__Rb_tree_node_pair_uiStaticString_const_atPtr_uiWidget__ptr	152	neighbour	0058A0F8
005C8318	_Rb_tree_unsigned_int_pair_unsigned_int_const_atPtr_uiWidget__Select1st_pair_unsigned_int_const_atPtr_uiWidget_less_unsigned_int_allocator_atPtr_uiWidget____M_erase__Rb_tree_node_pair_unsigned_int_const_atPtr_uiWidget__ptr	120	neighbour	0058A190
005C8390	_Rb_tree_uiStaticString_pair_uiStaticString_const_unsigned_int__Select1st_pair_uiStaticString_const_unsigned_int_less_uiStaticString_allocator_unsigned_int____M_erase__Rb_tree_node_pair_uiStaticString_const_unsigned_int__ptr	108	neighbour	0058A208
005C8738	_Rb_tree_uiStaticString_pair_uiStaticString_const_atPtr_uiWidget__Select1st_pair_uiStaticString_const_atPtr_uiWidget_less_uiStaticString_allocator_atPtr_uiWidget____M_insert__Rb_tree_node_base__ptr___Rb_tree_node_base__ptr__pair__734b4728a3	1028	neighbour	0058A5B0
005C8B40	_Rb_tree_uiStaticString_pair_uiStaticString_const_atPtr_uiWidget__Select1st_pair_uiStaticString_const_atPtr_uiWidget_less_uiStaticString_allocator_atPtr_uiWidget___insert_unique_pair_uiStaticString_const_atPtr_uiWidget_const__ref	420	neighbour	0058A9B8
005C8CE8	_Rb_tree_unsigned_int_pair_unsigned_int_const_atPtr_uiWidget__Select1st_pair_unsigned_int_const_atPtr_uiWidget_less_unsigned_int_allocator_atPtr_uiWidget____M_insert__Rb_tree_node_base__ptr___Rb_tree_node_base__ptr__pair_unsigne__0b1e38954d	932	neighbour	0058AB60
005C9090	_Rb_tree_unsigned_int_pair_unsigned_int_const_atPtr_uiWidget__Select1st_pair_unsigned_int_const_atPtr_uiWidget_less_unsigned_int_allocator_atPtr_uiWidget___insert_unique_pair_unsigned_int_const_atPtr_uiWidget_const__ref	344	neighbour	0058AF08
005C91E8	_Rb_tree_uiStaticString_pair_uiStaticString_const_atPtr_uiWidget__Select1st_pair_uiStaticString_const_atPtr_uiWidget_less_uiStaticString_allocator_atPtr_uiWidget___lower_bound_uiStaticString_const__ref	116	neighbour	0058B060
005C9260	_Rb_tree_uiStaticString_pair_uiStaticString_const_atPtr_uiWidget__Select1st_pair_uiStaticString_const_atPtr_uiWidget_less_uiStaticString_allocator_atPtr_uiWidget___upper_bound_uiStaticString_const__ref	116	neighbour	0058B0D8
005C92D8	_Rb_tree_uiStaticString_pair_uiStaticString_const_atPtr_uiWidget__Select1st_pair_uiStaticString_const_atPtr_uiWidget_less_uiStaticString_allocator_atPtr_uiWidget___erase__Rb_tree_iterator_pair_uiStaticString_const_atPtr_uiWidget__d2bebf2423	1720	neighbour	0058B150
005C9990	_Rb_tree_uiStaticString_pair_uiStaticString_const_atPtr_uiWidget__Select1st_pair_uiStaticString_const_atPtr_uiWidget_less_uiStaticString_allocator_atPtr_uiWidget___erase_uiStaticString_const__ref	320	neighbour	0058B808
005C9AD0	_Rb_tree_unsigned_int_pair_unsigned_int_const_atPtr_uiWidget__Select1st_pair_unsigned_int_const_atPtr_uiWidget_less_unsigned_int_allocator_atPtr_uiWidget___lower_bound_unsigned_int_const__ref	64	neighbour	0058B948
005C9B10	_Rb_tree_unsigned_int_pair_unsigned_int_const_atPtr_uiWidget__Select1st_pair_unsigned_int_const_atPtr_uiWidget_less_unsigned_int_allocator_atPtr_uiWidget___upper_bound_unsigned_int_const__ref	64	neighbour	0058B988
005C9B50	_Rb_tree_unsigned_int_pair_unsigned_int_const_atPtr_uiWidget__Select1st_pair_unsigned_int_const_atPtr_uiWidget_less_unsigned_int_allocator_atPtr_uiWidget___erase__Rb_tree_iterator_pair_unsigned_int_const_atPtr_uiWidget_pair_unsi__469f290fa6	1696	neighbour	0058B9C8
005CA1F0	_Rb_tree_unsigned_int_pair_unsigned_int_const_atPtr_uiWidget__Select1st_pair_unsigned_int_const_atPtr_uiWidget_less_unsigned_int_allocator_atPtr_uiWidget___erase_unsigned_int_const__ref	320	neighbour	0058C068
005CA330	_Rb_tree_unsigned_int_pair_unsigned_int_const_atPtr_uiWidget__Select1st_pair_unsigned_int_const_atPtr_uiWidget_less_unsigned_int_allocator_atPtr_uiWidget___find_unsigned_int_const__ref__const	108	neighbour	0058C1A8
005CA3A0	_Rb_tree_uiStaticString_pair_uiStaticString_const_unsigned_int__Select1st_pair_uiStaticString_const_unsigned_int_less_uiStaticString_allocator_unsigned_int___find_uiStaticString_const__ref	168	neighbour	0058C218
005CA448	_Rb_tree_uiStaticString_pair_uiStaticString_const_unsigned_int__Select1st_pair_uiStaticString_const_unsigned_int_less_uiStaticString_allocator_unsigned_int____M_insert__Rb_tree_node_base__ptr___Rb_tree_node_base__ptr__pair_uiSta__1d3480f31c	976	neighbour	0058C2C0
005CA818	_Rb_tree_uiStaticString_pair_uiStaticString_const_unsigned_int__Select1st_pair_uiStaticString_const_unsigned_int_less_uiStaticString_allocator_unsigned_int___insert_unique_pair_uiStaticString_const_unsigned_int_const__ref	420	neighbour	0058C690
005CA9C0	uiString__dtor_uiString_void	48	neighbour	0058C838
005CA9F0	uiStaticString__dtor_uiStaticString_void	48	neighbour	0058C868
005CAA40	uiStaticString__Set_char_const__ptr	28	neighbour	0058C898
005CD0D8	fxBirthRule__dtor_fxBirthRule_void	28	neighbour	0058EF38
005CD738	virtual_function_thunk_delta_4_for_mcCreature__dtor_mcCreature_void	28	neighbour	0058F588
005CD758	virtual_function_thunk_delta_4_for_mcCreature__ObstacleMatrix_void_const	8	neighbour	0058F5A8
005CD760	virtual_function_thunk_delta_4_for_mcCreature__ObstacleVelocity_void_const	8	neighbour	0058F5B0
005CDCE8	phBoundHotdog__GetMaterialFromPartIndex_int_int_const	36	neighbour	0058FB40
005CDD10	phBoundHotdog__GetMaterialIndexFromPartIndex_int_int_const	8	neighbour	0058FB68
005CDD18	phPolytree_phOctreeCell___dtor_phPolytree_void	100	neighbour	0058FB70
005CDD80	phPolytree_phOctreeCell___phPolytree_void	104	neighbour	0058FBD8
005CDDE8	phPolytree_phOctreeCell___Configure_int_int_int_float	184	neighbour	0058FC40
005CE1A0	phPolytree_phOctreeCell___FindFirstCell_Vector3_const__ref__Vector3_const__ref__phOctreeCell_const__ptr__const	736	neighbour	0058FFF8
005CE480	phPolytree_phOctreeCell___TestProbe_phSegment_const__ref__phIntersection__ptr__float_const	1276	neighbour	005902D8
005CE980	phPolytree_phOctreeCell___CullOBBPolys_Vector3_const__ref__float_Matrix34_const__ref__Vector3_const__ref__int__ref__unsigned_short__ptr__ref__const	488	neighbour	005907D8
005CEB68	phPolytree_phOctreeCell___TestProbeBatch_phBound__TestProbeBatchParams__ref__const	988	neighbour	005909C0
005CEF48	phPolytree_phOctreeCell___phPolytree_datResource__ref	180	neighbour	00590DA0
005CF000	phBoundStreamableOctree__dtor_phBoundStreamableOctree_void	92	neighbour	00590E58
005CF0A0	phBoundPolyhedron__IsPolygonal_int_const	8	neighbour	00590F60
005CF110	phBoundPolyhedron__FindImpactsToCloth_phImpactBase__ptr__const	8	neighbour	00590F68
005CF120	phPolytree_phQuadtreeCell___dtor_phPolytree_void	100	neighbour	00590F78
005CF188	phPolytree_phQuadtreeCell___phPolytree_void	104	neighbour	00590FE0
005CF1F0	phPolytree_phQuadtreeCell___Configure_int_int_int_float	184	neighbour	00591048
005CF2A8	phPolytree_phQuadtreeCell___ReadCells_datAsciiTokenizer__ref__phBoundGeometry_const__ptr__int_Vector3_const__ref__Vector3_const__ref	216	neighbour	00591100
005CF380	phPolytree_phQuadtreeCell___phPolytree_datResource__ref	180	neighbour	005911D8
005CF660	phPolytree_phQuadtreeCell___FindFirstCell_Vector3_const__ref__Vector3_const__ref__phQuadtreeCell_const__ptr__const	736	neighbour	005914B8
005CF940	phPolytree_phQuadtreeCell___TestProbe_phSegment_const__ref__phIntersection__ptr__float_const	1276	neighbour	00591798
005CFE40	phPolytree_phQuadtreeCell___CullOBBPolys_Vector3_const__ref__float_Matrix34_const__ref__Vector3_const__ref__int__ref__unsigned_short__ptr__ref__const	488	neighbour	00591C98
005D0028	phPolytree_phQuadtreeCell___TestProbeBatch_phBound__TestProbeBatchParams__ref__const	988	neighbour	00591E80
005D0408	phBoundQuadtree__TestPoint_Vector3_const__ref__phIntersection__ptr__const	8	neighbour	00592260
005D0410	phBoundRoad__GetMaterial_int_const	40	neighbour	00592268
005D0500	phBoundForce__IsForcefield_void_const	8	neighbour	00592360
005D0508	phBoundForce__ApplyImpulse_Vector3_const__ref__Vector3_const__ref__int	8	neighbour	00592368
005D0510	phForceSphere__GetMaterial_int_const	8	neighbour	00592378
005D0528	void_SwapEm_phBound_const__ptr__phBound_const__ptr___ref__phBound_const__ptr___ref	20	neighbour	00592380
005D0540	void_SwapEm_Matrix34_const__ptr__Matrix34_const__ptr___ref__Matrix34_const__ptr___ref	20	neighbour	00592398
005D0558	void_SwapEm_Matrix34_Matrix34__ref__Matrix34__ref	336	neighbour	005923B0
005D06A8	void_SwapEm_phCollider__ptr__phCollider__ptr___ref__phCollider__ptr___ref	20	neighbour	00592500
005D06C0	void_SwapEm_phInst__ptr__phInst__ptr___ref__phInst__ptr___ref	20	neighbour	00592518
005D06D8	phBoundGeomCullable__ComponentsStreamed_void_const	8	neighbour	00592530
005D08D8	void_mcPgFileIOHelper__Write_bool_mcSerializer__FileDescriptor__ref__bool__ref__unsigned_int_char_const__ptr	176	neighbour	00592730
005D0988	void_mcSerializer__Write_bool_bool_char_const__ptr	40	neighbour	005927E0
005D1B88	void_mcPgFileIOHelper__Write_int_mcSerializer__FileDescriptor__ref__int__ref__unsigned_int_char_const__ptr	200	neighbour	00593248
005D1C50	void_mcSerializer__Write_int_int_char_const__ptr	40	neighbour	00593310
005D1C78	mcTkCareerStart__dtor_mcTkCareerStart_void	104	neighbour	00593338
005D1E68	mcTkMovieNitrousEquipped__dtor_mcTkMovieNitrousEquipped_void	92	neighbour	00593480
005D1EC8	mcTkMovieHydraulicsEquipped__dtor_mcTkMovieHydraulicsEquipped_void	92	neighbour	005934E0
005D1F28	mcTkMovieRidingMotorcycle__dtor_mcTkMovieRidingMotorcycle_void	92	neighbour	00593540
005D1F88	mcTkMovieFirstUnordered__dtor_mcTkMovieFirstUnordered_void	92	neighbour	005935A0
005D2208	void_mcPgFileIOHelper__Write_unsigned_short_mcSerializer__FileDescriptor__ref__unsigned_short__ref__unsigned_int_char_const__ptr	200	neighbour	00593820
005D22D0	void_mcSerializer__Write_unsigned_short_unsigned_short_char_const__ptr	40	neighbour	005938E8
005D2308	mcBaseState__ProcessRequests_void	8	neighbour	00593920
005D2310	mcBaseState__NewStateRequested_void	8	neighbour	00593928
005D2318	mcBaseState__UpdateState_void	8	neighbour	00593930
005D2320	mcBaseState__ChangeState_mcBaseState__eState	8	neighbour	00593938
005D2330	mcCarTypeConfig__dtor_mcCarTypeConfig_void	40	neighbour	00593940
005D2F58	void_mcPgFileIOHelper__Read_unsigned_int_mcSerializer__FileDescriptor__ref__unsigned_int__ref__unsigned_int_char_const__ptr	244	neighbour	005944B0
005D3050	void_mcSerializer__Read_unsigned_int_unsigned_int__ref__char_const__ptr	32	neighbour	005945A8
005D3070	void_mcPgFileIOHelper__Read_unsigned_short_mcSerializer__FileDescriptor__ref__unsigned_short__ref__unsigned_int_char_const__ptr	244	neighbour	005945C8
005D3168	void_mcSerializer__Read_unsigned_short_unsigned_short__ref__char_const__ptr	32	neighbour	005946C0
005D3188	void_mcPgFileIOHelper__Write_unsigned_int_mcSerializer__FileDescriptor__ref__unsigned_int__ref__unsigned_int_char_const__ptr	200	neighbour	005946E0
005D3250	void_mcSerializer__Write_unsigned_int_unsigned_int_char_const__ptr	40	neighbour	005947A8
005D3378	void_mcPgFileIOHelper__Write_unsigned_char_mcSerializer__FileDescriptor__ref__unsigned_char__ref__unsigned_int_char_const__ptr	176	neighbour	005948D0
005D3428	void_mcSerializer__Write_unsigned_char_unsigned_char_char_const__ptr	40	neighbour	00594980
005D3648	mcSerializer__dtor_mcSerializer_void	48	neighbour	005949E8
005D3678	void_mcPgFileIOHelper__Read_mc__eTOD_mcSerializer__FileDescriptor__ref__mc__eTOD__ref__unsigned_int_char_const__ptr	244	neighbour	00594A18
005D3770	void_mcSerializer__Read_mc__eTOD_mc__eTOD__ref__char_const__ptr	32	neighbour	00594B10
005D3790	void_mcPgFileIOHelper__Read_mc__eWeather_mcSerializer__FileDescriptor__ref__mc__eWeather__ref__unsigned_int_char_const__ptr	244	neighbour	00594B30
005D3888	void_mcSerializer__Read_mc__eWeather_mc__eWeather__ref__char_const__ptr	32	neighbour	00594C28
005D38A8	void_mcPgFileIOHelper__Write_mc__eTOD_mcSerializer__FileDescriptor__ref__mc__eTOD__ref__unsigned_int_char_const__ptr	200	neighbour	00594C48
005D3970	void_mcSerializer__Write_mc__eTOD_mc__eTOD_char_const__ptr	40	neighbour	00594D10
005D3998	void_mcPgFileIOHelper__Write_mc__eWeather_mcSerializer__FileDescriptor__ref__mc__eWeather__ref__unsigned_int_char_const__ptr	200	neighbour	00594D38
005D3A60	void_mcSerializer__Write_mc__eWeather_mc__eWeather_char_const__ptr	40	neighbour	00594E00
005D3A88	mcPgConditions__dtor_mcPgConditions_void	40	neighbour	00594E28
005D3AB0	mcPgConditions__GetTypeName_void	12	neighbour	00594E50
005D3AC0	mcPgDynamicDifficulty__dtor_mcPgDynamicDifficulty_void	40	neighbour	00594E60
005D3AE8	mcPgDynamicDifficulty__GetTypeName_void	12	neighbour	00594E88
005D3AF8	mcPgFuzzyRulesEval_mcPgRaceEvalId___dtor_mcPgFuzzyRulesEval_void	40	neighbour	00594E98
005D3C20	void_mcPgFileIOHelper__Write_signed_char_mcSerializer__FileDescriptor__ref__signed_char__ref__unsigned_int_char_const__ptr	176	neighbour	00594FC0
005D3CD0	void_mcSerializer__Write_signed_char_signed_char_char_const__ptr	40	neighbour	00595070
005D3CF8	mcPgFuzzyRulesEval_mcPgRaceEvalId___PrintRuleWeights_bool_bool_const	8	neighbour	00595098
005D3D00	mcPgFuzzyRulesEval_mcPgRaceEvalId___EvaluateItem_mcPgRaceEvalId_const	528	neighbour	005950A0
005D4260	mcPgFuzzyRulesEval_mcPgRaceEvalId___FindLowestEvaluation_int_mcPgFuzzyRulesEval_mcPgRaceEvalId___EvaluationResult__ptr__const	88	neighbour	005952B0
005D4550	mcPgFillerRaces__dtor_mcPgFillerRaces_void	40	neighbour	00595760
005D4588	mcPgFuzzyRulesEval_mcPgRaceEvalId___FileIO_datParser__ref	28	neighbour	00595798
005D45A8	mcPgFuzzyRulesEval_mcPgHookmanEvalId___dtor_mcPgFuzzyRulesEval_void	40	neighbour	005957B8
005D45D0	mcPgFuzzyRulesEval_mcPgHookmanEvalId___PrintRuleWeights_bool_bool_const	8	neighbour	005957E0
005D45D8	mcPgFuzzyRulesEval_mcPgHookmanEvalId___EvaluateItem_mcPgHookmanEvalId_const	528	neighbour	005957E8
005D4B38	mcPgFuzzyRulesEval_mcPgHookmanEvalId___FindLowestEvaluation_int_mcPgFuzzyRulesEval_mcPgHookmanEvalId___EvaluationResult__ptr__const	88	neighbour	005959F8
005D4E28	mcPgFlow__RaceAvailabilityRecord__ptr____lower_bound_mcPgFlow__RaceAvailabilityRecord__ptr__mcPgFlow__RaceAvailabilityRecord_bool__ptr__mcPgFlow__RaceAvailabilityRecord_const__ref__mcPgFlow__RaceAvailabilityRecord_const__ref__in__c090d20ea9	152	neighbour	00595EA8
005D50F8	void___push_heap_mcPgFlow__RaceAvailabilityRecord__ptr__int_mcPgFlow__RaceAvailabilityRecord_bool__ptr__mcPgFlow__RaceAvailabilityRecord_const__ref__mcPgFlow__RaceAvailabilityRecord_const__ref__mcPgFlow__RaceAvailabilityRecord__2244b91b5b	220	neighbour	00596178
005D51D8	void___adjust_heap_mcPgFlow__RaceAvailabilityRecord__ptr__int_mcPgFlow__RaceAvailabilityRecord_bool__ptr__mcPgFlow__RaceAvailabilityRecord_const__ref__mcPgFlow__RaceAvailabilityRecord_const__ref__mcPgFlow__RaceAvailabilityRecord__48cfb480bf	280	neighbour	00596258
005D52F0	void___make_heap_mcPgFlow__RaceAvailabilityRecord__ptr__bool__ptr__mcPgFlow__RaceAvailabilityRecord_const__ref__mcPgFlow__RaceAvailabilityRecord_const__ref__mcPgFlow__RaceAvailabilityRecord_int_mcPgFlow__RaceAvailabilityRecord__c6dd97f3eb	168	neighbour	00596370
005D5398	void_sort_heap_mcPgFlow__RaceAvailabilityRecord__ptr__bool__ptr__mcPgFlow__RaceAvailabilityRecord_const__ref__mcPgFlow__RaceAvailabilityRecord_const__ref__mcPgFlow__RaceAvailabilityRecord__ptr__mcPgFlow__RaceAvailabilityRecord__f976775796	216	neighbour	00596418
005D5470	void___partial_sort_mcPgFlow__RaceAvailabilityRecord__ptr__mcPgFlow__RaceAvailabilityRecord_bool__ptr__mcPgFlow__RaceAvailabilityRecord_const__ref__mcPgFlow__RaceAvailabilityRecord_const__ref__mcPgFlow__RaceAvailabilityRecord__p__34227f9f89	252	neighbour	005964F0
005D5570	mcPgFlow__RaceAvailabilityRecord__ptr____unguarded_partition_mcPgFlow__RaceAvailabilityRecord__ptr__mcPgFlow__RaceAvailabilityRecord_bool__ptr__mcPgFlow__RaceAvailabilityRecord_const__ref__mcPgFlow__RaceAvailabilityRecord_const__e42dd6250b	196	neighbour	005965F0
005D5638	void___introsort_loop_mcPgFlow__RaceAvailabilityRecord__ptr__mcPgFlow__RaceAvailabilityRecord_int_bool__ptr__mcPgFlow__RaceAvailabilityRecord_const__ref__mcPgFlow__RaceAvailabilityRecord_const__ref__mcPgFlow__RaceAvailabilityRec__b0b1f5acd9	356	neighbour	005966B8
005D57A0	void___unguarded_linear_insert_mcPgFlow__RaceAvailabilityRecord__ptr__mcPgFlow__RaceAvailabilityRecord_bool__ptr__mcPgFlow__RaceAvailabilityRecord_const__ref__mcPgFlow__RaceAvailabilityRecord_const__ref__mcPgFlow__RaceAvailabili__e08a8da0b5	132	neighbour	00596820
005D5828	void___insertion_sort_mcPgFlow__RaceAvailabilityRecord__ptr__bool__ptr__mcPgFlow__RaceAvailabilityRecord_const__ref__mcPgFlow__RaceAvailabilityRecord_const__ref__mcPgFlow__RaceAvailabilityRecord__ptr__mcPgFlow__RaceAvailabilityR__8394f37783	240	neighbour	005968A8
005D5918	void___unguarded_insertion_sort_aux_mcPgFlow__RaceAvailabilityRecord__ptr__mcPgFlow__RaceAvailabilityRecord_bool__ptr__mcPgFlow__RaceAvailabilityRecord_const__ref__mcPgFlow__RaceAvailabilityRecord_const__ref__mcPgFlow__RaceAvail__4805a6f46b	108	neighbour	00596998
005D5988	void___final_insertion_sort_mcPgFlow__RaceAvailabilityRecord__ptr__bool__ptr__mcPgFlow__RaceAvailabilityRecord_const__ref__mcPgFlow__RaceAvailabilityRecord_const__ref__mcPgFlow__RaceAvailabilityRecord__ptr__mcPgFlow__RaceAvailab__758f88515c	120	neighbour	00596A08
005D5A00	mcPgFlow__GetTypeName_void	12	neighbour	00596A80
005D5A10	mcPgFuzzyRulesEval_mcPgHookmanEvalId___FileIO_datParser__ref	28	neighbour	00596A90
005D5A30	mcPgFuzzyRulesEvalBase__GetTypeName_void	12	neighbour	00596AB0
005D5A40	mcPgFuzzyRulesEvalBase__GetDirName_void	12	neighbour	00596AC0
005D5A50	mcPgFuzzyRulesEval_mcPgHookmanEvalId___mcPgFuzzyRulesEval_int	52	neighbour	00596AD0
005D5A88	mcPgHookmanSelect__dtor_mcPgHookmanSelect_void	40	neighbour	00596B08
005D5B10	__uninitialized_copy_aux__H2ZP18mcPgKBPutAsideRaceZP18mcPgKBPutAsideRace_X01X01X11G12__false_type_X11	92	neighbour	00596B90
005D5B70	__uninitialized_copy_aux__H2ZP17mcPgKBOpenHookmanZP17mcPgKBOpenHookman_X01X01X11G12__false_type_X11	92	neighbour	00596BF0
005D5FB0	void_fill_mcPgKBPutAsideRace__ptr__mcPgKBPutAsideRace_mcPgKBPutAsideRace__ptr__mcPgKBPutAsideRace__ptr__mcPgKBPutAsideRace_const__ref	84	neighbour	00597030
005D6008	__uninitialized_fill_n_aux__H3ZP18mcPgKBPutAsideRaceZUiZ18mcPgKBPutAsideRace_X01X11RCX21G12__false_type_X01	92	neighbour	00597088
005D6068	vector_mcPgKBPutAsideRace_allocator_mcPgKBPutAsideRace___insert_mcPgKBPutAsideRace__ptr__unsigned_int_mcPgKBPutAsideRace_const__ref	808	neighbour	005970E8
005D6390	void_fill_mcPgKBOpenHookman__ptr__mcPgKBOpenHookman_mcPgKBOpenHookman__ptr__mcPgKBOpenHookman__ptr__mcPgKBOpenHookman_const__ref	84	neighbour	00597410
005D63E8	__uninitialized_fill_n_aux__H3ZP17mcPgKBOpenHookmanZUiZ17mcPgKBOpenHookman_X01X11RCX21G12__false_type_X01	92	neighbour	00597468
005D6448	vector_mcPgKBOpenHookman_allocator_mcPgKBOpenHookman___insert_mcPgKBOpenHookman__ptr__unsigned_int_mcPgKBOpenHookman_const__ref	740	neighbour	005974C8
005D6730	void_fill_mcStatEntry__ptr__mcStatEntry_mcStatEntry__ptr__mcStatEntry__ptr__mcStatEntry_const__ref	60	neighbour	005977B0
005D6770	__uninitialized_fill_n_aux__H3ZP11mcStatEntryZUiZ11mcStatEntry_X01X11RCX21G12__false_type_X01	60	neighbour	005977F0
005D67B0	vector_mcStatEntry_allocator_mcStatEntry___insert_mcStatEntry__ptr__unsigned_int_mcStatEntry_const__ref	748	neighbour	00597830
005D6AA0	void_mcPgFileIOHelper__Read_mc__eCity_mcSerializer__FileDescriptor__ref__mc__eCity__ref__unsigned_int_char_const__ptr	244	neighbour	00597B20
005D6B98	void_mcSerializer__Read_mc__eCity_mc__eCity__ref__char_const__ptr	32	neighbour	00597C18
005D6E00	vector_mcPgKBPutAsideRace_allocator_mcPgKBPutAsideRace____M_insert_aux_mcPgKBPutAsideRace__ptr__mcPgKBPutAsideRace_const__ref	580	neighbour	00597E80
005D7048	vector_mcPgKBOpenHookman_allocator_mcPgKBOpenHookman____M_insert_aux_mcPgKBOpenHookman__ptr__mcPgKBOpenHookman_const__ref	532	neighbour	005980C8
005D7280	void_mcPgFileIOHelper__Read_mcPgKnowledgeBase__CruiseStartData_mcSerializer__FileDescriptor__ref__mcPgKnowledgeBase__CruiseStartData__ref__unsigned_int_char_const__ptr	324	neighbour	00598300
005D73C8	void_mcSerializer__Read_mcPgKnowledgeBase__CruiseStartData_mcPgKnowledgeBase__CruiseStartData__ref__char_const__ptr	32	neighbour	00598448
005D77A0	bool_mcPgKnowledgeBase__CheckForRace_vector_mcPgKBOpenRace_allocator_mcPgKBOpenRace_vector_mcPgKBOpenRace_allocator_mcPgKBOpenRace_const__ref__mc__eCity_int_const	92	neighbour	005986C0
005D7858	bool_mcPgKnowledgeBase__CheckForRace_vector_mcPgKBPutAsideRace_allocator_mcPgKBPutAsideRace_vector_mcPgKBPutAsideRace_allocator_mcPgKBPutAsideRace_const__ref__mc__eCity_int_const	92	neighbour	00598780
005D7970	void___push_heap_mcPgKnowledgeBase__CareerOrderLookup__ptr__int_mcPgKnowledgeBase__CareerOrderLookup_bool__ptr__mcPgKnowledgeBase__CareerOrderLookup_const__ref__mcPgKnowledgeBase__CareerOrderLookup_const__ref__mcPgKnowledgeBase__cb721b9e9a	236	neighbour	00598838
005D7A60	void___adjust_heap_mcPgKnowledgeBase__CareerOrderLookup__ptr__int_mcPgKnowledgeBase__CareerOrderLookup_bool__ptr__mcPgKnowledgeBase__CareerOrderLookup_const__ref__mcPgKnowledgeBase__CareerOrderLookup_const__ref__mcPgKnowledgeBas__8dac5c68cb	344	neighbour	00598928
005D7BB8	void___make_heap_mcPgKnowledgeBase__CareerOrderLookup__ptr__bool__ptr__mcPgKnowledgeBase__CareerOrderLookup_const__ref__mcPgKnowledgeBase__CareerOrderLookup_const__ref__mcPgKnowledgeBase__CareerOrderLookup_int_mcPgKnowledgeBase__f4b71b4644	232	neighbour	00598A80
005D7CA0	void_sort_heap_mcPgKnowledgeBase__CareerOrderLookup__ptr__bool__ptr__mcPgKnowledgeBase__CareerOrderLookup_const__ref__mcPgKnowledgeBase__CareerOrderLookup_const__ref__mcPgKnowledgeBase__CareerOrderLookup__ptr__mcPgKnowledgeBase__8f5e6f70ef	292	neighbour	00598B68
005D7DC8	void___partial_sort_mcPgKnowledgeBase__CareerOrderLookup__ptr__mcPgKnowledgeBase__CareerOrderLookup_bool__ptr__mcPgKnowledgeBase__CareerOrderLookup_const__ref__mcPgKnowledgeBase__CareerOrderLookup_const__ref__mcPgKnowledgeBase__51730eca70	332	neighbour	00598C90
005D7F18	mcPgKnowledgeBase__CareerOrderLookup__ptr____unguarded_partition_mcPgKnowledgeBase__CareerOrderLookup__ptr__mcPgKnowledgeBase__CareerOrderLookup_bool__ptr__mcPgKnowledgeBase__CareerOrderLookup_const__ref__mcPgKnowledgeBase__Care__6f3c9cd982	216	neighbour	00598DE0
005D7FF0	void___introsort_loop_mcPgKnowledgeBase__CareerOrderLookup__ptr__mcPgKnowledgeBase__CareerOrderLookup_int_bool__ptr__mcPgKnowledgeBase__CareerOrderLookup_const__ref__mcPgKnowledgeBase__CareerOrderLookup_const__ref__mcPgKnowledge__573885fb20	444	neighbour	00598EB8
005D81B0	void___unguarded_linear_insert_mcPgKnowledgeBase__CareerOrderLookup__ptr__mcPgKnowledgeBase__CareerOrderLookup_bool__ptr__mcPgKnowledgeBase__CareerOrderLookup_const__ref__mcPgKnowledgeBase__CareerOrderLookup_const__ref__mcPgKnow__523592276a	136	neighbour	00599078
005D8238	void___insertion_sort_mcPgKnowledgeBase__CareerOrderLookup__ptr__bool__ptr__mcPgKnowledgeBase__CareerOrderLookup_const__ref__mcPgKnowledgeBase__CareerOrderLookup_const__ref__mcPgKnowledgeBase__CareerOrderLookup__ptr__mcPgKnowled__b05038018c	336	neighbour	00599100
005D8388	void___unguarded_insertion_sort_aux_mcPgKnowledgeBase__CareerOrderLookup__ptr__mcPgKnowledgeBase__CareerOrderLookup_bool__ptr__mcPgKnowledgeBase__CareerOrderLookup_const__ref__mcPgKnowledgeBase__CareerOrderLookup_const__ref__mcP__f48eaeca4d	156	neighbour	00599250
005D8428	void___final_insertion_sort_mcPgKnowledgeBase__CareerOrderLookup__ptr__bool__ptr__mcPgKnowledgeBase__CareerOrderLookup_const__ref__mcPgKnowledgeBase__CareerOrderLookup_const__ref__mcPgKnowledgeBase__CareerOrderLookup__ptr__mcPgK__7184660513	128	neighbour	005992F0
005D84A8	mcPgKnowledgeBase__CareerOrderLookup_const__ptr____lower_bound_mcPgKnowledgeBase__CareerOrderLookup_const__ptr__mcPgKnowledgeBase__CareerOrderLookup_bool__ptr__mcPgKnowledgeBase__CareerOrderLookup_const__ref__mcPgKnowledgeBase__72439428a8	168	neighbour	00599370
005D8550	mcPgKnowledgeBase__CareerOrderLookup_const__ptr____upper_bound_mcPgKnowledgeBase__CareerOrderLookup_const__ptr__mcPgKnowledgeBase__CareerOrderLookup_bool__ptr__mcPgKnowledgeBase__CareerOrderLookup_const__ref__mcPgKnowledgeBase__f8f8ac1bac	164	neighbour	00599418
005D8938	void_mcPgFileIOHelper__Write_short_mcSerializer__FileDescriptor__ref__short__ref__unsigned_int_char_const__ptr	200	neighbour	00599710
005D8A00	void_mcSerializer__Write_short_short_char_const__ptr	40	neighbour	005997D8
005D8E40	mcPgKBRace__dtor_mcPgKBRace_void	48	neighbour	00599F40
005D8E98	mcPgKBOpenRace__dtor_mcPgKBOpenRace_void	48	neighbour	00599F90
005D8F58	mcPgKBPutAsideRace__dtor_mcPgKBPutAsideRace_void	48	neighbour	0059A018
005D8F88	mcPgKBHistoricRace__dtor_mcPgKBHistoricRace_void	48	neighbour	0059A048
005D8FE8	mcPgRaceDDPMediator__AdjustRubberBanding_void	8	neighbour	0059A078
005D8FF0	mcPgRaceDDPMediator__AdjustRaceDifficulty_void	8	neighbour	0059A080
005D9008	mcPgFuzzyRulesEval_mcPgRaceEvalId___mcPgFuzzyRulesEval_int	52	neighbour	0059A098
005D9040	mcPgRaceSelect__dtor_mcPgRaceSelect_void	40	neighbour	0059A0D0
005D9078	void___push_heap_mcPgRewards__UnlockingIdToItemMapping__ptr__int_mcPgRewards__UnlockingIdToItemMapping_bool__ptr__mcPgRewards__UnlockingIdToItemMapping_const__ref__mcPgRewards__UnlockingIdToItemMapping_const__ref__mcPgRewards__U__ab79327a4e	220	neighbour	0059A108
005D9158	void___adjust_heap_mcPgRewards__UnlockingIdToItemMapping__ptr__int_mcPgRewards__UnlockingIdToItemMapping_bool__ptr__mcPgRewards__UnlockingIdToItemMapping_const__ref__mcPgRewards__UnlockingIdToItemMapping_const__ref__mcPgRewards__6bad62fbd2	280	neighbour	0059A1E8
005D9270	void___make_heap_mcPgRewards__UnlockingIdToItemMapping__ptr__bool__ptr__mcPgRewards__UnlockingIdToItemMapping_const__ref__mcPgRewards__UnlockingIdToItemMapping_const__ref__mcPgRewards__UnlockingIdToItemMapping_int_mcPgRewards__U__27ef6c1a88	168	neighbour	0059A300
005D9318	void_sort_heap_mcPgRewards__UnlockingIdToItemMapping__ptr__bool__ptr__mcPgRewards__UnlockingIdToItemMapping_const__ref__mcPgRewards__UnlockingIdToItemMapping_const__ref__mcPgRewards__UnlockingIdToItemMapping__ptr__mcPgRewards__U__e65e3bed43	216	neighbour	0059A3A8
005D93F0	void___partial_sort_mcPgRewards__UnlockingIdToItemMapping__ptr__mcPgRewards__UnlockingIdToItemMapping_bool__ptr__mcPgRewards__UnlockingIdToItemMapping_const__ref__mcPgRewards__UnlockingIdToItemMapping_const__ref__mcPgRewards__Un__1c997a0bd4	252	neighbour	0059A480
005D94F0	mcPgRewards__UnlockingIdToItemMapping__ptr____unguarded_partition_mcPgRewards__UnlockingIdToItemMapping__ptr__mcPgRewards__UnlockingIdToItemMapping_bool__ptr__mcPgRewards__UnlockingIdToItemMapping_const__ref__mcPgRewards__Unlock__0453d98d5b	196	neighbour	0059A580
005D95B8	void___introsort_loop_mcPgRewards__UnlockingIdToItemMapping__ptr__mcPgRewards__UnlockingIdToItemMapping_int_bool__ptr__mcPgRewards__UnlockingIdToItemMapping_const__ref__mcPgRewards__UnlockingIdToItemMapping_const__ref__mcPgRewar__5c38211a0c	356	neighbour	0059A648
005D9720	void___unguarded_linear_insert_mcPgRewards__UnlockingIdToItemMapping__ptr__mcPgRewards__UnlockingIdToItemMapping_bool__ptr__mcPgRewards__UnlockingIdToItemMapping_const__ref__mcPgRewards__UnlockingIdToItemMapping_const__ref__mcPg__ece4582700	132	neighbour	0059A7B0
005D97A8	void___insertion_sort_mcPgRewards__UnlockingIdToItemMapping__ptr__bool__ptr__mcPgRewards__UnlockingIdToItemMapping_const__ref__mcPgRewards__UnlockingIdToItemMapping_const__ref__mcPgRewards__UnlockingIdToItemMapping__ptr__mcPgRew__c581c209ff	240	neighbour	0059A838
005D9898	void___unguarded_insertion_sort_aux_mcPgRewards__UnlockingIdToItemMapping__ptr__mcPgRewards__UnlockingIdToItemMapping_bool__ptr__mcPgRewards__UnlockingIdToItemMapping_const__ref__mcPgRewards__UnlockingIdToItemMapping_const__ref__b95fe61e14	108	neighbour	0059A928
005D9908	void___final_insertion_sort_mcPgRewards__UnlockingIdToItemMapping__ptr__bool__ptr__mcPgRewards__UnlockingIdToItemMapping_const__ref__mcPgRewards__UnlockingIdToItemMapping_const__ref__mcPgRewards__UnlockingIdToItemMapping__ptr__m__462fa2c0a9	120	neighbour	0059A998
005D9A18	mcPgRewards__RangeRecord_const__ptr____lower_bound_mcPgRewards__RangeRecord_const__ptr__mcPgRewards__RangeRecord_bool__ptr__mcPgRewards__RangeRecord_const__ref__mcPgRewards__RangeRecord_const__ref__int_mcPgRewards__RangeRecord_c__fa2e36855c	188	neighbour	0059AAA8
005D9AD8	mcPgRewards__UnlockingIdToItemMapping_const__ptr____lower_bound_mcPgRewards__UnlockingIdToItemMapping_const__ptr__mcPgRewards__UnlockingIdToItemMapping_bool__ptr__mcPgRewards__UnlockingIdToItemMapping_const__ref__mcPgRewards__Un__31bb4b5633	152	neighbour	0059AB68
005D9B70	__uninitialized_copy_aux__H2ZPCQ211mcPgRewards11RangeRecordZPQ211mcPgRewards11RangeRecord_X01X01X11G12__false_type_X11	52	neighbour	0059AC00
005D9BA8	vector_mcPgRewards__RangeRecord_allocator_mcPgRewards__RangeRecord___operator_assign_vector_mcPgRewards__RangeRecord_allocator_mcPgRewards__RangeRecord_const__ref	704	neighbour	0059AC38
005D9E68	__uninitialized_copy_aux__H2ZPQ211mcPgRewards13DefinitionSetZPQ211mcPgRewards13DefinitionSet_X01X01X11G12__false_type_X11	92	neighbour	0059AEF8
005D9EC8	vector_mcPgRewards__DefinitionSet_allocator_mcPgRewards__DefinitionSet____M_insert_aux_mcPgRewards__DefinitionSet__ptr__mcPgRewards__DefinitionSet_const__ref	856	neighbour	0059AF58
005DA220	__uninitialized_copy_aux__H2ZPQ211mcPgRewards11RangeRecordZPQ211mcPgRewards11RangeRecord_X01X01X11G12__false_type_X11	52	neighbour	0059B2B0
005DA258	vector_mcPgRewards__RangeRecord_allocator_mcPgRewards__RangeRecord____M_insert_aux_mcPgRewards__RangeRecord__ptr__mcPgRewards__RangeRecord_const__ref	604	neighbour	0059B2E8
005DA4B8	void___push_heap_mcPgRewards__RangeRecord__ptr__int_mcPgRewards__RangeRecord_bool__ptr__mcPgRewards__RangeRecord_const__ref__mcPgRewards__RangeRecord_const__ref__mcPgRewards__RangeRecord__ptr__int_int_mcPgRewards__RangeRecord_bo__ecbc395755	272	neighbour	0059B548
005DA5C8	void___adjust_heap_mcPgRewards__RangeRecord__ptr__int_mcPgRewards__RangeRecord_bool__ptr__mcPgRewards__RangeRecord_const__ref__mcPgRewards__RangeRecord_const__ref__mcPgRewards__RangeRecord__ptr__int_int_mcPgRewards__RangeRecord__f21428963e	324	neighbour	0059B658
005DA710	void___make_heap_mcPgRewards__RangeRecord__ptr__bool__ptr__mcPgRewards__RangeRecord_const__ref__mcPgRewards__RangeRecord_const__ref__mcPgRewards__RangeRecord_int_mcPgRewards__RangeRecord__ptr__mcPgRewards__RangeRecord__ptr__bool__d4d29f0154	192	neighbour	0059B7A0
005DA7D0	void_sort_heap_mcPgRewards__RangeRecord__ptr__bool__ptr__mcPgRewards__RangeRecord_const__ref__mcPgRewards__RangeRecord_const__ref__mcPgRewards__RangeRecord__ptr__mcPgRewards__RangeRecord__ptr__bool__ptr__mcPgRewards__RangeRecord__cd40e63a78	232	neighbour	0059B860
005DA8B8	void___partial_sort_mcPgRewards__RangeRecord__ptr__mcPgRewards__RangeRecord_bool__ptr__mcPgRewards__RangeRecord_const__ref__mcPgRewards__RangeRecord_const__ref__mcPgRewards__RangeRecord__ptr__mcPgRewards__RangeRecord__ptr__mcPgR__36ba62fa40	260	neighbour	0059B948
005DA9C0	mcPgRewards__RangeRecord__ptr____unguarded_partition_mcPgRewards__RangeRecord__ptr__mcPgRewards__RangeRecord_bool__ptr__mcPgRewards__RangeRecord_const__ref__mcPgRewards__RangeRecord_const__ref__mcPgRewards__RangeRecord__ptr__mcP__95732ec9a1	244	neighbour	0059BA50
005DAAB8	void___introsort_loop_mcPgRewards__RangeRecord__ptr__mcPgRewards__RangeRecord_int_bool__ptr__mcPgRewards__RangeRecord_const__ref__mcPgRewards__RangeRecord_const__ref__mcPgRewards__RangeRecord__ptr__mcPgRewards__RangeRecord__ptr__308c1cb2ae	412	neighbour	0059BB48
005DAC58	void___unguarded_linear_insert_mcPgRewards__RangeRecord__ptr__mcPgRewards__RangeRecord_bool__ptr__mcPgRewards__RangeRecord_const__ref__mcPgRewards__RangeRecord_const__ref__mcPgRewards__RangeRecord__ptr__mcPgRewards__RangeRecord__09f8323c6e	172	neighbour	0059BCE8
005DAD08	void___insertion_sort_mcPgRewards__RangeRecord__ptr__bool__ptr__mcPgRewards__RangeRecord_const__ref__mcPgRewards__RangeRecord_const__ref__mcPgRewards__RangeRecord__ptr__mcPgRewards__RangeRecord__ptr__bool__ptr__mcPgRewards__Rang__0cafd644ad	276	neighbour	0059BD98
005DAE20	void___unguarded_insertion_sort_aux_mcPgRewards__RangeRecord__ptr__mcPgRewards__RangeRecord_bool__ptr__mcPgRewards__RangeRecord_const__ref__mcPgRewards__RangeRecord_const__ref__mcPgRewards__RangeRecord__ptr__mcPgRewards__RangeRe__9471802beb	116	neighbour	0059BEB0
005DAE98	void___final_insertion_sort_mcPgRewards__RangeRecord__ptr__bool__ptr__mcPgRewards__RangeRecord_const__ref__mcPgRewards__RangeRecord_const__ref__mcPgRewards__RangeRecord__ptr__mcPgRewards__RangeRecord__ptr__bool__ptr__mcPgRewards__948a2c38be	132	neighbour	0059BF28
005DB158	void___push_heap_mcPgRewards__RoundingRecord__ptr__int_mcPgRewards__RoundingRecord_bool__ptr__mcPgRewards__RoundingRecord_const__ref__mcPgRewards__RoundingRecord_const__ref__mcPgRewards__RoundingRecord__ptr__int_int_mcPgRewards__cac86cced3	220	neighbour	0059C1E8
005DB238	void___adjust_heap_mcPgRewards__RoundingRecord__ptr__int_mcPgRewards__RoundingRecord_bool__ptr__mcPgRewards__RoundingRecord_const__ref__mcPgRewards__RoundingRecord_const__ref__mcPgRewards__RoundingRecord__ptr__int_int_mcPgReward__a75cd565de	280	neighbour	0059C2C8
005DB350	void___make_heap_mcPgRewards__RoundingRecord__ptr__bool__ptr__mcPgRewards__RoundingRecord_const__ref__mcPgRewards__RoundingRecord_const__ref__mcPgRewards__RoundingRecord_int_mcPgRewards__RoundingRecord__ptr__mcPgRewards__Roundin__4a4a581cf7	168	neighbour	0059C3E0
005DB3F8	void_sort_heap_mcPgRewards__RoundingRecord__ptr__bool__ptr__mcPgRewards__RoundingRecord_const__ref__mcPgRewards__RoundingRecord_const__ref__mcPgRewards__RoundingRecord__ptr__mcPgRewards__RoundingRecord__ptr__bool__ptr__mcPgRewar__95add407e0	216	neighbour	0059C488
005DB4D0	void___partial_sort_mcPgRewards__RoundingRecord__ptr__mcPgRewards__RoundingRecord_bool__ptr__mcPgRewards__RoundingRecord_const__ref__mcPgRewards__RoundingRecord_const__ref__mcPgRewards__RoundingRecord__ptr__mcPgRewards__Rounding__a5c202c49e	252	neighbour	0059C560
005DB5D0	mcPgRewards__RoundingRecord__ptr____unguarded_partition_mcPgRewards__RoundingRecord__ptr__mcPgRewards__RoundingRecord_bool__ptr__mcPgRewards__RoundingRecord_const__ref__mcPgRewards__RoundingRecord_const__ref__mcPgRewards__Roundi__16b9d51326	196	neighbour	0059C660
005DB698	void___introsort_loop_mcPgRewards__RoundingRecord__ptr__mcPgRewards__RoundingRecord_int_bool__ptr__mcPgRewards__RoundingRecord_const__ref__mcPgRewards__RoundingRecord_const__ref__mcPgRewards__RoundingRecord__ptr__mcPgRewards__Ro__e89af43a78	356	neighbour	0059C728
005DB800	void___unguarded_linear_insert_mcPgRewards__RoundingRecord__ptr__mcPgRewards__RoundingRecord_bool__ptr__mcPgRewards__RoundingRecord_const__ref__mcPgRewards__RoundingRecord_const__ref__mcPgRewards__RoundingRecord__ptr__mcPgReward__51bcc59e17	132	neighbour	0059C890
005DB888	void___insertion_sort_mcPgRewards__RoundingRecord__ptr__bool__ptr__mcPgRewards__RoundingRecord_const__ref__mcPgRewards__RoundingRecord_const__ref__mcPgRewards__RoundingRecord__ptr__mcPgRewards__RoundingRecord__ptr__bool__ptr__mc__d06c6ac47a	240	neighbour	0059C918
005DB978	void___unguarded_insertion_sort_aux_mcPgRewards__RoundingRecord__ptr__mcPgRewards__RoundingRecord_bool__ptr__mcPgRewards__RoundingRecord_const__ref__mcPgRewards__RoundingRecord_const__ref__mcPgRewards__RoundingRecord__ptr__mcPgR__dbb4ccb031	108	neighbour	0059CA08
005DB9E8	void___final_insertion_sort_mcPgRewards__RoundingRecord__ptr__bool__ptr__mcPgRewards__RoundingRecord_const__ref__mcPgRewards__RoundingRecord_const__ref__mcPgRewards__RoundingRecord__ptr__mcPgRewards__RoundingRecord__ptr__bool__p__e265a0b2d8	120	neighbour	0059CA78
005DBA60	__uninitialized_copy_aux__H2ZPt5atPtr1ZQ211mcPgRewards14IndividualItemZPt5atPtr1ZQ211mcPgRewards14IndividualItem_X01X01X11G12__false_type_X11	108	neighbour	0059CAF0
005DBAD0	vector_atPtr_mcPgRewards__IndividualItem_allocator_atPtr_mcPgRewards__IndividualItem____M_insert_aux_atPtr_mcPgRewards__IndividualItem__ptr__atPtr_mcPgRewards__IndividualItem_const__ref	712	neighbour	0059CB60
005DBD98	__uninitialized_copy_aux__H2ZPQ211mcPgRewards24UnlockingIdToItemMappingZPQ211mcPgRewards24UnlockingIdToItemMapping_X01X01X11G12__false_type_X11	44	neighbour	0059CE28
005DBDC8	vector_mcPgRewards__UnlockingIdToItemMapping_allocator_mcPgRewards__UnlockingIdToItemMapping____M_insert_aux_mcPgRewards__UnlockingIdToItemMapping__ptr__mcPgRewards__UnlockingIdToItemMapping_const__ref	516	neighbour	0059CE58
005DBFD0	mcPgRewards__IndividualItem__dtor_IndividualItem_void	104	neighbour	0059D060
005DC038	mcPgRewards__DefinitionSet__DefinitionSet_mcPgRewards__DefinitionSet_const__ref	272	neighbour	0059D0C8
005DC148	mcPgRewards__GetTypeName_void	12	neighbour	0059D1D8
005DC158	mcPgRubberBanding__RBRecord_const__ptr____lower_bound_mcPgRubberBanding__RBRecord_const__ptr__mcPgRubberBanding__RBRecord_bool__ptr__mcPgRubberBanding__RBRecord_const__ref__mcPgRubberBanding__RBRecord_const__ref__int_mcPgRubberB__78574ac85f	188	neighbour	0059D1E8
005DE088	void___final_insertion_sort_mcPgRubberBanding__RBRecord__ptr__bool__ptr__mcPgRubberBanding__RBRecord_const__ref__mcPgRubberBanding__RBRecord_const__ref__mcPgRubberBanding__RBRecord__ptr__mcPgRubberBanding__RBRecord__ptr__bool__p__1b2df57cf6	132	neighbour	0059E660
005DE110	mcPgRubberBanding__dtor_mcPgRubberBanding_void	276	neighbour	0059E6E8
005DE238	void_mcPgFileIOHelper__Write_mc__eCarClass_mcSerializer__FileDescriptor__ref__mc__eCarClass__ref__unsigned_int_char_const__ptr	200	neighbour	0059E810
005DE300	void_mcSerializer__Write_mc__eCarClass_mc__eCarClass_char_const__ptr	40	neighbour	0059E8D8
005DE328	mcPgSideQuests__dtor_mcPgSideQuests_void	40	neighbour	0059E900
005DE360	mcPgTaskBase__dtor_mcPgTaskBase_void	40	neighbour	0059E938
005DE388	mcPgTaskBase__DoesRequestFlowControl_void	8	neighbour	0059E960
005DE390	mcPgTaskBase__OnTaskStart_bool	8	neighbour	0059E968
005DE398	mcPgTaskBase__OnTaskEnd_void	8	neighbour	0059E970
005DE3A0	mcPgTaskBase__OnRaceLoad_void	8	neighbour	0059E978
005DE3A8	mcPgTaskBase__OnRaceUnload_void	8	neighbour	0059E980
005DE3B0	mcPgTaskBase__OnRaceUpdate_void	8	neighbour	0059E988
005DE3B8	mcPgTaskBase__OnRaceDraw_void	8	neighbour	0059E990
005DE3C0	mcPgTaskBase__SetupNextCareerEvent_void	8	neighbour	0059E998
005DE3C8	mcPgTaskBase__ReportRaceResult_mcPgCareer__eRaceResults	8	neighbour	0059E9A0
005DE3D0	mcPgTaskBase__ReportRaceSelected_unsigned_short	8	neighbour	0059E9A8
005DE3D8	mcPgTaskBase__ReportEndOfMovie_void	8	neighbour	0059E9B0
005DE3E0	mcPgTaskBase__DidPlayerCompleteTask_void_const	8	neighbour	0059E9B8
005DE3E8	mcPgTaskBase__ParseConfigData_datAsciiTokenizer__ref	8	neighbour	0059E9C0
005DE428	__uninitialized_copy_aux__H2ZPQ211mcPgTaskMgr18RegisteredTaskTypeZPQ211mcPgTaskMgr18RegisteredTaskType_X01X01X11G12__false_type_X11	52	neighbour	0059EA00
005DE460	vector_mcPgTaskMgr__RegisteredTaskType_allocator_mcPgTaskMgr__RegisteredTaskType____M_insert_aux_mcPgTaskMgr__RegisteredTaskType__ptr__mcPgTaskMgr__RegisteredTaskType_const__ref	604	neighbour	0059EA38
005DE6C0	__uninitialized_copy_aux__H2ZPQ211mcPgTaskMgr18IdByNameLookupNodeZPQ211mcPgTaskMgr18IdByNameLookupNode_X01X01X11G12__false_type_X11	44	neighbour	0059EC98
005DE6F0	vector_mcPgTaskMgr__IdByNameLookupNode_allocator_mcPgTaskMgr__IdByNameLookupNode____M_insert_aux_mcPgTaskMgr__IdByNameLookupNode__ptr__mcPgTaskMgr__IdByNameLookupNode_const__ref	516	neighbour	0059ECC8
005DE8F8	void___push_heap_mcPgTaskMgr__RegisteredTaskType__ptr__int_mcPgTaskMgr__RegisteredTaskType_mcPgTaskMgr__RegisteredTaskType__ptr__int_int_mcPgTaskMgr__RegisteredTaskType	248	neighbour	0059EED0
005DE9F0	void___adjust_heap_mcPgTaskMgr__RegisteredTaskType__ptr__int_mcPgTaskMgr__RegisteredTaskType_mcPgTaskMgr__RegisteredTaskType__ptr__int_int_mcPgTaskMgr__RegisteredTaskType	248	neighbour	0059EFC8
005DEAE8	void___make_heap_mcPgTaskMgr__RegisteredTaskType__ptr__mcPgTaskMgr__RegisteredTaskType_int_mcPgTaskMgr__RegisteredTaskType__ptr__mcPgTaskMgr__RegisteredTaskType__ptr__mcPgTaskMgr__RegisteredTaskType__ptr__int__ptr	176	neighbour	0059F0C0
005DEB98	void_sort_heap_mcPgTaskMgr__RegisteredTaskType__ptr__mcPgTaskMgr__RegisteredTaskType__ptr__mcPgTaskMgr__RegisteredTaskType__ptr	216	neighbour	0059F170
005DEC70	void___partial_sort_mcPgTaskMgr__RegisteredTaskType__ptr__mcPgTaskMgr__RegisteredTaskType_mcPgTaskMgr__RegisteredTaskType__ptr__mcPgTaskMgr__RegisteredTaskType__ptr__mcPgTaskMgr__RegisteredTaskType__ptr__mcPgTaskMgr__RegisteredTaskType__ptr	240	neighbour	0059F248
005DED60	mcPgTaskMgr__RegisteredTaskType__ptr____unguarded_partition_mcPgTaskMgr__RegisteredTaskType__ptr__mcPgTaskMgr__RegisteredTaskType_mcPgTaskMgr__RegisteredTaskType__ptr__mcPgTaskMgr__RegisteredTaskType__ptr__mcPgTaskMgr__RegisteredTaskType	248	neighbour	0059F338
005DEE58	void___introsort_loop_mcPgTaskMgr__RegisteredTaskType__ptr__mcPgTaskMgr__RegisteredTaskType_int_mcPgTaskMgr__RegisteredTaskType__ptr__mcPgTaskMgr__RegisteredTaskType__ptr__mcPgTaskMgr__RegisteredTaskType__ptr__int	344	neighbour	0059F430
005DEFB0	void___unguarded_linear_insert_mcPgTaskMgr__RegisteredTaskType__ptr__mcPgTaskMgr__RegisteredTaskType_mcPgTaskMgr__RegisteredTaskType__ptr__mcPgTaskMgr__RegisteredTaskType	136	neighbour	0059F588
005DF038	void___insertion_sort_mcPgTaskMgr__RegisteredTaskType__ptr__mcPgTaskMgr__RegisteredTaskType__ptr__mcPgTaskMgr__RegisteredTaskType__ptr	264	neighbour	0059F610
005DF140	void___unguarded_insertion_sort_aux_mcPgTaskMgr__RegisteredTaskType__ptr__mcPgTaskMgr__RegisteredTaskType_mcPgTaskMgr__RegisteredTaskType__ptr__mcPgTaskMgr__RegisteredTaskType__ptr__mcPgTaskMgr__RegisteredTaskType__ptr	100	neighbour	0059F718
005DF1A8	void___final_insertion_sort_mcPgTaskMgr__RegisteredTaskType__ptr__mcPgTaskMgr__RegisteredTaskType__ptr__mcPgTaskMgr__RegisteredTaskType__ptr	112	neighbour	0059F780
005DF218	void___push_heap_mcPgTaskMgr__IdByNameLookupNode__ptr__int_mcPgTaskMgr__IdByNameLookupNode_mcPgTaskMgr__IdByNameLookupNode__ptr__int_int_mcPgTaskMgr__IdByNameLookupNode	208	neighbour	0059F7F0
005DF2E8	void___adjust_heap_mcPgTaskMgr__IdByNameLookupNode__ptr__int_mcPgTaskMgr__IdByNameLookupNode_mcPgTaskMgr__IdByNameLookupNode__ptr__int_int_mcPgTaskMgr__IdByNameLookupNode	264	neighbour	0059F8C0
005DF3F0	void___make_heap_mcPgTaskMgr__IdByNameLookupNode__ptr__mcPgTaskMgr__IdByNameLookupNode_int_mcPgTaskMgr__IdByNameLookupNode__ptr__mcPgTaskMgr__IdByNameLookupNode__ptr__mcPgTaskMgr__IdByNameLookupNode__ptr__int__ptr	152	neighbour	0059F9C8
005DF488	void_sort_heap_mcPgTaskMgr__IdByNameLookupNode__ptr__mcPgTaskMgr__IdByNameLookupNode__ptr__mcPgTaskMgr__IdByNameLookupNode__ptr	200	neighbour	0059FA60
005DF550	void___partial_sort_mcPgTaskMgr__IdByNameLookupNode__ptr__mcPgTaskMgr__IdByNameLookupNode_mcPgTaskMgr__IdByNameLookupNode__ptr__mcPgTaskMgr__IdByNameLookupNode__ptr__mcPgTaskMgr__IdByNameLookupNode__ptr__mcPgTaskMgr__IdByNameLookupNode__ptr	228	neighbour	0059FB28
005DF638	mcPgTaskMgr__IdByNameLookupNode__ptr____unguarded_partition_mcPgTaskMgr__IdByNameLookupNode__ptr__mcPgTaskMgr__IdByNameLookupNode_mcPgTaskMgr__IdByNameLookupNode__ptr__mcPgTaskMgr__IdByNameLookupNode__ptr__mcPgTaskMgr__IdByNameLookupNode	184	neighbour	0059FC10
005DF6F0	void___introsort_loop_mcPgTaskMgr__IdByNameLookupNode__ptr__mcPgTaskMgr__IdByNameLookupNode_int_mcPgTaskMgr__IdByNameLookupNode__ptr__mcPgTaskMgr__IdByNameLookupNode__ptr__mcPgTaskMgr__IdByNameLookupNode__ptr__int	344	neighbour	0059FCC8
005DF848	void___unguarded_linear_insert_mcPgTaskMgr__IdByNameLookupNode__ptr__mcPgTaskMgr__IdByNameLookupNode_mcPgTaskMgr__IdByNameLookupNode__ptr__mcPgTaskMgr__IdByNameLookupNode	120	neighbour	0059FE20
005DF8C0	void___insertion_sort_mcPgTaskMgr__IdByNameLookupNode__ptr__mcPgTaskMgr__IdByNameLookupNode__ptr__mcPgTaskMgr__IdByNameLookupNode__ptr	232	neighbour	0059FE98
005DF9A8	void___unguarded_insertion_sort_aux_mcPgTaskMgr__IdByNameLookupNode__ptr__mcPgTaskMgr__IdByNameLookupNode_mcPgTaskMgr__IdByNameLookupNode__ptr__mcPgTaskMgr__IdByNameLookupNode__ptr__mcPgTaskMgr__IdByNameLookupNode__ptr	92	neighbour	0059FF80
005DFA08	void___final_insertion_sort_mcPgTaskMgr__IdByNameLookupNode__ptr__mcPgTaskMgr__IdByNameLookupNode__ptr__mcPgTaskMgr__IdByNameLookupNode__ptr	100	neighbour	0059FFE0
005DFAA0	void_fill_mcPgTaskMgr__RetiredTask__ptr__mcPgTaskMgr__RetiredTask_mcPgTaskMgr__RetiredTask__ptr__mcPgTaskMgr__RetiredTask__ptr__mcPgTaskMgr__RetiredTask_const__ref	44	neighbour	005A0078
005DFAD0	__uninitialized_fill_n_aux__H3ZPQ211mcPgTaskMgr11RetiredTaskZUiZQ211mcPgTaskMgr11RetiredTask_X01X11RCX21G12__false_type_X01	44	neighbour	005A00A8
005DFFD8	vector_char_const__ptr__allocator_char_const__ptr_____M_insert_aux_char_const__ptr__ptr__char_const__ptr_const__ref	424	neighbour	005A05B0
005E0180	__uninitialized_copy_aux__H2ZPQ211mcPgTaskMgr18NameByIdLookupNodeZPQ211mcPgTaskMgr18NameByIdLookupNode_X01X01X11G12__false_type_X11	44	neighbour	005A0758
005E01B0	vector_mcPgTaskMgr__NameByIdLookupNode_allocator_mcPgTaskMgr__NameByIdLookupNode____M_insert_aux_mcPgTaskMgr__NameByIdLookupNode__ptr__mcPgTaskMgr__NameByIdLookupNode_const__ref	516	neighbour	005A0788
005E05F0	void___push_heap_mcPgTaskMgr__NameByIdLookupNode__ptr__int_mcPgTaskMgr__NameByIdLookupNode_mcPgTaskMgr__NameByIdLookupNode__ptr__int_int_mcPgTaskMgr__NameByIdLookupNode	156	neighbour	005A0990
005E0690	void___adjust_heap_mcPgTaskMgr__NameByIdLookupNode__ptr__int_mcPgTaskMgr__NameByIdLookupNode_mcPgTaskMgr__NameByIdLookupNode__ptr__int_int_mcPgTaskMgr__NameByIdLookupNode	216	neighbour	005A0A30
005E0768	void___make_heap_mcPgTaskMgr__NameByIdLookupNode__ptr__mcPgTaskMgr__NameByIdLookupNode_int_mcPgTaskMgr__NameByIdLookupNode__ptr__mcPgTaskMgr__NameByIdLookupNode__ptr__mcPgTaskMgr__NameByIdLookupNode__ptr__int__ptr	152	neighbour	005A0B08
005E0800	void_sort_heap_mcPgTaskMgr__NameByIdLookupNode__ptr__mcPgTaskMgr__NameByIdLookupNode__ptr__mcPgTaskMgr__NameByIdLookupNode__ptr	200	neighbour	005A0BA0
005E08C8	void___partial_sort_mcPgTaskMgr__NameByIdLookupNode__ptr__mcPgTaskMgr__NameByIdLookupNode_mcPgTaskMgr__NameByIdLookupNode__ptr__mcPgTaskMgr__NameByIdLookupNode__ptr__mcPgTaskMgr__NameByIdLookupNode__ptr__mcPgTaskMgr__NameByIdLookupNode__ptr	224	neighbour	005A0C68
005E09A8	mcPgTaskMgr__NameByIdLookupNode__ptr____unguarded_partition_mcPgTaskMgr__NameByIdLookupNode__ptr__mcPgTaskMgr__NameByIdLookupNode_mcPgTaskMgr__NameByIdLookupNode__ptr__mcPgTaskMgr__NameByIdLookupNode__ptr__mcPgTaskMgr__NameByIdLookupNode	200	neighbour	005A0D48
005E0A70	void___introsort_loop_mcPgTaskMgr__NameByIdLookupNode__ptr__mcPgTaskMgr__NameByIdLookupNode_int_mcPgTaskMgr__NameByIdLookupNode__ptr__mcPgTaskMgr__NameByIdLookupNode__ptr__mcPgTaskMgr__NameByIdLookupNode__ptr__int	288	neighbour	005A0E10
005E0B90	void___unguarded_linear_insert_mcPgTaskMgr__NameByIdLookupNode__ptr__mcPgTaskMgr__NameByIdLookupNode_mcPgTaskMgr__NameByIdLookupNode__ptr__mcPgTaskMgr__NameByIdLookupNode	84	neighbour	005A0F30
005E0BE8	void___insertion_sort_mcPgTaskMgr__NameByIdLookupNode__ptr__mcPgTaskMgr__NameByIdLookupNode__ptr__mcPgTaskMgr__NameByIdLookupNode__ptr	228	neighbour	005A0F88
005E0CD0	void___unguarded_insertion_sort_aux_mcPgTaskMgr__NameByIdLookupNode__ptr__mcPgTaskMgr__NameByIdLookupNode_mcPgTaskMgr__NameByIdLookupNode__ptr__mcPgTaskMgr__NameByIdLookupNode__ptr__mcPgTaskMgr__NameByIdLookupNode__ptr	92	neighbour	005A1070
005E0D30	void___final_insertion_sort_mcPgTaskMgr__NameByIdLookupNode__ptr__mcPgTaskMgr__NameByIdLookupNode__ptr__mcPgTaskMgr__NameByIdLookupNode__ptr	100	neighbour	005A10D0
005E12F8	mcPgTaskMgr__NameByIdLookupNode_const__ptr____lower_bound_mcPgTaskMgr__NameByIdLookupNode_const__ptr__mcPgTaskMgr__NameByIdLookupNode_int_mcPgTaskMgr__NameByIdLookupNode_const__ptr__mcPgTaskMgr__NameByIdLookupNode_const__ptr__mc__a65fced10f	84	neighbour	005A1698
005E1748	void___push_heap_mcPgUnlockingRulesEval__GenericRuleNameToIdMapping__ptr__int_mcPgUnlockingRulesEval__GenericRuleNameToIdMapping_bool__ptr__mcPgUnlockingRulesEval__GenericRuleNameToIdMapping_const__ref__mcPgUnlockingRulesEval__G__f0e4ad2f94	220	neighbour	005A1AE8
005E1828	void___adjust_heap_mcPgUnlockingRulesEval__GenericRuleNameToIdMapping__ptr__int_mcPgUnlockingRulesEval__GenericRuleNameToIdMapping_bool__ptr__mcPgUnlockingRulesEval__GenericRuleNameToIdMapping_const__ref__mcPgUnlockingRulesEval__b40dde0333	280	neighbour	005A1BC8
005E1940	void___make_heap_mcPgUnlockingRulesEval__GenericRuleNameToIdMapping__ptr__bool__ptr__mcPgUnlockingRulesEval__GenericRuleNameToIdMapping_const__ref__mcPgUnlockingRulesEval__GenericRuleNameToIdMapping_const__ref__mcPgUnlockingRule__3ea078cc4a	168	neighbour	005A1CE0
005E19E8	void_sort_heap_mcPgUnlockingRulesEval__GenericRuleNameToIdMapping__ptr__bool__ptr__mcPgUnlockingRulesEval__GenericRuleNameToIdMapping_const__ref__mcPgUnlockingRulesEval__GenericRuleNameToIdMapping_const__ref__mcPgUnlockingRulesE__f2c7e922f7	216	neighbour	005A1D88
005E1AC0	void___partial_sort_mcPgUnlockingRulesEval__GenericRuleNameToIdMapping__ptr__mcPgUnlockingRulesEval__GenericRuleNameToIdMapping_bool__ptr__mcPgUnlockingRulesEval__GenericRuleNameToIdMapping_const__ref__mcPgUnlockingRulesEval__Ge__4d9d387595	252	neighbour	005A1E60
005E1BC0	mcPgUnlockingRulesEval__GenericRuleNameToIdMapping__ptr____unguarded_partition_mcPgUnlockingRulesEval__GenericRuleNameToIdMapping__ptr__mcPgUnlockingRulesEval__GenericRuleNameToIdMapping_bool__ptr__mcPgUnlockingRulesEval__Generi__f82d800139	196	neighbour	005A1F60
005E1C88	void___introsort_loop_mcPgUnlockingRulesEval__GenericRuleNameToIdMapping__ptr__mcPgUnlockingRulesEval__GenericRuleNameToIdMapping_int_bool__ptr__mcPgUnlockingRulesEval__GenericRuleNameToIdMapping_const__ref__mcPgUnlockingRulesEv__d9bcdcf804	356	neighbour	005A2028
005E1DF0	void___unguarded_linear_insert_mcPgUnlockingRulesEval__GenericRuleNameToIdMapping__ptr__mcPgUnlockingRulesEval__GenericRuleNameToIdMapping_bool__ptr__mcPgUnlockingRulesEval__GenericRuleNameToIdMapping_const__ref__mcPgUnlockingRu__638f35a206	132	neighbour	005A2190
005E1E78	void___insertion_sort_mcPgUnlockingRulesEval__GenericRuleNameToIdMapping__ptr__bool__ptr__mcPgUnlockingRulesEval__GenericRuleNameToIdMapping_const__ref__mcPgUnlockingRulesEval__GenericRuleNameToIdMapping_const__ref__mcPgUnlockin__fd0b16e98e	240	neighbour	005A2218
005E1F68	void___unguarded_insertion_sort_aux_mcPgUnlockingRulesEval__GenericRuleNameToIdMapping__ptr__mcPgUnlockingRulesEval__GenericRuleNameToIdMapping_bool__ptr__mcPgUnlockingRulesEval__GenericRuleNameToIdMapping_const__ref__mcPgUnlock__e45f1bf05c	108	neighbour	005A2308
005E1FD8	void___final_insertion_sort_mcPgUnlockingRulesEval__GenericRuleNameToIdMapping__ptr__bool__ptr__mcPgUnlockingRulesEval__GenericRuleNameToIdMapping_const__ref__mcPgUnlockingRulesEval__GenericRuleNameToIdMapping_const__ref__mcPgUn__a94fede1ae	120	neighbour	005A2378
005E2050	__uninitialized_copy_aux__H2ZPQ222mcPgUnlockingRulesEval26GenericRuleNameToIdMappingZPQ222mcPgUnlockingRulesEval26GenericRuleNameToIdMapping_X01X01X11G12__false_type_X11	44	neighbour	005A23F0
005E2080	vector_mcPgUnlockingRulesEval__GenericRuleNameToIdMapping_allocator_mcPgUnlockingRulesEval__GenericRuleNameToIdMapping____M_insert_aux_mcPgUnlockingRulesEval__GenericRuleNameToIdMapping__ptr__mcPgUnlockingRulesEval__GenericRuleN__62f17da892	516	neighbour	005A2420
005E2288	__uninitialized_copy_aux__H2ZPQ222mcPgUnlockingRulesEval31CareerOrderToRuleOrGroupMappingZPQ222mcPgUnlockingRulesEval31CareerOrderToRuleOrGroupMapping_X01X01X11G12__false_type_X11	44	neighbour	005A2628
005E22B8	vector_mcPgUnlockingRulesEval__CareerOrderToRuleOrGroupMapping_allocator_mcPgUnlockingRulesEval__CareerOrderToRuleOrGroupMapping____M_insert_aux_mcPgUnlockingRulesEval__CareerOrderToRuleOrGroupMapping__ptr__mcPgUnlockingRulesEva__436f5d9e12	516	neighbour	005A2658
005E24C0	void___push_heap_mcPgUnlockingRulesEval__CareerOrderToRuleOrGroupMapping__ptr__int_mcPgUnlockingRulesEval__CareerOrderToRuleOrGroupMapping_bool__ptr__mcPgUnlockingRulesEval__CareerOrderToRuleOrGroupMapping_const__ref__mcPgUnlock__a1972f810c	220	neighbour	005A2860
005E25A0	void___adjust_heap_mcPgUnlockingRulesEval__CareerOrderToRuleOrGroupMapping__ptr__int_mcPgUnlockingRulesEval__CareerOrderToRuleOrGroupMapping_bool__ptr__mcPgUnlockingRulesEval__CareerOrderToRuleOrGroupMapping_const__ref__mcPgUnlo__3b8b2e086f	280	neighbour	005A2940
005E26B8	void___make_heap_mcPgUnlockingRulesEval__CareerOrderToRuleOrGroupMapping__ptr__bool__ptr__mcPgUnlockingRulesEval__CareerOrderToRuleOrGroupMapping_const__ref__mcPgUnlockingRulesEval__CareerOrderToRuleOrGroupMapping_const__ref__mc__e3e513ad7f	168	neighbour	005A2A58
005E2760	void_sort_heap_mcPgUnlockingRulesEval__CareerOrderToRuleOrGroupMapping__ptr__bool__ptr__mcPgUnlockingRulesEval__CareerOrderToRuleOrGroupMapping_const__ref__mcPgUnlockingRulesEval__CareerOrderToRuleOrGroupMapping_const__ref__mcPg__eece21a52d	216	neighbour	005A2B00
005E2838	void___partial_sort_mcPgUnlockingRulesEval__CareerOrderToRuleOrGroupMapping__ptr__mcPgUnlockingRulesEval__CareerOrderToRuleOrGroupMapping_bool__ptr__mcPgUnlockingRulesEval__CareerOrderToRuleOrGroupMapping_const__ref__mcPgUnlocki__bb06decd65	252	neighbour	005A2BD8
005E2938	mcPgUnlockingRulesEval__CareerOrderToRuleOrGroupMapping__ptr____unguarded_partition_mcPgUnlockingRulesEval__CareerOrderToRuleOrGroupMapping__ptr__mcPgUnlockingRulesEval__CareerOrderToRuleOrGroupMapping_bool__ptr__mcPgUnlockingRu__8fc4f3d27d	196	neighbour	005A2CD8
005E2A00	void___introsort_loop_mcPgUnlockingRulesEval__CareerOrderToRuleOrGroupMapping__ptr__mcPgUnlockingRulesEval__CareerOrderToRuleOrGroupMapping_int_bool__ptr__mcPgUnlockingRulesEval__CareerOrderToRuleOrGroupMapping_const__ref__mcPgU__b02ce45b0e	356	neighbour	005A2DA0
005E2B68	void___unguarded_linear_insert_mcPgUnlockingRulesEval__CareerOrderToRuleOrGroupMapping__ptr__mcPgUnlockingRulesEval__CareerOrderToRuleOrGroupMapping_bool__ptr__mcPgUnlockingRulesEval__CareerOrderToRuleOrGroupMapping_const__ref__23c81e53a3	132	neighbour	005A2F08
005E2BF0	void___insertion_sort_mcPgUnlockingRulesEval__CareerOrderToRuleOrGroupMapping__ptr__bool__ptr__mcPgUnlockingRulesEval__CareerOrderToRuleOrGroupMapping_const__ref__mcPgUnlockingRulesEval__CareerOrderToRuleOrGroupMapping_const__re__8d8a21496f	240	neighbour	005A2F90
005E2CE0	void___unguarded_insertion_sort_aux_mcPgUnlockingRulesEval__CareerOrderToRuleOrGroupMapping__ptr__mcPgUnlockingRulesEval__CareerOrderToRuleOrGroupMapping_bool__ptr__mcPgUnlockingRulesEval__CareerOrderToRuleOrGroupMapping_const__e6160f4588	108	neighbour	005A3080
005E2D50	void___final_insertion_sort_mcPgUnlockingRulesEval__CareerOrderToRuleOrGroupMapping__ptr__bool__ptr__mcPgUnlockingRulesEval__CareerOrderToRuleOrGroupMapping_const__ref__mcPgUnlockingRulesEval__CareerOrderToRuleOrGroupMapping_con__629706d9f2	120	neighbour	005A30F0
005E2DC8	mcPgUnlockingRulesEval__CareerOrderToRuleOrGroupMapping__ptr____lower_bound_mcPgUnlockingRulesEval__CareerOrderToRuleOrGroupMapping__ptr__mcPgUnlockingRulesEval__CareerOrderToRuleOrGroupMapping_bool__ptr__mcPgUnlockingRulesEval__a4b2a24b26	152	neighbour	005A3168
005E2E60	mcPgUnlockingRulesEval__GenericRuleNameToIdMapping_const__ptr____lower_bound_mcPgUnlockingRulesEval__GenericRuleNameToIdMapping_const__ptr__mcPgUnlockingRulesEval__GenericRuleNameToIdMapping_bool__ptr__mcPgUnlockingRulesEval__Ge__c4b3a912f2	152	neighbour	005A3200
005E2EF8	mcPgUnlockingRulesEval__dtor_mcPgUnlockingRulesEval_void	432	neighbour	005A3298
005E30B0	mcPgFuzzyRulesEval_mcPgVehicleEvalId___dtor_mcPgFuzzyRulesEval_void	40	neighbour	005A3450
005E30D8	mcPgFuzzyRulesEval_mcPgVehicleEvalId___PrintRuleWeights_bool_bool_const	8	neighbour	005A3478
005E30E0	mcPgFuzzyRulesEval_mcPgVehicleEvalId___EvaluateItem_mcPgVehicleEvalId_const	524	neighbour	005A3480
005E3600	mcPgFuzzyRulesEval_mcPgVehicleEvalId___FindHighestEvaluation_int_mcPgFuzzyRulesEval_mcPgVehicleEvalId___EvaluationResult__ptr__const	80	neighbour	005A3810
005E3650	mcPgFuzzyRulesEval_mcPgVehicleEvalId___RemoveItemsBasedOnEvalRatio_int_mcPgFuzzyRulesEval_mcPgVehicleEvalId___EvaluationResult__ptr__float	200	neighbour	005A3860
005E3718	mcPgFuzzyRulesEval_mcPgVehicleEvalId___SelectItem_mcPgVehicleEvalId__ref__float_float	412	neighbour	005A3928
005E38B8	mcPgVehicleSetup__GetTypeName_void	12	neighbour	005A3AC8
005E38C8	mcPgFuzzyRulesEval_mcPgVehicleEvalId___FileIO_datParser__ref	28	neighbour	005A3AD8
005E3B88	void___push_heap_mcPgBinaryRulesEvalBase__RuleOrGroup__ptr__int_mcPgBinaryRulesEvalBase__RuleOrGroup_mcPgBinaryRulesEvalBase__RuleOrGroup__Less_mcPgBinaryRulesEvalBase__RuleOrGroup__ptr__int_int_mcPgBinaryRulesEvalBase__RuleOrGr__aeff0daed2	192	neighbour	005A3D98
005E3C48	void___adjust_heap_mcPgBinaryRulesEvalBase__RuleOrGroup__ptr__int_mcPgBinaryRulesEvalBase__RuleOrGroup_mcPgBinaryRulesEvalBase__RuleOrGroup__Less_mcPgBinaryRulesEvalBase__RuleOrGroup__ptr__int_int_mcPgBinaryRulesEvalBase__RuleOr__505e9debd3	288	neighbour	005A3E58
005E3D68	void___make_heap_mcPgBinaryRulesEvalBase__RuleOrGroup__ptr__mcPgBinaryRulesEvalBase__RuleOrGroup__Less_mcPgBinaryRulesEvalBase__RuleOrGroup_int_mcPgBinaryRulesEvalBase__RuleOrGroup__ptr__mcPgBinaryRulesEvalBase__RuleOrGroup__ptr__0d71d339c8	184	neighbour	005A3F78
005E3E20	void_sort_heap_mcPgBinaryRulesEvalBase__RuleOrGroup__ptr__mcPgBinaryRulesEvalBase__RuleOrGroup__Less_mcPgBinaryRulesEvalBase__RuleOrGroup__ptr__mcPgBinaryRulesEvalBase__RuleOrGroup__ptr__mcPgBinaryRulesEvalBase__RuleOrGroup__Less	276	neighbour	005A4030
005E3F38	void___partial_sort_mcPgBinaryRulesEvalBase__RuleOrGroup__ptr__mcPgBinaryRulesEvalBase__RuleOrGroup_mcPgBinaryRulesEvalBase__RuleOrGroup__Less_mcPgBinaryRulesEvalBase__RuleOrGroup__ptr__mcPgBinaryRulesEvalBase__RuleOrGroup__ptr__6967ec1cfd	312	neighbour	005A4148
005E4070	mcPgBinaryRulesEvalBase__RuleOrGroup__ptr____unguarded_partition_mcPgBinaryRulesEvalBase__RuleOrGroup__ptr__mcPgBinaryRulesEvalBase__RuleOrGroup_mcPgBinaryRulesEvalBase__RuleOrGroup__Less_mcPgBinaryRulesEvalBase__RuleOrGroup__pt__d7ba2a4712	220	neighbour	005A4280
005E4150	void___introsort_loop_mcPgBinaryRulesEvalBase__RuleOrGroup__ptr__mcPgBinaryRulesEvalBase__RuleOrGroup_int_mcPgBinaryRulesEvalBase__RuleOrGroup__Less_mcPgBinaryRulesEvalBase__RuleOrGroup__ptr__mcPgBinaryRulesEvalBase__RuleOrGroup__a8be577e3a	436	neighbour	005A4360
005E4308	void___unguarded_linear_insert_mcPgBinaryRulesEvalBase__RuleOrGroup__ptr__mcPgBinaryRulesEvalBase__RuleOrGroup_mcPgBinaryRulesEvalBase__RuleOrGroup__Less_mcPgBinaryRulesEvalBase__RuleOrGroup__ptr__mcPgBinaryRulesEvalBase__RuleOr__da9a1d81a9	120	neighbour	005A4518
005E4380	void___insertion_sort_mcPgBinaryRulesEvalBase__RuleOrGroup__ptr__mcPgBinaryRulesEvalBase__RuleOrGroup__Less_mcPgBinaryRulesEvalBase__RuleOrGroup__ptr__mcPgBinaryRulesEvalBase__RuleOrGroup__ptr__mcPgBinaryRulesEvalBase__RuleOrGroup__Less	320	neighbour	005A4590
005E44C0	void___unguarded_insertion_sort_aux_mcPgBinaryRulesEvalBase__RuleOrGroup__ptr__mcPgBinaryRulesEvalBase__RuleOrGroup_mcPgBinaryRulesEvalBase__RuleOrGroup__Less_mcPgBinaryRulesEvalBase__RuleOrGroup__ptr__mcPgBinaryRulesEvalBase__R__324abaca67	120	neighbour	005A46D0
005E4538	void___final_insertion_sort_mcPgBinaryRulesEvalBase__RuleOrGroup__ptr__mcPgBinaryRulesEvalBase__RuleOrGroup__Less_mcPgBinaryRulesEvalBase__RuleOrGroup__ptr__mcPgBinaryRulesEvalBase__RuleOrGroup__ptr__mcPgBinaryRulesEvalBase__Rul__6fd7cb2600	120	neighbour	005A4748
005E4618	__uninitialized_copy_aux__H2ZPQ223mcPgBinaryRulesEvalBase15RuleTrackRecordZPQ223mcPgBinaryRulesEvalBase15RuleTrackRecord_X01X01X11G12__false_type_X11	52	neighbour	005A4828
005E4650	vector_mcPgBinaryRulesEvalBase__RuleTrackRecord_allocator_mcPgBinaryRulesEvalBase__RuleTrackRecord____M_insert_aux_mcPgBinaryRulesEvalBase__RuleTrackRecord__ptr__mcPgBinaryRulesEvalBase__RuleTrackRecord_const__ref	612	neighbour	005A4860
005E48B8	void_vector_mcPgBinaryRulesEvalBase__RuleTrackRecord_allocator_mcPgBinaryRulesEvalBase__RuleTrackRecord____M_assign_aux_mcPgBinaryRulesEvalBase__RuleTrackRecord__ptr__mcPgBinaryRulesEvalBase__RuleTrackRecord__ptr__mcPgBinaryRule__7908f69508	644	neighbour	005A4AC8
005E4B40	mcPgBinaryRulesEvalBase__OnRuleEvaluationChange_int_unsigned_int_bool	8	neighbour	005A4D50
005E4B48	mcPgKBHookman__dtor_mcPgKBHookman_void	48	neighbour	005A4D58
005E4B78	mcPgKBOpenHookman__dtor_mcPgKBOpenHookman_void	48	neighbour	005A4D88
005E4BA8	mcPgFuzzyRulesEval_mcPgVehicleEvalId___mcPgFuzzyRulesEval_int	52	neighbour	005A4DB8
005E4BE0	mcPgVehicleSelect__dtor_mcPgVehicleSelect_void	40	neighbour	005A4DF0
005E4C08	phArchetypeBase__dtor_phArchetypeBase_void	48	neighbour	005A4E18
005E4C38	phArchetype__GetClassType_void_const	8	neighbour	005A4E48
005E4C40	phArchetype__GetClassTypeString_void_const	12	neighbour	005A4E50
005E4D30	rmcTexturePS2__GetMipMapCount_void_const	8	neighbour	00580610
005E4D38	rmcRenderTargetPS2__GetName_void_const	8	neighbour	00580620
005E4D40	rmcRenderTargetPS2__GetWidth_void_const	8	neighbour	00580628
005E4D48	rmcRenderTargetPS2__GetHeight_void_const	8	neighbour	00580630
005E4D70	mcArchetypeBreak__GetClassType_void_const	8	neighbour	00580690
005E4D78	mcArchetypeBreak__GetClassTypeString_void_const	12	neighbour	00580698
005E4E40	mcForceField__GetClassType_void_const	8	neighbour	005806B8
005E5B70	mcPlayerSpecialAbilityTune__dtor_mcPlayerSpecialAbilityTune_void	68	neighbour	005A5D28
005E5BD8	mcCameraEffect__dtor_mcCameraEffect_void	28	neighbour	005A5D90
005E5CB0	mcPowerUpSource__operator_assign_mcPowerUpSource_const__ref	356	neighbour	005A5EA0
005E5E18	mcPowerupTuneData__GetDirName_void	12	neighbour	005A6008
005E5E78	mshMaterial__operator_assign_mshMaterial_const__ref	1040	neighbour	005A6068
005E6288	void_Serialize_mshPrimitive_mshSerializer__ref__mshArray_mshPrimitive_64__ref	1136	neighbour	005A6478
005E66F8	void_Serialize_mshSkin_mshSerializer__ref__mshArray_mshSkin_64__ref	852	neighbour	005A68E8
005E6A50	void_Serialize_Vector3_mshSerializer__ref__mshArray_Vector3_64__ref	812	neighbour	005A6C40
005E6D80	void_Serialize_mshTangentBinormal_mshSerializer__ref__mshArray_mshTangentBinormal_64__ref	836	neighbour	005A6F70
005E70C8	void_Serialize_Vector2_mshSerializer__ref__mshArray_Vector2_64__ref	804	neighbour	005A72B8
005E73F0	void_Serialize_mshAdjunct_mshSerializer__ref__mshArray_mshAdjunct_64__ref	844	neighbour	005A75E0
005E7B28	void_Serialize_unsigned_short_mshSerializer__ref__mshArray_unsigned_short_64__ref	576	neighbour	005A7D18
005E7DA8	vehDamage__Impact_phImpactBase__ptr__phInst__ptr	8	neighbour	005A7F90
005E7DB8	vehInput__Impact_phImpactBase__ptr__phInst__ptr	8	neighbour	005A7F98
005E7DC0	vehInput__SetIndex_int	8	neighbour	005A7FA0
005E7DC8	vehSim__Impact_phImpactBase__ptr__phInst__ptr	8	neighbour	005A7FA8
005E7E90	vehFireSoundData__dtor_vehFireSoundData_void	40	neighbour	005A8070
005E7EB8	vehHornSoundData__dtor_vehHornSoundData_void	40	neighbour	005A8098
005E7F40	vehSndData__dtor_vehSndData_void	40	neighbour	005A80C8
005E8B68	Curve__PostInitVerts_void	8	neighbour	005A8D38
005E8B70	vehBaseCS__GetClassTypeString_void_const	12	neighbour	005A8D40
005E8B80	vehBaseCS__SetCollideType_int	8	neighbour	005A8D50
005E8E40	vehGyro__Impact_phImpactBase__ptr__phInst__ptr	8	neighbour	005A8FD0
