001A0008	ENTRYPOINT	0.3619	graph	001A0008
001A0CF0	main	0.1111	graph	001A0248
001A1438	mcGame__InitCareer_void	0.5417	graph	001A0C50
001A14B0	mcGame__PreDraw_void	0.2643	graph	001A0CC0
001A23A8	mcGame__Execute_void	0.1537	graph	001A19D8
001A3148	mcGame__UpdateGarage_void	0.1379	graph	001A2858
001A32B0	mcGame__UpdateInGameFrontend_void	0.2235	graph	001A2A88
001A3530	mcGame__UpdateInGameRaceEditor_void	0.0868	graph	001A2D10
001A3670	mcGame__UpdateCityLifeSim_void	0.3459	graph	001A2E60
001A3780	mcGame__Update_void	0.1268	graph	001A2F60
001A3AA8	mcGame__Reset_bool	0.0909	graph	001A32B8
001A4280	mcGameAudio__ShutdownClass_void	0.1875	graph	001A39B8
001A4360	mcGameAudio__Update_void	0.0670	graph	001A3A98
001A43E8	mcGameAudio__Reset_bool	0.0958	graph	001A3B20
001A4458	mcGameAudio__SetCitywallaTargetPosition_Vector3_const__ref	0.2156	graph	001A3B90
001A4488	mcGameAudio__LoadCity_void	0.1167	graph	001A3BC0
001A4660	mcGameAudio__AudioEvent_mcGameAudio__eGameAudioEvents_int_int_bool	0.6771	graph	001A3D78
001A4AD8	mcGameAudio__MusicAudioEvent_mcGameAudio__eGameAudioEvents_int_int	0.1488	graph	001A4158
001A4C18	mcGameAudio__SpeechAudioEvent_mcGameAudio__eGameAudioEvents_int_int_bool	0.0238	graph	001A4318
001A5180	mcGameState__mcGameState_void	0.1000	graph	001A4668
001A5238	mcGameState__CreateInstance_void	0.2710	graph	001A4740
001A5340	mcGameState__ProcessRequests_void	0.0833	graph	001A4848
001A55D0	mcGameState__ChangeState_mcBaseState__eState	0.1500	graph	001A4B60
001A5700	mcGameState__EnterStateGame_void	0.4278	graph	001A4C90
001A5918	mcGameState__EnterStateReplay_void	0.2056	graph	001A4E68
001A5A28	mcGameState__EnterStateMovie_void	0.2000	graph	001A4FB8
001A5B08	mcGameState__EnterStateMC3Frontend_void	0.3583	graph	001A5060
001A6050	mcGameState__EnterStateRaceEditor_void	0.2778	graph	001A5550
001A6470	mcGameState__EnterStateGarage_void	0.2000	graph	001A58B8
001A6798	mcGameState__EnterStateGameOrReplay_bool	0.0484	graph	001A5FA8
001A73D0	mcGameState__DoPauseSimulation_void	0.0713	graph	001A6C80
001A74C8	mcGameState__DoResumeSimulation_void	0.2577	graph	001A6DA0
001A7590	mcGameState__DoPauseLocally_void	0.1098	graph	001A6E50
001A7670	mcGameState__DoResumeLocally_void	0.0870	graph	001A6F30
001A8458	mcStatsManagerGame__NetworkSync_void	0.3333	graph	001A7B80
001A8D50	mcLayer__Load_void	0.1250	graph	001A7CF8
001A8DA0	mcLayer__Unload_void	0.2700	graph	001A7D48
001A8E28	mcLayer__ResetTextureCache_void	0.1828	graph	001A8050
001A9210	mcLayerCity__Unload_void	0.1667	graph	001A8490
001A9828	mcLayerManager__PostLoad_mcLayer__eLayer	0.4128	graph	001A8AA8
001A9A10	mcLayerMovie__Load_void	0.0588	graph	001A8C90
001A9BA8	mcLayerMovie__Unload_void	0.2238	graph	001A8D50
001AA348	mcLayerRace__Unload_void	0.5474	graph	001A9458
001AA780	mcLayerRaceEditor__Load_void	0.3056	graph	001A9880
001AAB60	mcLoadingThread__Thread__FPv	0.0909	graph	001A9A88
001AC898	mcMusic__LoadRace_void	0.4185	graph	001AA438
001AD2F0	mcMusic__Reset_void	0.1250	graph	001AAEB8
001AD678	mcMusic__StartRandomTrack_void	0.5288	graph	001AB498
001AD778	mcMusic__PrimeMusic_void	0.2500	graph	001AB300
001AD808	mcMusic__StartCurrentTrack_void	0.5769	graph	001AB3B8
001ADAC8	mcMusic__DisplayTrackName_int	0.2000	graph	001AB720
001ADF18	mcMusic__Update_void	0.5409	graph	001ABAA8
001AE6E8	mcMemCard__CreateInstance_void	0.1042	graph	001AC110
001AE770	mcMemCard__GetResult_int__ref	1.0236	graph	001AC198
001AE7D8	mcMemCard__Update_void	1.1417	graph	001AC210
001AEA10	mcMemCard__SetResultCallback_Base__ptr__void_Base___ptr__Base__ptr__int	0.0714	graph	001AC438
001AFF98	mcMemCard__SetActiveSavegameDirectory_char_const__ptr	0.1349	graph	001AD618
001B13A8	mcMemCard__GetInfoStart_int_int__ptr__char_const__ptr__int__ptr__int__ptr__bool	0.4917	graph	001AE7A0
001B1418	mcMemCard__GetInfoStart_int_char_const__ptr__int__ptr__int__ptr__bool	1.0833	graph	001AE810
001B1450	mcMemCard__SetIconDisplayName_void	0.2917	graph	001AE848
001B16C0	mcMemCard__HasCareerSavedataChanged_void	0.2778	graph	001AE9C8
001B1760	mcMemCard__PrintResultMessage_int_char_const__ptr___varargs	0.3667	graph	001AEA50
001B17A0	mcMemCard__PrintResultMessageArgsList_int_char_const__ptr__char__ptr	0.2000	graph	001AEA90
001B3F90	mcNetManagerDerived__HandleHostInfo_netHostInfoMessage_const__ref__int	0.1389	graph	001B0110
001B4358	mcNetManagerDerived__HandlePlayerAndInput_mcNetPlayerAndInputMessage_const__ref__int	0.1968	graph	001B0340
001B5B08	mcNetManagerDerived__HandleStartCountdown_mcNetStartCountdownMessage_const__ref__int	0.1667	graph	001B1928
001B6C08	mcNetManagerDerived__HandleNetworkAvailability_mcNetNetworkAvailableMessage_const__ref__int	0.3333	graph	001B2998
001B84E8	mcNetManagerThreadDerived__Update_void	0.2000	graph	001B3970
001B97C8	mcGameAudio__PostLoadRace_void	0.1429	graph	001A3C38
001B9E58	mcAudioRaceSpeech__Reset_bool	0.2678	graph	001B5570
001BAC30	mcAudioRaceSpeech__PauseOn_void	0.1385	graph	001B7120
001BAC48	mcAudioRaceSpeech__PlaySpeech_mcAudioPlaylist__ptr__float_bool_int	0.4519	graph	001B7138
001BB1D8	mcReplayManager__StartRecord_void	0.2000	graph	001B80E8
001BB500	mcGamePhysicsSimulator__PreCollide_void	0.1250	graph	001B8388
001BB520	mcGamePhysicsSimulator__PostCollide_void	0.1667	graph	001B83A8
001BBB70	mcGamePhysicsSimulator__IsDeathWater_phImpact__ref__const	0.2455	graph	001B87D8
001BBD68	PointOnEllipsoid_Vector3__ref__Vector3_const__ref__Vector3_const__ref	0.1667	graph	001B89D0
001BBE88	mcGamePhysicsSimulator__ApplyCarPenetrationHack_void	0.0529	graph	001B8AF0
001BC530	mcAudioCityWalla__mcAudioCityWalla_void	0.2067	graph	001B9100
001BCE38	mcAudioCityWalla__Reset_void	0.1429	graph	001B9838
001BCE80	mcAudioCityWalla__Stop_void	0.4167	graph	001B9880
001BD158	mcAudioCityWalla__Update_void	0.3200	graph	001B9B38
001BD638	mcAudioCityWallaData__dtor_mcAudioCityWallaData_void	0.1470	graph	001B9F80
001BD750	mcAudioCityWallaData__Load_char_const__ptr	0.4679	graph	001BA098
001BDEC0	mcLayerAmbients__Unload_void	0.3083	graph	001BA7B0
001BE0C8	mcLayerConditions__Load_void	0.7769	graph	001BA980
001BE300	mcLayerGarage__Load_void	0.3333	graph	001BABA0
001BED80	mcReplay__StartRecord_void	0.2000	graph	001B7660
001BF5B8	IsPivot_char_const__ptr__char_const__ptr	0.4206	graph	001BB3A0
001BF5E0	IsPivotPrefix_char_const__ptr__char_const__ptr__char_const__ptr	0.2319	graph	001BB3C8
001BFA48	mcChunkMgr__Blast_int_float_Vector3_const__ref__Vector3_const__ref__Vector3_const__ref__float_float_int	0.2667	graph	001BB830
001BFC80	mcInstBucket__Blast_int_float_Vector3_const__ref__Vector3_const__ref__Vector3_const__ref__float_float	0.2000	graph	001BBA68
001C0178	mcInstBucket__Draw_void	0.1220	graph	001BBF60
001C0518	mcExplosionShockwave__init_void	0.2746	graph	001BC300
001C06E8	mcExplosionShockwave__draw_void	0.1776	graph	001BC3E8
001C11E0	mcExplosionFlash__draw_void	0.1736	graph	001BC930
001C1988	mcExplosionParticles__update_void	0.2000	graph	001BD0D8
001C1FA8	mcExplosionFireball__update_void	0.3133	graph	001BD6F8
001C22C8	mcExplosionFireball__draw_void	0.1496	graph	001BDA18
001C2750	mcExplosion__draw_void	0.1257	graph	001BDE10
001C2808	mcExplosion__update_void	0.2500	graph	001BDEC8
001C28D0	mcExplosion__init_void	0.6000	graph	001BDF90
001C2A00	mcExplosion__mcExplosion_void	0.1018	graph	001BE0C0
001C2D00	mcExplosion__updateAll_void	0.2615	graph	001BE3C0
001C2D60	mcExplosion__drawAll_void	0.1109	graph	001BE420
001C3010	mcGlassPtxManager__DrawAll_void	0.3079	graph	001BE6D0
001C4EC0	mcGlassPtx__Draw_void	0.1775	graph	001C0580
001C67D8	rtHalton__Init_long_int	0.3095	graph	001C1F58
001C6920	mcHandOfGod__mcHandOfGod_void	0.0686	graph	001C20A0
001C6A40	mcHandOfGod__Reset_void	0.1429	graph	001C21C0
001C6A60	mcHandOfGod__Draw_void	0.0503	graph	001C21E0
001C7088	mcDisrupter__CreateClass_void	0.2643	graph	001C27E8
001C70F8	mcDisrupter__Draw_void	0.0486	graph	001C2858
001C7130	mcDisrupter__DrawBadTripEffect_void	0.3705	graph	001C2890
001C7D30	mcDisrupter__DrawOldTVEffect_void	0.2500	graph	001C3370
001C7E50	mcEffects__dtor_mcEffects_void	0.3984	graph	001C3498
001C7FA8	RenderVIF1Packets_RefDMA_unsigned_long_long__ptr__int	0.1306	graph	001C35C0
001C88D8	mcFbGlow__RegenerateHDR_BlurPackets_void	0.1667	graph	001C3EF0
001C8F48	mcFbGlow__dtor_mcFbGlow_void	0.2041	graph	001C4560
001C9120	mcFbGlow__InitClass_void	0.1325	graph	001C4738
001C9148	mcFbGlow__DestroyClass_void	0.1429	graph	001C4760
001C93E8	mcFbGlow__DownsampleFrameBuffer_void	0.2040	graph	001C4A00
001C9720	mcFbGlow__CalcRadialBlurCenter_Vector3_Vector3	0.2372	graph	001C4D38
001C9CC8	mcFbGlow__DrawBlurredTraffic_void	0.1373	graph	001C52E0
001CA488	mcFbGlow__DrawRadialBlur_float_float_float	0.3554	graph	001C5A90
001CD038	mcFbGlow__DrawSimpleBlur_void	0.1206	graph	001C8640
001CD500	mcFbGlow__Draw_void	0.1492	graph	001C8B08
001CD538	mcFbGlow__DrawComplexGlow_void	0.1813	graph	001C8B40
001CDF50	mcFbGlowTuneParams__GenerateFilterTable_void	0.3333	graph	001C9558
001CE528	mcTrashMgr__CreateClass_void	0.1880	graph	001C9B18
001CEC38	mcTrashMgr__UpdateNodeLighting_int	0.1667	graph	001CA1F8
001CEEE0	mcTrashMgr__UpdateAll_void	0.1970	graph	001CA4A0
001D00B8	mcLedMgr__InitClass_void	0.1984	graph	001CB680
001D0190	mcLedMgr__StopUsingLed_mcLed__ptr	0.1026	graph	001CB758
001D0320	mcLedMgr__RebuildAlphaRampTable_void	0.1429	graph	001CB8E8
001D0470	mcLedMgr__DrawAll_void	0.0555	graph	001CBA38
001D08C8	mcLed__Draw_void	0.1701	graph	001CBE90
001D0EF0	mcLed__DoNewPoint_Vector3_const__ref__bool	0.3372	graph	001CC658
001D2230	mcLed__Reset_void	0.3095	graph	001CD9A0
001D41D0	mcParticleFogMgr__Place_datResource__ref	0.1667	graph	001CF938
001D41F0	mcParticleFogMgr__mcParticleFogMgr_datResource__ref	0.3333	graph	001CF958
001D4F20	mcSpark__lineEmit_int_Vector3_const__ref__Vector3_const__ref__Vector3_const__ref__Vector3_const__ref__Vector4_const__ref__Vector4_const__ref__float_float_float	0.3429	graph	001D0698
001D5410	mcSpark__SetActiveTableBit_int	0.1667	graph	001D0B88
001D5460	mcSpark__makeSparks_int_Vector3_const__ref__Vector3_const__ref__Vector3_const__ref__Vector4_const__ref__Vector4_const__ref__float_float_float	0.4750	graph	001D0BD8
001D5B58	mcSpark__draw_void	0.3168	graph	001D12D0
001D64C8	mcSpotlightMgr__RenderAllTypes_mcPassTypes	0.0588	graph	001D1C40
001D65E0	mcSpotlightTuneParams__Load_char_const__ptr	0.0868	graph	001D1D58
001D6860	mcSpotlight__mcSpotlight_void	0.2307	graph	001D1FD8
001D70D8	mcSpotlight__SetupGifPackets_void	0.1025	graph	001D28D0
001D72E8	mcSpotlight__Init_float_float_int_int_mcSpotlightTuneParams_const__ptr__bool	0.0878	graph	001D2AE0
001D7310	mcSpotlight__setPlayerParams_void	0.1667	graph	001D2B18
001D7320	mcSpotlight__backfaceCull_Matrix34__ref	0.1169	graph	001D2B28
001D76E0	mcSpotlight__drawAll_void	0.1554	graph	001D2EE8
001D78D8	mcSpotlight__draw_Matrix34__ref__int	0.1122	graph	001D3010
001D7A90	mcSpotlight__beginDraw_void	0.1732	graph	001D31C8
001D7B68	mcSpotlight__AdjustBlackLevel_Vector3__ref	0.3254	graph	001D32A0
001D7BF0	mcSpotlight__finishDraw_void	0.2935	graph	001D3328
001D86E8	mcSpotlight__draw_void	0.1914	graph	001D3D70
001D95A8	mcSwPtx__Draw_void	0.4329	graph	001D4BE0
001D9830	mcSwPtx__Update_void	0.4289	graph	001D4E68
001D99D0	mcSwPtx__AddSystem_char__ptr__int	0.2573	graph	001D5008
001D9A70	mcSwPtx__AddSystem_swPtxBirth__ptr__int	0.3232	graph	001D50A8
001DA990	mcRoadReflectorSystem__mcRoadReflectorSystem_void	0.2000	graph	001D5FC8
001DAB78	mcRoadReflectorSystem__CreateClass_void	0.1032	graph	001D61B0
001DB3C0	CalcSplineBasisVectors_float_mcRoadReflectorNode__ref__mcRoadReflectorNode__ref__Vector3__ref__Vector3__ref	0.2500	graph	001D69F8
001DB4F8	mcRoadReflectorSystem__DrawRail_int	0.2083	graph	001D6B30
001DBD58	mcRoadReflectorSystem__RenderAllTypes_mcPassTypes	0.2117	graph	001D7340
001DC158	mcSenseOfSpeed__DrawMotionBlurAndSpecialAbilityEffects_void	0.0364	graph	001D76E8
001DC9F8	turboBlurEffect__init_int	0.1453	graph	001D7EA8
001DCD48	turboBlurEffect__setBlendColor_int_float	0.1345	graph	001D81F8
001DCDE0	turboBlurEffect__blitViewport_int	0.1373	graph	001D8290
001DD5D0	turboBlurEffect__draw_void	0.2380	graph	001D8A80
001DDA30	mcColorFilter__RenderAllTypes_mcPassTypes	0.1649	graph	001D8EE0
001E0F28	mcFeInternet__GetMyGuid_void	0.2985	graph	001DC160
001E1108	mcFeInternet__FinishLogon_void	0.2500	graph	001DC260
001E12B8	mcFeInternet__Update_void	0.1250	graph	001DC2E0
001E1548	mcFeInternet__HandleNetworkShutdown_void	0.3333	graph	001DC4F0
001E1558	mcFeInternet__HandleNetworkAvailable_void	0.0909	graph	001DC4F8
001E1618	mcFeInternet__RevalidateStatsConnection_void	0.1603	graph	001DC590
001E16F8	mcFeInternet__ShutdownGOAStatsConnection_void	0.0833	graph	001DC678
001E1790	mcFeInternet__SetNotificationStatus_bool_bool_bool_void_const__ptr__unsigned_int	0.6802	graph	001DC6E8
001E28E0	mcFeInternet__OnlineStatsFinish_void	0.2500	graph	001DD370
001E2BC0	mcFeInternet__Logon_unsigned_int_bool_int	0.1111	graph	001DD780
001E2E38	mcFeInternet__CreateInternetMatch_mc__eCity_mc__eNetworkRaceTypes_int_int_mc__eMultiplayerTeamMode_mc__eTOD_mc__eWeather_mc__ePowerUpMode_mc__eAllowedCars_unsigned_int_int_int	0.3860	graph	001DD998
001E30A0	mcFeInternet__JoinMatch_void	0.2159	graph	001DDBB0
001E36A8	mcFeInternet__GetMatchAttributeQuality_int	0.4393	graph	001DE118
001E4020	mcFeInternet__EndHostSelect_void	0.2000	graph	001DE7E0
001E42E8	mcFeInternet__RecvBuddyReqCB_void__ptr__ptr__void__ptr__void__ptr	0.3475	graph	001DEAA8
001E4660	mcClanMgr__ParseClanResults_char_const__ptr__int_void__ptr	0.2000	graph	001E16C8
001E4AD0	mcFeInternet__AddFriend_int	0.3429	graph	001DEDC0
001E4B90	mcFeInternet__GetProfileInfo_int_void__ptr	0.3250	graph	001DEE38
001E4BD0	mcFeInternet__RecvBuddyStatusCB_void__ptr__ptr__void__ptr__void__ptr	0.1667	graph	001DEE78
001E4D30	mcFeInternet__ShutdownGP_void	0.6667	graph	001DEFF0
001E4F00	mcFeInternet__InitGP_void	0.3333	graph	001DF680
001E5060	mcFeInternet__GOAStatsAuthentication_void	0.3095	graph	001DF810
001E50F0	mcFeInternet__ConnectGOAAccountCB_void__ptr__ptr__void__ptr__void__ptr	0.4500	graph	001DF8A8
001E5238	mcFeInternet__ConnectGOAAccount_bool_bool	0.2000	graph	001DF9F0
001E5398	mcFeInternet__InvitesGetNumGameInvites_void	0.1964	graph	001DFBE0
001E55D0	mcFeInternet__FriendRequest_int_char_const__ptr	0.1667	graph	001DFDA0
001E55F8	mcFeInternet__FriendsGetIndexByProfileID_int	0.5345	graph	001DFDC8
001E57F0	mcFeInternet__FriendRemove_int	0.2500	graph	001DFF90
001E5940	mcFeInternet__FriendAnswerRequest_int_mcFeInternet__FriendRequestEnum_bool	0.4881	graph	001E00E0
001E5FB0	mcLobbyDerived__HandleQRPlayerKey_void__ptr__int_int_qr2_buffer_s__ptr	0.2338	graph	001E06C0
001E6158	mcLobbyDerived__HandleQRTeamKey_void__ptr__int_int_qr2_buffer_s__ptr	0.0909	graph	001E0868
001E66E8	mcFeInternet__Draw_void	0.0729	graph	001E0A78
001E6E00	mcNetworkHostSelect__StartSearch_void	0.1250	graph	00343C90
001E7648	mcClanMgr__GetInstance_void	0.6776	graph	001E13B8
001E81C8	piHandleOldNFO_void__ptr__piPlayer__ptr__char_const__ptr	0.0508	graph	005283D0
001E8D10	mcClanMgr__DemoteMember_netGUID	0.1111	graph	001E2538
001E8F98	phICSLinkInstance__UpdateWorld_void	0.4167	graph	001E2798
001E9088	phICSLinkType__Zero_phICSLinkInstance__ref__const	0.1667	graph	001E2888
001E9110	phICSLinkType__GetBodyMatrix_Matrix34__ref__const	0.3500	graph	001E2910
001E9290	phICSLinkType__ResetWorldSituation_phICSLinkInstance__ref__Situation_const__ref__const	0.3333	graph	001E2A90
001E92C8	phICSLinkType__SetWorldSituation_phICSLinkInstance__ref__Situation_const__ref__const	0.1250	graph	001E2AC8
001E9480	phICSLinkTypeBall__GetBodyMatrix_Matrix34__ref__const	0.4167	graph	001E2C80
001EA838	phICSLinkTypeElbow__GetBodyMatrix_Matrix34__ref__const	0.1429	graph	001E4038
001ED298	gfxModel__Create_char_const__ptr__char_const__ptr__int_unsigned_int	0.1429	graph	001E6A98
001ED378	gfxGetModelPrefix_char_const__ptr__char_const__ptr__int_unsigned_int	0.3429	graph	001E6B78
001EF840	swPtxBirth__swPtxBirth_void	0.0369	graph	001E9068
001EFA80	swPtxBirth__LoadTexture_char_const__ptr__short_short	0.3709	graph	001E92A8
001EFB08	swPtxBirth__SetTexture_gfxTexture__ptr__unsigned_char_unsigned_char	0.5270	graph	001E9330
001EFB40	swPtxBirth__ComputeTextureCoordinates_void	0.1469	graph	001E9368
001EFCB8	swPtxBirth__Load_char_const__ptr__unsigned_char	0.4108	graph	001E94E0
001EFD80	swPtxBirth__FinishLoad_void	0.0714	graph	001E95A8
001F1110	swPtxPaperSystem__PostLoad_void	0.4103	graph	001EA938
001F13E8	swPtxPaperSystem__CreateGroup_int	0.1923	graph	001EAC10
001F18F0	swPtxPaperSystem__Update_float	0.2500	graph	001EB118
001F24A0	swPtxPaperSystem__PaperObject__CalcForces_float	0.4000	graph	001EBCC8
001F2DC0	swPtxSystem__swPtxSystem_void	0.2381	graph	001EC5E8
001F3D60	swPropPtxSystem__Blast_Vector3__ref__int_swPtxBirth__ptr	0.2000	graph	001ED580
001F42D8	swPropPtxSystem__BlastTransformed_Vector3__ref__int_Matrix34_const__ref__swPtxBirth__ptr	0.1111	graph	001EDAF8
001F5608	swPtxSystem__Load_char_const__ptr__int	0.5000	graph	001EEE28
001F5688	swPtxSystem__Init_swPtxBirth__ptr__int	0.1964	graph	001EEEA8
001F5700	swPtxSystem__LoadBirth_char_const__ptr	0.0714	graph	001EEF20
001F5CD0	vehWheelPtx__ConstructClass_char_const__ptr	0.0972	graph	001EF4F0
001F66A8	netAddress__netAddress_void	0.1650	graph	001EFEA8
001F67F8	netAddress__FixUp_unsigned_char	0.1667	graph	001EFFF8
001F6878	fclose	0.2500	graph	001FB9C0
001F6880	fread	0.3333	graph	001FB9C8
001F77F8	netHardware__IsDNASComplete_void_const	0.2500	graph	001F0960
001F7810	netHardware__StartDNAS_void	0.2500	graph	001F0978
001F8320	netHardware__StopNetwork_void	0.2000	graph	001F0E50
001F8448	netHardware__BeginThread_char_const__ptr__bool	0.6004	graph	001F0EE0
001F8468	netHardware__EndThread_void	0.4909	graph	001F0F00
001F8488	netHardware__TerminateNetwork_void	0.2917	graph	001F0F20
001F84F8	mcNetManager__Update_void	0.2500	graph	0037BD10
001F8C80	netManager__HostSessionPhaseGo_net__ePhase_int	0.2419	graph	001F16C0
001F9EB8	netManagerThread__UpdateIncoming_void	0.3692	graph	001F28D8
001FB3E0	netManagerThread__SetInternetMode_bool	0.3333	graph	001F3C88
001FDE98	netManagerThread__HostSessionPhaseGo_net__ePhase_int	0.1250	graph	001F6448
002008D0	netSocket__Shutdown_void	0.2935	graph	001F8E48
00200928	netSocket__Receive_netAddress__ref__void__ptr__unsigned_int	0.2576	graph	001F8EA0
00200A18	netSocket__Send_netAddress_const__ref__void_const__ptr__unsigned_int	0.2500	graph	001F8F80
00203AF8	netConfiguration__GetNumConfigurations_void	0.4762	graph	0053B4F8
00203B08	netConfiguration__GetConfiguration_int	0.7338	graph	0053B508
00203B30	netConfiguration__GetDefaultConfiguration_void	0.6429	graph	0053B530
00203E08	mcUIProjector__CreateInstance_void	0.2255	graph	001FBD40
00203F08	mcUIProjector__SetupScreen_void	0.1297	graph	001FBE40
00203FC8	mcUIProjector__TakeDownScreen_void	0.0678	graph	001FBF00
00205588	mcAudioManager__sStreamCtrl__sStreamCtrl_mcAudioManager__eStreamType	0.2571	graph	001FD428
00205648	mcAudioManager__sStreamCtrl__dtor_sStreamCtrl_void	0.3359	graph	001FD4E0
002056C8	mcAudioManager__StreamPlayAlternate_mcAudioManager__eStreamType_char_const__ptr	0.1917	graph	001FD560
00205790	mcAudioManager__StreamPrime_mcAudioManager__eStreamType_char_const__ptr	0.2500	graph	001FD630
00205900	mcAudioManager__StreamPlay_mcAudioManager__eStreamType_char_const__ptr	0.2159	graph	001FD7B0
00205AC8	mcAudioManager__StreamStop_mcAudioManager__eStreamType	0.2679	graph	001FD8D0
00205CA0	mcAudioManager__StreamIsPlaying_mcAudioManager__eStreamType_const	0.1576	graph	001FDA48
00205D90	mcAudioManager__StreamIsValid_mcAudioManager__eStreamType_const	0.3250	graph	001FDB38
00205DA0	mcAudioManager__StreamSetVolume_mcAudioManager__eStreamType_float	0.2180	graph	001FDB48
00205EA0	mcAudioManager__CreateInstance_bool	0.1667	graph	001FDC48
00207C80	sceSifQueryMaxFreeMemSize	0.1667	graph	004FFDC0
00207E68	mcAudioManager__LoadCityBanks_void	0.3126	graph	001FF4D0
002080E0	mcAudioManager__GetWallaCanPlay_void_const	0.1436	graph	001FF820
002081F8	sndBankMgr__LoadBank_char_const__ptr__eControlType_bool_bool	0.3015	graph	0040BAB0
00208450	mcAudioManager__GetImpactBankName_void	0.0582	graph	001FF898
002085D0	mcAudioManager__GetUserInterfaceBankName_void	0.0286	graph	001FFA08
00208648	mcAudioVolumeGroup__mcAudioVolumeGroup_bool_char_const__ptr__mcLocalPlayerOptions__mcConfigVolumeType_bool	0.3917	graph	001FFA18
00208910	mcAudioPlaylist__mcAudioPlaylist_void	0.3393	graph	001FFDB8
00209290	mcAudioPlaylist__GetSelectedTuneName_char__ptr__int_const	0.2000	graph	002009C0
002092C0	mcAudioPlaylist__PickRandomEntry_void	0.1250	graph	002009F0
00209480	mcAudioPlaylist__GetRandomEntry_char__ptr__int	0.1909	graph	00200B70
00209560	mcAudioPlaylist__GetEntry_char__ptr__int_int	0.1000	graph	00200C50
00209608	mcAudioRpcMgr__CreateInstance_void	0.2018	graph	00200CF8
00209680	mcAudioRpcMgr__mcAudioRpcMgr_void	0.2500	graph	00200D70
00209D80	mcAudioEvent__mcAudioEvent_char_const__ptr	0.2083	graph	002011C0
0020A9D8	swfCONTEXT__swfCONTEXT_swfFILE__ref__unsigned_short_unsigned_short_unsigned_short_int	0.5929	graph	00201E08
0020AF60	swfCONTEXT__GetVariant_char_const__ptr	0.3956	graph	00202390
0020AFB0	swfCONTEXT__SetVariant_char_const__ptr	0.2500	graph	002023E0
0020B0C0	swfCONTEXT__SetArrayVariant_char_const__ptr__int_swfVARIANT_const__ref	0.1825	graph	002024F0
0020B1D0	swfCONTEXT__GetGlobal_char_const__ptr__int__ref	0.1714	graph	00202600
0020B258	swfCONTEXT__SetGlobal_char_const__ptr__bool	0.1292	graph	00202688
0020B290	swfCONTEXT__GetGlobal_char_const__ptr__bool__ref	0.1339	graph	002026C0
0020B310	swfCONTEXT__GetGlobal_char_const__ptr__char__ptr__int	0.1958	graph	00202740
0020B890	swfFILE__Place_datResource__ref	0.0667	graph	00202CC0
0020B8B0	swfFILE__swfFILE_datResource__ref	0.3333	graph	00202CE0
0020BE78	swfSYMTAB__Insert_char_const__ptr__swfVARIANT_const__ref	0.5333	graph	002032A8
0020BF10	swfSYMTAB__Access_char_const__ptr__const	0.4860	graph	00203340
0020C590	swfSCRIPTOBJECT__GetProperty_char_const__ptr__swfVARIANT__ref	0.1706	graph	002039C0
0020C668	swfINSTANCE__SetProperty_char_const__ptr__swfVARIANT_const__ref	0.2429	graph	00203A98
0020C8F8	swfSCRIPTOBJECT__SetProperty_char_const__ptr__swfVARIANT_const__ref	0.1429	graph	00203D28
0020C918	swfINSTANCE__GetChild_unsigned_short_const	0.4500	graph	00203D48
0020C950	swfINSTANCE__AddChild_unsigned_short_swfOBJECT__ptr	0.2500	graph	00203D80
0020CA08	swfINSTANCE__RemoveChild_unsigned_short	0.3333	graph	00203E38
0020CBC8	swfINSTANCE__LoseFocus_void	0.3333	graph	00203FF8
0020D820	Sound_start_swfBASE__ref__int_swfVARIANT_const__ptr__swfVARIANT__ref	0.3500	graph	00204C50
0020D8C8	Sound_stop_swfBASE__ref__int_swfVARIANT_const__ptr__swfVARIANT__ref	0.1000	graph	00204CF8
0020DBE0	swfSCRIPTOBJECT__AddMethod_char_const__ptr__void__ptr__swfBASE__ref__int_swfVARIANT_const__ptr__swfVARIANT__ref	0.2000	graph	00205010
0020DDB8	swfSCRIPTOBJECT__GetGlobal_char_const__ptr	0.3492	graph	002051E8
0020DDE0	swfSCRIPTOBJECT__CreateGlobal_char_const__ptr	0.2540	graph	00205210
0020DE30	swfSCRIPTOBJECT__CallGlobalMethod_swfBASE__ptr__char_const__ptr__int_swfVARIANT_const__ptr__swfVARIANT__ref	0.2500	graph	00205260
0020E628	swfVARIANT__asBool_void_const	0.3026	graph	00205A58
0020E6A0	swfVARIANT__IsStringOrInt_void_const	0.0911	graph	00205AD0
0020E750	swfVARIANT__asInt_void_const	0.9549	graph	00205B80
0020E970	swfVARIANT__asObject_void_const	0.3860	graph	00205DA0
0020E990	swfVARIANT__Destroy_void	0.1429	graph	00205DC0
0020E998	swfSTRING__swfSTRING_void	0.1708	graph	00205DC8
0020EAD0	swfSTRING__New_char_const__ptr	0.3860	graph	00205E98
00210DD0	swfEDITTEXT__Draw_swfDRAWINFO_const__ref__swfOBJECT__DRAWSTATE_const	0.2667	graph	002081B0
00212CD0	swfCMD_PlaceObject2ClipEvent__RunEvents_swfINSTANCE__ref__unsigned_int_char_const__ptr__const	0.3026	graph	0020A0A0
00212D70	swfCMD_PlaceObject2__Update_swfINSTANCE__ref__const	0.4167	graph	0020A140
00213058	swfCMD_PlaceObject2ClipEvent__UpdateStopped_swfINSTANCE__ref__const	0.4167	graph	0020A428
002131F0	swfCMD_RemoveObject2__Update_swfINSTANCE__ref__const	0.1667	graph	0020A5C0
00213438	mcTrainSegment__mcTrainSegment_void	0.2500	graph	0020AED8
00213588	mcTrainSegment__Init_mcTrainType__ref	0.1119	graph	0020B080
00213800	KillPivotHashTable_void	0.1667	graph	001BB478
00213950	mcLayerAmbients__Load_void	0.1667	graph	001BA4A0
00213E20	mcTrainSegment__Render_mcPassTypes	0.2393	graph	0020B700
00215F48	aiAmbientAudioObstacle__SetAudioRolloff_sndControl3d__ptr__float	0.3125	graph	0020D9C0
00215F90	aiAmbientAudioObstacle__SetObstacle_aiObstacle__ptr	0.3186	graph	0020DA08
00216B28	aiAmbientAudioManager__Impact_aiObstacle__ptr__float	0.1292	graph	0020E370
00216D20	aiAmbientAudioManager__Reset_void	0.1213	graph	0020E518
00216E08	aiAmbientAudioManager__Update_void	0.1875	graph	0020E5D8
00217C18	aiAmbientCollider__Start_aiAmbientVehicle__ptr	0.1458	graph	0020F158
00217EE0	aiAmbientCollider__Stop_void	0.1429	graph	0020F420
00217F50	aiAmbientCollider__StartWithTrailer_aiAmbientVehicle__ptr	0.1778	graph	0020F490
00218360	aiAmbientCollider__StopWithTrailer_void	0.4046	graph	0020F8A0
002183D0	aiAmbientCollider__StartAsTrailer_aiAmbientVehicle__ptr	0.2560	graph	0020F910
00218828	aiAmbientCollider__StopAsTrailer_void	0.4778	graph	0020FD68
002191B8	aiAmbientColliderManager__SetAmbientColliderFree_aiAmbientCollider__ptr	0.2000	graph	00210760
00219628	aiTrafficPopulateParams__InitializeTrafficParamHoodVehicleType_aiAmbientTrafficData__ref	0.2000	graph	00210BD0
00219778	aiAmbientVehicleInstances__Init_int_mcAmbientDistrib__ref__atArray_aiAmbientType__ptr__8_unsigned_short_65535__ref	0.1487	graph	00210D08
00219A88	aiAmbientVehicleInstances__AddControlledAmbientVehicle_mcAmbientControlled__ref__mcRaceAmbient__ref	0.2957	graph	00211018
00219CF0	ShouldPopulateTraffic_void	0.1000	graph	00211280
00219D08	aiAmbientTrafficData__Delete_void	0.2970	graph	00211298
00219D88	aiAmbientTrafficData__Reset_void	0.5667	graph	00211318
0021A1F0	aiAmbientTrafficData__GetNumAmbientTypes_void_const	0.0909	graph	002118E8
0021A1F8	aiAmbientTrafficData__InitializeControlledAmbient_int	0.2540	graph	002118F0
0021A560	aiAmbientTrafficData__LoadRaceSpecificAmbientTypes_mcRaceBase__ref	0.1604	graph	00211C58
0021A6C8	aiAmbientTrafficData__AddControlledAmbient_mcRaceBase__ref	0.1040	graph	00211DC0
0021AA48	aiAmbientTrafficData__Load_void	0.0909	graph	00212140
0021B218	aiAmbientTrafficData__GetRandomVehicleTypeName_bool_bool_char__ptr	0.2000	graph	00212900
0021B238	aiAmbientTrafficData__CalcPhysicsLOD_Vector3_const__ref	0.3333	graph	002129B8
0021B718	aiAmbientTrafficData__ErrorPropagateBasedVehicleSlotting_int_bool	0.3200	graph	00212E80
0021C1D0	aiAmbientTrafficData__FreeCollider_aiAmbientCollider__ptr	0.2500	graph	00213918
0021C290	aiAmbientTrafficData__Update_aiAmbientVehicle__ptr__int_int__ref__int__ref__int_int__ref__int_float_float__ref	0.1667	graph	002139D8
0021C4F0	aiAmbientTrafficData__Update_void	0.1974	graph	00213BF0
0021C7F0	aiAmbientTrafficData__SwerveVehicle_aiAmbientVehicle__ref__Vector3_const__ref__Vector3_const__ref	0.2955	graph	00213FF0
0021C938	aiAmbientTrafficData__UpdateRoar_void	0.4823	graph	002146B8
0021DC38	aiAmbientTrafficData__InitializeTrafficParamHoodVehicleType_void	0.2714	graph	00215750
0021DC58	aiAmbientTrafficData__BreakObject_aiAmbientVehicle__ptr	0.1500	graph	00215770
0021DDA8	aiAmbientTrafficData__SetTrafficMaxDensityPrecentage_int	0.4103	graph	002157D0
0021DE88	aiAmbientTraffic__ShutdownInstance_void	0.2255	graph	00215898
0021DED8	aiAmbientTraffic__dtor_aiAmbientTraffic_void	0.1775	graph	002158E8
0021E0E0	aiAmbientTrafficData__aiAmbientTrafficData_datResource__ref	0.3250	graph	00215AF0
0021E2D0	aiAmbientTrafficData__Place_datResource__ref	0.1833	graph	00215CE8
0021E2F0	aiAmbientVehicleInstances__aiAmbientVehicleInstances_datResource__ref	0.2083	graph	00215D08
0021E558	aiAmbientTrailer__aiAmbientTrailer_void	0.1000	graph	00215E48
0021E610	aiAmbientTrailer__dtor_aiAmbientTrailer_void	0.1174	graph	00215EF0
0021E6C8	aiAmbientTrailer__SetUnbrokenArchetype_phArchetypePhys__ptr	0.1381	graph	00215FA8
0021E730	aiAmbientTrailer__aiAmbientTrailer_datResource__ref	0.2000	graph	00216010
0021E820	aiAmbientType__aiAmbientType_void	0.3346	graph	002160F0
0021F860	aiAmbientType__Init_char_const__ptr__short	0.4537	graph	00216FE0
0021F8D8	aiAmbientType__GetIndexForTag_char_const__ptr	0.0882	graph	00217058
00220B60	mcAmbientTypePool__SetPoolSize_int	0.2290	graph	002183A0
00221298	aiAmbientWindowDamage__CalcMatrices_void	0.5683	graph	00218AD8
00221410	aiAmbientWindowDamage__DrawPlanes_Matrix34_const__ref__rmcShaderData__ptr	0.0946	graph	00218C50
00222C40	aiAmbientClass__aiAmbientClass_datResource__ref	0.1667	graph	0021A1B0
00222D90	aiAmbientWindowDamage__aiAmbientWindowDamage_datResource__ref	0.1064	graph	0021A300
00222E78	aiAmbientType__aiAmbientType_datResource__ref	0.3922	graph	0021A3E8
002234F8	aiAmbientVehicle__aiAmbientVehicle_void	0.4492	graph	0021A950
00223610	aiAmbientVehicle__InitializeVehicleParams_void	0.1111	graph	0021AA60
00223B60	aiAmbientVehicle__dtor_aiAmbientVehicle_void	0.1250	graph	0021AF58
00223F58	aiAmbientVehicle__Spawn_Vector3_const__ref__Vector3_const__ref	0.3309	graph	0021B200
00224280	aiAmbientVehicle__Init_aiAmbientType__ptr__mcAmbientPoolManager__TAmbTypePool_int	0.4167	graph	0021B4E8
002243A8	aiAmbientVehicle__UpdateLodInformation_void	0.2500	graph	0021B618
00226240	aiAmbientVehicle__Activate_unsigned_short_float_int	0.1429	graph	0021BB10
00226CD0	aiAmbientVehicle__UpdateMoving_float	0.4583	graph	0021E4C0
00227028	aiAmbientVehicle__UpdateCollider_float	0.2909	graph	0021EA28
00227988	aiAmbientVehicle__UpdateTrailerMatrix_void	0.1667	graph	0021F458
00227CA0	aiAmbientVehicle__UpdateTrailerBound_void	0.2186	graph	0021F770
00227EC0	aiAmbientVehicle__ProcessDamage_float	0.1623	graph	0021F990
00228018	aiAmbientVehicle__PreImpact_phImpactBase__ptr__phInst__ptr	0.2291	graph	0021F998
002287A8	aiAmbientVehicle__EmitAgroDeathParticles_void	0.2338	graph	0021FFB8
00228BE0	aiAmbientVehicle__DetachChunk_int	0.3220	graph	00220368
00229068	aiAmbientVehicle__BreakWindows_void	0.0936	graph	002207F0
00229448	aiAmbientVehicle__ApplyBrakes_bool	0.2485	graph	00220BC8
002295B0	aiAmbientVehicle__AlignToTerrain_void	0.3111	graph	00220BF0
002297F8	aiAmbientVehicle__ResetGround_void	0.2262	graph	00220EC0
00229AA0	aiAmbientVehicle__ResetInstance_void	0.4345	graph	00221158
00229CC8	aiAmbientVehicle__EnterColliderState_void	0.0667	graph	00221260
0022A018	aiAmbientVehicle__LeaveColliderState_void	0.6921	graph	00221518
0022AB30	aiAmbientVehicle__GetVelocity_void_const	0.2345	graph	00222210
0022AC20	aiAmbientVehicle__DownloadDamageParams_void	0.0758	graph	00222300
0022AF18	aiAmbientVehicle__Render_mcPassTypes	0.2208	graph	002225F8
0022D770	aiAmbientVehicle__DestroySmoke_void	0.1548	graph	00224D10
0022D9E8	aiAmbientVehicle__aiAmbientVehicle_datResource__ref	0.2714	graph	00224F88
0022DB58	__static_initialization_and_destruction_0__00225110	0.2500	graph	00225110
0022DD80	_GLOBAL_$I$c__soft_mc3_src_mctraffic_ambientvehicle_cpp3qaaaa	0.1667	graph	00225368
0022E618	mcAmbientControlledPath__mcAmbientControlledPath_void	0.3056	graph	00225A88
0022E658	mcAmbientControlledPath__SetToStart_void	0.2500	graph	00225AC8
0022E940	aiAmbientTrafficData__UpdateAmbientVehicle_aiAmbientVehicle__ref__float	0.0909	graph	00225F78
0022EBF0	aiAmbientTrafficData__UpdateVehicleLodTimeSliced_aiAmbientVehicle__ptr__int_int__ref__int_float_float__ref	0.1250	graph	00226268
0022FB78	mcTrainType__mcTrainType_void	0.1623	graph	0020C590
0022FC48	mcTrainType__Release_void	0.0909	graph	0020C688
00230230	mcAmbientControlled__mcAmbientControlled_void	0.1250	graph	00229E90
00230490	mcAmbientControlled__Spawn_void	0.0909	graph	0022A098
00230850	mcVehiclePoolData__mcVehiclePoolData_void	0.2000	graph	0022A458
002309D0	mcAmbientDistrib__nFindVehicleSequenceNumber_bool_bool_char_const__ptr__const	0.4167	graph	0022A5D8
00230A30	mcAmbientDistrib__nFindVehicleSequenceNumber_char_const__ptr__const	0.2468	graph	0022A638
00230CB0	mcAmbientDistrib__GetRandomVehicleTypeName_bool_bool_char__ptr__const	0.3415	graph	0022A8B8
00230D18	mcAmbientDistrib__GetVehiclePoolData_int_const	0.1909	graph	0022A920
00230D30	mcAmbientDistrib__GetVehicleTypeCount_void_const	0.1909	graph	0022A938
00230F58	mcAmbientDistrib__Init_int_int	0.1707	graph	0022AB60
002316D8	mcAmbientDistrib__FirstPass_datAsciiTokenizer__ref	0.2667	graph	0022B2E0
002322C0	mcTrainBuilder__Init_char_const__ptr	0.1484	graph	00227F98
00232780	mcTrainBuilder__LoadTrain_mcTrain__ref__datBaseTokenizer__ref	0.3436	graph	002285E0
00232D48	mcTrainBuilder__BuildTrainTracks_void	0.2525	graph	00228B00
002357F8	ioMemCard__SetIconDisplayName_char_const__ptr	0.2000	graph	0022C240
002358D0	ioMemCard__SetAmbientLight_Vector3_const__ref	0.2292	graph	0022C318
00235C30	ioMemCard__UpdateInitDirectory_void	0.1979	graph	0022C678
00235CB8	ioMemCard__UpdateInitData_void	0.1833	graph	0022C700
00236400	ioMemCard__WriteIconSysUpdate_void	0.1000	graph	0022CE48
00236470	ioMemCard__UpdateFileExists_void	0.2313	graph	0022CEB8
00236840	ioMemCard__UpdateSaveFile_void	0.3667	graph	0022D288
00236A30	ioMemCard__UpdateLoadFile_void	0.2000	graph	0022D478
00237038	ioMemCard__UpdateOpen_void	0.2313	graph	0022DA80
002370E0	ioMemCard__UpdateRead_void	0.2313	graph	0022DB28
00237200	ioMemCard__UpdateClose_void	0.1562	graph	0022DC48
00237250	ioMemCard__Update_int__ref	1.4028	graph	0022DC98
002374E8	ioMemCard__GetFileName_int	0.0340	graph	0022DF30
002376F8	ioMemCard__ExistsAsync_char_const__ptr__int__ref	0.2500	graph	0022E140
002377B0	ioMemCard__MkdirAsync_char_const__ptr__int__ref	0.2778	graph	0022E1F8
00237858	ioMemCard__OpenAsync_char_const__ptr__int_int__ref	0.3239	graph	0022E2A0
00237A18	ioMemCard__ReadAsync_int_void__ptr__int_int__ref	0.1989	graph	0022E460
00237BE0	ioMemCard__CloseAsync_int_int__ref	0.4611	graph	0022E628
00237C78	ioMemCard__strtosjis_unsigned_char__ptr__unsigned_char__ptr	0.4333	graph	0022E6C0
00237E48	ioPad__SetSupportMultitap_bool	0.1429	graph	0022E890
00237E58	ioPad__Begin_int	0.7000	graph	0022E8A0
0023DD80	Matrix34__Add_Matrix34_const__ref	0.2338	graph	00234428
0023DEA8	Matrix34__Add3x3_Matrix34_const__ref	0.2111	graph	00234550
0023E210	Matrix34__AddScaled3x3_Matrix34_const__ref__float	0.1000	graph	002348B8
0023E308	Matrix34__Dot_Matrix34_const__ref__Matrix34_const__ref	0.7000	graph	002349B0
0023E3B0	Matrix34__DotTranspose_Matrix34_const__ref	0.2333	graph	00234A58
0023E860	Matrix34__Dot3x3_Matrix34_const__ref	0.2750	graph	00234F08
0023E9C8	Matrix34__Dot3x3_Matrix34_const__ref__Matrix34_const__ref	0.3880	graph	00235070
0023EB80	Matrix34__Dot3x3Transpose_Matrix34_const__ref	0.2667	graph	00235228
0023ECF8	Matrix34__Dot3x3Transpose_Matrix34_const__ref__Matrix34_const__ref	0.2778	graph	002353A0
0023F0D8	Matrix34__Rotate_Vector3_const__ref__float	0.2159	graph	00235780
0023F110	Matrix34__RotateX_float	0.2142	graph	002357B8
0023F148	Matrix34__RotateY_float	0.3419	graph	002357F0
0023F180	Matrix34__RotateZ_float	0.2083	graph	00235828
0023F1B8	Matrix34__RotateUnitAxis_Vector3_const__ref__float	0.2262	graph	00235860
0023F1F0	Matrix34__RotateLocalX_float	0.2361	graph	00235898
0023F320	Matrix34__RotateLocalY_float	0.1465	graph	002359C8
0023F440	Matrix34__RotateLocalZ_float	0.2020	graph	00235AE8
0023F560	Matrix34__RotateFull_Vector3_const__ref__float	0.2504	graph	00235C08
0023F5C8	Matrix34__MakeRotate_Vector3_const__ref__float	0.2250	graph	00235C70
0023F788	Matrix34__MakeRotateX_float	0.2915	graph	00235E30
0023F808	Matrix34__MakeRotateY_float	0.2082	graph	00235EB0
0023F888	Matrix34__MakeRotateZ_float	0.0839	graph	00235F30
0023F908	Matrix34__MakeRotateUnitAxis_Vector3_const__ref__float	0.1248	graph	00235FB0
0023FB68	Matrix34__GetEulers_char_const__ptr__const	0.1955	graph	00236210
0023FF40	Matrix34__FromEulers_Vector3_const__ref__char_const__ptr	0.2333	graph	002365E8
00240090	Matrix34__FromEulersXYZ_Vector3_const__ref	0.2500	graph	00236738
00240408	Matrix34__FromEulersZXY_Vector3_const__ref	0.2429	graph	00236AB0
002405B8	Matrix34__FromEulersZXYNoVu0_Vector3_const__ref	0.2500	graph	00236C60
00240728	Matrix34__FromQuaternion_Quaternion_const__ref	0.4381	graph	00236DD0
00240948	Matrix34__Scale_float	0.3994	graph	00236EC0
002409C0	Matrix34__Scale_float_float_float	0.1789	graph	00236F38
00240AD8	Matrix34__Inverse_void	0.1678	graph	00237050
00240B70	Matrix34__Inverse_Matrix34_const__ref	0.1250	graph	002370E8
00240ED0	Matrix34__FastInverse_Matrix34_const__ref	0.0799	graph	00237448
00240F80	Matrix34__Transpose_void	0.3880	graph	002374F8
00240FB8	Matrix34__Transpose_Matrix34_const__ref	0.2500	graph	00237530
00241128	Matrix34__LookDown_Vector3_const__ref	0.2186	graph	002376A0
00241308	Matrix34__PolarView_float_float_float_float	0.1111	graph	00237880
00241390	Matrix34__Dot3x3CrossProdMtx_Vector3_const__ref	0.2000	graph	00237908
002414C8	Matrix34__Dot3x3CrossProdTranspose_Vector3_const__ref	0.1429	graph	00237A40
00241700	Matrix34__Normalize_void	0.1292	graph	00237C78
00241968	Matrix34__Interpolate_Matrix34_const__ref__Matrix34_const__ref__float	0.2667	graph	00237EE0
00241AD8	Matrix34__SolveSVD_Vector3_const__ref__Vector3__ref__const	0.1909	graph	00238050
002429B8	Matrix44__Identity_void	0.0703	graph	00238F30
00242A10	Matrix44__Zero_void	0.0588	graph	00238F88
00242AB0	Matrix44__ToMatrix34_Matrix34__ref__const	0.1520	graph	00239028
00243040	Matrix44__DotNoVu0_Matrix44_const__ref__Matrix44_const__ref	0.0909	graph	002395B8
00243448	Matrix44__Dot_Matrix44_const__ref__Matrix44_const__ref	0.2000	graph	002399C0
002434C0	Vector4__Dot_Vector4_const__ref__Matrix44_const__ref	0.5333	graph	00239A38
002434F0	Matrix44__FastInverse_Matrix44_const__ref	0.0500	graph	00239A68
00243708	Quaternion__Slerp_float_Quaternion_const__ref__Quaternion_const__ref	0.1338	graph	00239C80
00243A50	Quaternion__FromMatrix34_Matrix34_const__ref	0.2714	graph	00239FC8
00244370	Situation__ToMatrix34_Matrix34__ref__const	0.1964	graph	0023A8E8
00244510	Situation__Set_Situation_const__ref	0.6167	graph	0023AA88
00244558	Situation__FromMatrix34_Matrix34_const__ref	0.2342	graph	0023AAD0
00244640	Situation__Multiply_Situation_const__ref__Situation_const__ref	0.1667	graph	0023ABB8
00244C20	Vector3__RGBtoHSV_void	0.1667	graph	0023B1A0
00244D38	Vector3__HSVtoRGB_void	0.2917	graph	0023B2B8
00244E58	Vector3__AmIHotOrNot_void_const	0.3333	graph	0023B3D8
00244F70	Vector3__RotateY_float	0.2167	graph	0023B4F0
00244FE0	Vector3__RotateZ_float	0.1006	graph	0023B560
00245140	Vector3__AddNet_Vector3_const__ref	0.1111	graph	0023B6C0
002461E0	psxDirCache__Locate_char_const__ptr__unsigned_int__ptr__unsigned_int__ptr	0.1331	graph	0023C3D8
00246580	ForceInitCD_void	0.3922	graph	0023C708
00246660	ageSifLoadStartModule_char_const__ptr__int_char_const__ptr__int__ptr	0.0476	graph	0023C798
002467F8	iopManager__IsModuleLoaded_char_const__ptr	0.1685	graph	0023C918
00246EA0	SBRefStrHash	0.2679	graph	0023D000
00246F00	SBRefStrHashCleanup	0.1667	graph	0023D060
00246F48	SBServerFree	0.3266	graph	0023D0A8
00246F80	SBServerAddKeyValue	0.3393	graph	0023D0E0
00246FD8	SBServerAddIntKeyValue	0.2116	graph	0023D138
00247030	SBServerGetStringValueA	0.4429	graph	0023D190
00247070	SBServerGetIntValueA	0.8147	graph	0023D1D0
00247130	SBServerGetPublicInetAddress	0.1429	graph	0023D2E0
00247158	SBServerGetPublicQueryPortNBO	0.1111	graph	0023D308
002471B0	SBServerSetNext	0.2500	graph	0023D360
002471B8	SBServerGetNext	0.2000	graph	0023D368
002472B8	SBServerParseKeyVals	0.2917	graph	0023D468
00247350	SBServerParseQR2FullKeys	0.4345	graph	0023D500
002475C0	KeyValFree_void__ptr	0.1429	graph	0023D770
00247638	SBServerGetPing	0.0625	graph	0023D7E8
00247640	SBAllocServer	0.4945	graph	0023D7F0
00247700	SBServerSetFlags	0.1623	graph	0023D8B0
00247838	SBServerListFindServerByIP	0.4586	graph	0023DC48
002478E8	AddServerToDeadlist__SBServerList__ptr___SBServer__ptr	0.1250	graph	0023DCF8
00247940	SBServerListRemoveAt	0.3532	graph	0023DD50
002479B0	SBServerListCount	0.1303	graph	0023DDC0
002479F0	SBFreeDeadList	0.3250	graph	0023DE00
00247A50	SBServerListClear	0.1566	graph	0023DE60
00247AD8	SBAllocateServerList	0.2262	graph	0023DEE8
00247B10	SBRefStr	0.2354	graph	0023DF20
00247B98	SBReleaseStr	0.2679	graph	0023DFA8
00247C00	NTSLengthSB	0.5690	graph	0023E010
00247C38	SBServerListInit	0.3832	graph	0023E048
00247D38	ErrorDisconnect__SBServerList__ptr	0.3754	graph	0023E148
00247E00	StringHash_char_const__ptr__int__0023E210	0.0909	graph	0023E210
00248100	SetupListChallenge__SBServerList__ptr	0.3167	graph	0023E500
00248218	SendWithRetry__SBServerList__ptr__char__ptr__int	0.3242	graph	0023E618
002482E8	SBServerListConnectAndQuery	0.1909	graph	0023E6E8
00248518	FreePopularValues__SBServerList__ptr	0.0909	graph	0023E918
00248588	FreeKeyList__SBServerList__ptr	0.1475	graph	0023E988
00248600	SBServerListDisconnect	0.1117	graph	0023EA00
00248678	SBServerListCleanup	0.2784	graph	0023EA78
002486C8	InitCryptKey__SBServerList__ptr__char__ptr__int	0.0880	graph	0023EAC8
002487F0	FullRulesPresent_char__ptr__int	0.2020	graph	0023EBF0
00248880	AllKeysPresent__SBServerList__ptr__char__ptr__int	0.1475	graph	0023EC80
00248A10	ParseServer__SBServerList__ptr___SBServer__ptr__char__ptr__int_int	0.0707	graph	0023EE10
00248D10	IncomingListParseServer__SBServerList__ptr__char__ptr__int	0.1381	graph	0023F110
00248E40	SBSetLastListErrorPtr	0.2083	graph	0023F240
00248E48	ProcessMainListData__SBServerList__ptr	0.0779	graph	0023F248
00249258	ProcessPushKeyList__SBServerList__ptr__char__ptr__int	0.1742	graph	0023F658
00249658	ProcessDeleteServer__SBServerList__ptr__char__ptr__int	0.3449	graph	0023FA58
002496D8	ProcessPushServer__SBServerList__ptr__char__ptr__int	0.1623	graph	0023FAD8
002497E8	ProcessAdHocData__SBServerList__ptr	0.1742	graph	0023FBE8
002499A8	ProcessIncomingData__SBServerList__ptr	0.3742	graph	0023FDA8
00249AB8	SBGetServerRulesFromMaster	0.1024	graph	0023FEB8
00249BB0	piSBAutoMatchListCallback__SBServerList__ptr__SBListCallbackReason__SBServer__ptr__void__ptr	0.1667	graph	005241E8
00249C50	ProcessLanData__SBServerList__ptr	0.4761	graph	002400F8
00249D58	SBListThink	0.1250	graph	00240200
00249F00	GOACryptInit	0.2500	graph	002403A8
0024A028	GOADecryptByte	0.2500	graph	002404D0
0024A140	GOADecrypt	0.2083	graph	002405E8
0024A1A8	mcCullable__mcCullable_void	0.2020	graph	00240650
0024A1D8	mcCullable__dtor_mcCullable_void	0.1359	graph	00240680
0024A248	mcCullable__Enable_bool	0.2020	graph	002406F0
0024A3E0	mcCullable__Init_void	0.2862	graph	00240950
0024A630	mcCullableClass__AddType_mcCullableType__ptr	0.3298	graph	00240BA0
0024A860	mcCullableMgr__Render_void	0.1511	graph	00240E60
0024AC10	mcCullableMgr__SetToDefaultState_void	0.1089	graph	002411E0
0024AE58	CullableTypeFixup_mcCullableClassOrder_void__ptr__datResource__ref	0.1176	graph	00241428
0024AF50	mcCullableType__mcCullableType_void	0.3333	graph	00241520
0024B000	mcCullableType__SetName_char_const__ptr	0.2068	graph	002415C8
0024B100	mcCullableType__Reset_void	0.1381	graph	002416C8
0024B260	mcCullableType__mcCullableType_datResource__ref	0.1497	graph	00241818
0024C220	mcCityModelType__LoadTypeData_char_const__ptr__char_const__ptr	0.0833	graph	002427D8
0024C5D0	mcCityModelType__mcCityModelType_datResource__ref	0.2262	graph	00242B70
0024CA08	mcCityModelInfo__mcCityModelInfo_datResource__ref	0.2000	graph	00242FA8
0024CAC8	lightGlowCondition__Default_void	0.2000	graph	00243068
0024CB88	lightGlowCondition__lightGlowCondition_void	0.3480	graph	00243128
0024CBC8	lightGlowCondition__lightGlowCondition_char_const__ptr__char_const__ptr	0.3576	graph	00243168
0024CE18	lightGlowCondition__setCurrentCondition_char_const__ptr__char_const__ptr	0.1777	graph	002433B8
0024DF18	mcGlow__downSample_int_int_int_int_lightCoverageTex__ptr__int	0.1680	graph	00244448
0024E280	mcGlow__getLightCoverageSample_Matrix34_const__ref__float_float_lightCoverageTex__ptr__int	0.1484	graph	002447B0
0024F1E8	mcGlow__drawOccludedGlow_Matrix34_const__ref__Vector4__ref__float_float_gfxTexture__ptr__int	0.1022	graph	002455F8
00250000	mcGlow__drawSun_float_float_gfxTexture__ptr__gfxTexture__ptr__float_float	0.0766	graph	00246410
002507C0	glowInfo__glowInfo_void	0.1429	graph	00246BD0
002508C0	lightGlowCondition__findCurrentCondition_float_float_lightGlowCondition__ref__lightGlowCondition__ref__lightGlowCondition__ref	0.2627	graph	00246CC0
00252570	mcGlow__drawAllBufferedGlows_void	0.4415	graph	002489A8
00253F98	mcGlow__drawAllBufferedReflections_void	0.2441	graph	00249FC8
00254410	mcGlow__drawHelicopterLight_Matrix34_const__ref__Vector4	0.1497	graph	0024A440
002554A8	mcGlow__drawBufferedGlow_Matrix34_const__ref__Vector4_const__ref__float_bool_unsigned_char_float_float_float_unsigned_char	0.1489	graph	0024B4B8
00255C58	mcGlow__SetRenderCameraMatrix34_Matrix34_const__ptr	0.2879	graph	0024BBA0
00255D28	mcGlow__drawLightReflections_int_Matrix34_const__ptr__float_float_float_Vector4_const__ref__bool_float	0.1213	graph	0024BC78
00257258	mcInstCityModelType__mcInstCityModelType_datResource__ref	0.2833	graph	0024D0E8
00257290	mcCity__GetActiveViewportOccluderSysID_bool	0.1315	graph	0024D120
00257640	mcCity__Reset_void	0.0533	graph	0024D4D0
00257770	mcCity__ChangePaletteSaturation_void	0.2436	graph	0024D5B0
00257AC8	mcCity__ModelDraw_Matrix34_const__ptr	0.0756	graph	0024D908
00257C60	mcCity__CalcRelCellXZ_Vector3_const__ref__int__ref__int__ref__const	0.1429	graph	0024DA98
00257CC8	mcCity__CalcAbsCellXZ_Vector3_const__ref__int__ref__int__ref	0.0909	graph	0024DB00
00257DC8	mcCity__SetupFog_bool	0.3046	graph	0024DC00
002580D8	mcCity__IsFrameRateDying_void_const	0.1944	graph	0024DF08
002587A0	mcCity__SetupRmLighting_rmcLightGroup__ptr__Vector3_const__ref__float_int	0.0761	graph	0024E820
00258AD8	mcCity__SetGlobalRmLighting_rmcLightGroup__ptr__int_float	0.2778	graph	0024EB60
00258BE0	mcCity__GetClosestLights_Vector3_const__ref__mcLight__ptr__ptr__int_const	0.2062	graph	0024EC68
00259160	mcCity__mcCity_datResource__ref	0.1667	graph	0024F1C0
00259490	mcCity__Place_datResource__ref	0.1344	graph	0024F4F0
00259D60	mcLight__GetColor_Vector3_const__ref__Vector3__ref	0.1149	graph	0024FD28
00259ED8	mcLight__SetAsDirectionalRmLight_rmcLightGroup__ptr__int_Vector3_const__ref__float	0.3611	graph	0024FEA0
0025BFA0	mcSkyHatClass__RenderAllTypes_mcPassTypes	0.1250	graph	00252BB8
0025C048	mcSkyHatClass__GetLightningColor_Vector3__ref__const	0.1442	graph	00252C58
0025C110	mcSkyHatClass__GetClearColor_Vector3__ref__const	0.2200	graph	00252D20
0025C238	mcSkyHatClass__Draw_Matrix34_const__ptr__Vector4_const__ref__bool_const	0.1667	graph	00252E48
0025D230	mcConditionVariables__GetGlobalLightingDir_void	0.2632	graph	00254030
0025D960	vehChassis__GetVehicle_void_const	0.2000	graph	00254760
0025D968	vehChassis__SetBound_phBound__ptr	0.1436	graph	00254768
0025D9A0	vehChassis__GetBound_void	0.2101	graph	002547A0
0025D9C8	vehChassis__Reset_void	0.1736	graph	002547C8
0025DD38	vehChassis__MakeCollider_char_const__ptr__phInst__ptr__phBound__ptr__bool	0.2018	graph	00254B38
0025E0D0	vehChassis__MakeWheels_char_const__ptr__int	0.2084	graph	00254ED0
0025F968	vehChassis__OnGround_void_const	0.2407	graph	00256768
00260D08	vehChassis__UpdateBound_void	0.1412	graph	00257B08
00262880	vehEngine__GetMaxRPM_void_const	0.1101	graph	00259680
00262948	vehEngine__GetRPM_void_const	0.2215	graph	00259748
002635D8	vehFluid__IsActive_void	0.3510	graph	0025A3D8
00263C00	vehSuspension__vehSuspension_void	0.3095	graph	0025AA00
00263CD8	vehSuspension__Init_vehSim__ptr__char_const__ptr__char_const__ptr__vehWheel__ptr	0.3429	graph	0025AAD8
00263E10	vehSuspension__Init_vehSim__ptr__vehWheel__ptr__Matrix34__ptr	0.2000	graph	0025AC10
00264248	vehTrailerJoint__vehTrailerJoint_void	0.4000	graph	0025B048
002642E8	vehTrailerJoint__dtor_vehTrailerJoint_void	0.1275	graph	0025B0E8
00264708	vehTrailerJoint__Update_void	0.2500	graph	0025B508
00265608	vehTrailerJoint__DoJointTorque_Matrix34_const__ref__Matrix34_const__ref__float__ref__float__ref__Vector3__ref__float__ref__float__ref	0.1385	graph	0025C408
00265D38	vehTrailerJoint__DoJointLimits_float_Vector3_const__ref__float_Vector3_const__ref__Vector3_const__ref__Matrix34_const__ref__Matrix34_const__ref__Matrix34_const__ref__Vector3_const__ref__Vector3_const__ref__Vector3__ref	0.1818	graph	0025CB38
00266748	vehTrailerJoint__ComputeInvMassMatrix_phInertialCS__ptr__Matrix34__ref__Vector3_const__ref__const	0.2679	graph	0025D548
002674D8	vehTransmission__SetForward_void	0.0917	graph	0025E2E0
002674F8	vehTransmission__SetNeutral_void	0.0526	graph	0025E2C0
00267540	vehTransmission__SetCurrentGear_int	0.2934	graph	0025E328
002680A0	vehWheel__Init_vehChassis__ptr__char_const__ptr__char__ptr__phInertialCS__ptr__vehWheelTune_const__ptr	0.2000	graph	0025EE80
00268DB0	vehWheel__ComputeProbe_void	0.1909	graph	0025FB50
00269E98	vehWheel__Update_void	0.3524	graph	00260C38
0026B4D0	vehAero__Update_void	0.1875	graph	00262270
0026BD80	vehAxle__vehAxle_void	0.2000	graph	00262B20
0026BEE8	vehAxle__Init_vehSim__ptr__char_const__ptr__char_const__ptr__vehWheel__ptr__vehWheel__ptr__vehAxleTune_const__ptr	0.4000	graph	00262C88
0026C008	vehAxle__Init_vehSim__ptr__vehWheel__ptr__vehWheel__ptr__Matrix34__ptr__vehAxleTune_const__ptr	0.2000	graph	00262DA8
0026C678	mcCutsceneProxy__InitClass_void	0.2518	graph	00263408
0026C6B0	mcCutsceneProxy__mcCutsceneProxy_void	0.6667	graph	00263440
0026C7C8	mcCutsceneProxy__FindGameObject_char_const__ptr	0.1000	graph	00263598
0026CC30	mcCutSceneManager__ShutdownInstance_void	0.3922	graph	00263A00
0026CC88	mcCutSceneManager__GetInstance_void	0.3476	graph	00263A58
0026CC98	mcAudioPlaylist__AddToBank_sndBank__ptr__bool	0.0667	graph	00200738
0026ED90	CareerHudScreen__SetActive_bool	0.0851	graph	002896A0
00271490	hudHud__dtor_hudHud_void	0.1667	graph	002641E0
002717D8	hudHud__CreateHud_int	0.0839	graph	002644D8
00272238	hudHud__Display_void	0.0511	graph	00264DC8
00272F08	hudHud__Anchor2d__FileIO_datParser__ref__char_const__ptr	0.5833	graph	002658B0
00272FB8	hudChat__hudChat_void	0.2330	graph	00265938
002734E0	hudChat__SharedData__SharedData_void	0.2585	graph	00265E38
00273C90	hudChatBox__InitClass_void	0.1667	graph	002665B8
00274348	mcHudClock__mcHudClock_void	0.2812	graph	00266C00
00274EA8	mcHudClock__SetCursor_void	0.2361	graph	002672E8
00274FF8	mcHudClock__SharedDataNumberOfViewports__SharedDataNumberOfViewports_void	0.1389	graph	00267458
00275438	hudDamage__Display_void	0.2475	graph	00267868
002757B8	hudDamage__DrawPiePiece_float_Vector4_Matrix34_const__ref__Matrix34_const__ref	0.1417	graph	00267BE8
00278128	hudDropCounter__hudDropCounter_void	0.2812	graph	00268520
00278DF0	hudDropCounter__SetCursor_void	0.2250	graph	00268C88
00278ED8	hudDropCounter__SharedDataNumberOfViewports__SharedDataNumberOfViewports_void	0.1528	graph	00268DC8
00278F98	hudElement__hudElement_void	0.5008	graph	00268E88
00279128	hudElement__SetInitialized_bool	1.7080	graph	00269008
00279460	hudElement__FileIO_datParser__ref	1.2556	graph	00269330
0027A080	hudGear__Display_void	0.1927	graph	00269F30
0027A668	hudGear__SharedData__TextureData__FileIO_datParser__ref__char_const__ptr	0.2581	graph	0026A490
0027B438	hudLapCounter__hudLapCounter_void	0.2812	graph	0026A628
0027CDF0	hudMap__hudMap_void	0.0788	graph	0026B888
0027D340	hudMapGlobalCareer__UpdateFocus_void	0.2361	graph	00276AA0
0027D7B8	hudMap__DrawMapServerQueue_hudMapServer__eDisplayPriorities_Vector2_const__ref__Matrix34_const__ref__bool	0.6121	graph	0026CAA8
0027E068	hudMap__DrawRacer_hudMapServer__Element_const__ref__Vector2_const__ref__Matrix34_const__ref__bool	0.1296	graph	0026D258
0027E2C0	hudMap__DrawFlagOrDetonator_hudMapServer__Element_const__ref__Vector2_const__ref__Matrix34_const__ref__bool	0.0589	graph	0026D4A0
0027EF28	hudMap__DrawRaceEditorIcon_void	0.1569	graph	0026E018
0027F258	hudMap__DrawOpponents_Vector2_const__ref	0.2074	graph	0026E328
0027F758	hudMap__DrawRacer_mcRacer_const__ptr__Vector4_const__ref__Vector2_const__ref__Matrix34_const__ref__bool_bool_bool	0.2276	graph	0026E670
00281250	hudMap__GetCurrentFocusIndex_void	0.1429	graph	0026FF90
00281290	hudMap__DetermineCurrentFocus_void	0.3626	graph	0026FFD0
002813A8	hudMap__IsRaceTheFocusRace_mcPgKBOpenRace_const__ref	0.1250	graph	00270268
00283198	hudMap__DrawIconTri_Vector4_const__ref__Matrix34_const__ref__float	0.3465	graph	00270EE0
00283638	hudMap__DrawIconTexture_Vector4_const__ref__Matrix34_const__ref__float_int_int_int_int	0.1435	graph	00271338
00284D98	hudMap__SharedDataAllTypes__SharedDataAllTypes_void	0.1613	graph	00272908
00286168	hudMapLocal__Init_int_hudHud__ptr__hudHud__Anchors	0.1111	graph	002737A0
00286DC8	hudMapLocal__DrawBorderRing_Vector2_const__ref	0.2534	graph	00274230
0028A2D8	hudMapServer__hudMapServer_void	0.0494	graph	00276F48
0028A660	hudMapServer__GetNumberOfElements_hudMapServer__eDisplayPriorities_const	0.1667	graph	002772D0
0028A680	hudMapServer__GetElementIdx_char_const__ptr__hudMapServer__eDisplayPriorities__ref__int__ref__const	0.2956	graph	002772F0
0028A768	hudMapServer__GetElement_char_const__ptr__hudMapServer__Element__ptr__ptr	0.1111	graph	002773D8
0028A810	hudMapServer__GetElement_hudMapServer__eDisplayPriorities_int	0.1667	graph	002774E0
0028AB50	hudMapServer__Element__GetPositionAndOrientation_Matrix34__ref__const	0.1250	graph	002777B8
0028B440	hudNitro__SharedData__FileIO_datParser__ref	0.2500	graph	00277FD8
0028D2C8	hudStreamedTextures__dtor_hudStreamedTextures_void	0.2025	graph	00279918
0028E208	mcHudTimer__Init_int_hudHud__ptr__hudHud__Anchors	0.0859	graph	0027A040
0028EB58	mcMenuControllerConfigDisplay__mcMenuControllerConfigDisplay_char_const__ptr__int	0.0909	graph	003536F0
0028EED0	mcLoadingThread__LoadFlash_char_const__ptr	0.2131	graph	001AA180
00291A40	hudRankDisplay__hudRankDisplay_void	0.2812	graph	0027AA18
00291DC8	hudRankDisplay__Display_void	0.0346	graph	0027ADA8
00292828	hudRankDisplay__SetCursor_void	0.2019	graph	0027B7D8
00292868	hudRankDisplay__PositionHasChanged_void	0.2500	graph	0027B818
002929F0	hudRankDisplay__SharedDataNumberOfViewports__SharedDataNumberOfViewports_void	0.1528	graph	0027B9E8
00292E80	hudRearViewMirror__Display_void	0.2712	graph	0027BE20
00293440	hudRearViewMirror__DrawOpponents_Matrix44_const__ref__Matrix34_const__ref	0.0650	graph	0027C3F8
002936A8	hudRearViewMirror__DrawPlayers_Matrix44_const__ref__Matrix34_const__ref	0.1039	graph	0027C5A8
00293878	hudRearViewMirror__DrawHeadlights_Matrix34_const__ref__Matrix34_const__ref__hudRearViewMirror__lightType	0.3394	graph	0027C758
00293C38	hudRearViewMirror__PositionHasChanged_void	0.1667	graph	0027CB10
00293C58	hudRearViewMirror__SetViewportParameters_void	0.1699	graph	0027CB30
00294248	hudSharedData__hudSharedData_void	1.1667	graph	0027D120
002942C8	hudSpeedometer__hudSpeedometer_void	0.2330	graph	0027D1A0
00294838	hudSpeedometer__Display_void	0.1291	graph	0027D6D8
002967A0	hudSplashMgr__SetActive_bool	0.1250	graph	0027F5E0
00296D80	hudSplashBase__hudSplashBase_int_hudSplashMgr__displayQueues_char_const__ptr__hudSplashAnim__ptr__char_const__ptr__char_const__ptr	0.0423	graph	0027F900
00297008	hudSplashBase__Display_void_const__ptr__int_bool	0.3087	graph	0027FB88
002970D0	hudSplashBase__SetInitialized_bool	0.2000	graph	0027FC50
00297170	hudSplashBase__FileIO_datParser__ref	0.3333	graph	0027FCF0
002971C0	hudSplashImage__hudSplashImage_int_hudSplashMgr__displayQueues_char_const__ptr__char_const__ptr__hudSplashAnim__ptr__char_const__ptr	0.2245	graph	0027FD40
002972B0	hudSplashImage__Display_void_const__ptr__int_bool	0.1416	graph	0027FE30
00297510	hudSplashText__hudSplashText_int_hudSplashMgr__displayQueues_char_const__ptr__hudSplashAnim__ptr__char_const__ptr__char_const__ptr	0.1620	graph	00280090
00297550	hudSplashText__Display_void_const__ptr__int_bool	0.2500	graph	002800D0
002976A8	hudSplashTranslatedText__hudSplashTranslatedText_int_hudSplashMgr__displayQueues_char_const__ptr__char_const__ptr__hudSplashAnim__ptr__char_const__ptr	0.5000	graph	00280228
00297760	hudSplashTranslatedText__Display_void_const__ptr__int_bool	0.2000	graph	002802E0
00297818	hudSplashDynamicText__hudSplashDynamicText_int_hudSplashMgr__displayQueues_int_char_const__ptr__char_const__ptr__hudSplashAnim__ptr__char_const__ptr__char_const__ptr	0.6485	graph	00280398
00297930	hudSplashDynamicText__Display_void_const__ptr__int_bool	0.3582	graph	002804B0
00298E78	hudTachometer__Display_void	0.2248	graph	00281780
0029C320	hudArrow__Display_void	0.1964	graph	00283D00
0029CC90	PrintTabs_int_datAsciiTokenizer__ref	0.1429	graph	0028C9B0
002A1898	BackDrop__Load_void	0.1111	graph	002917C8
002A1CF0	BackDrop__LoadItems_datAsciiTokenizer__ref	0.2611	graph	00291C10
002A3EE0	MenuDataSystem__BuildDataCity_MenuItemSet__ref__mc__eCity	0.0403	graph	00287878
002A4E30	rmcSetCpvMode_bool_unsigned_int__ptr	1.5145	graph	00293450
002A4F40	rmcState__Dirty_void	0.2381	graph	00293560
002A5040	rmcState__SetCamera_Matrix34_const__ref	0.2619	graph	00293660
002A50E0	__static_initialization_and_destruction_0__00293700	0.0714	graph	00293700
002A5110	_GLOBAL_$I$c__soft_age_src_rmcore_comstate_coLaaaa	0.3333	graph	00293730
002A5218	rmcDrawable__rmcDrawable_void	0.2687	graph	00293838
002A5308	rmcDrawable__dtor_rmcDrawable_void	0.1667	graph	00293928
002A53B0	rmcDrawable__Load_char_const__ptr__rmcTypeFileParser__ptr__bool	0.0813	graph	002939D0
002A5E30	rmcDrawable__LoadMesh_rmcTypeFileCbData__ptr	0.1667	graph	00294450
002A5F60	rmcDrawable__LoadEdgeModel_rmcTypeFileCbData__ptr	0.1422	graph	00294580
002A61F0	rmcDrawable__Touch_float_rmcShaderGroup_const__ref__bool_const	0.4500	graph	00294810
002A6748	rmcDrawable__Place_datResource__ref	0.2361	graph	00294D60
002A67B0	rmcDrawable__rmcDrawable_datResource__ref	0.3429	graph	00294DC8
002A6940	rmcLightGroup__rmcLightGroup_void	0.5013	graph	00294F58
002A6A30	rmcLightGroup__Reset_void	0.4083	graph	00295010
002A6BA0	rmcLod__ComputeBucketMask_rmcShaderGroup_const__ref__const	0.2500	graph	00295180
002A79C8	rmcLodGroup__LoadLod_datTokenizer__ref__char_const__ptr__int	0.2177	graph	00295F98
002A7CC8	rmcLodGroup__ComputeBucketMask_rmcShaderGroup_const__ref	0.2000	graph	00296298
002A8CA0	rmcModel__Create_char_const__ptr__int	0.2199	graph	00297290
002A8FA0	rmcModelGeom__Load_mshMesh__ref__bool_char_const__ptr	0.0499	graph	00297590
002A9370	rmcModel__ComputeBucketMask_rmcShaderGroup_const__ref__const	0.3333	graph	00297978
002A9918	rmcModel__Draw_rmcShaderGroup_const__ref__rmcShaderData_const__ptr__int_int_const	0.2250	graph	00297F20
002A9A88	rmcModel__DrawCpv_rmcShaderGroup_const__ref__rmcShaderData_const__ptr__int_int_int_const	0.3361	graph	00298048
002ACF98	rmcCpvPalette__Download_void_const	0.1167	graph	0029B560
002AD1B0	rmcState__SetPRMODE_bool_bool_bool_bool	0.1429	graph	0029B778
002ADB48	rmcState__DoSetWorld_Matrix34_const__ref	0.4390	graph	0029C070
002AE548	rmcState__SetFogParams_unsigned_int_float_float_float_float	0.1698	graph	0029C948
002AE6C0	rmcBlitRect_int_int_int_int_float_int_int_int_int_unsigned_int_rmcShader__ptr	0.1603	graph	0029CAC0
002AEA50	rmcShader__rmcShader_unsigned_char	0.2576	graph	0029CE50
002AFAF0	rmcShaderBasic__rmcShaderBasic_void	0.3968	graph	0029DB38
002AFF88	rmcShaderComplex__rmcShaderComplex_void	0.8968	graph	0029DFD0
002B1A48	rmcShaderComplex__Pass__Stage__Stage_void	0.2500	graph	0029F9C0
002B1B40	rmcShaderComplex__Pass__Pass_void	0.1309	graph	0029FAF0
002B32E0	rmcShaderGroup__AddLocal_char_const__ptr__float_int	4.2394	graph	002A1280
002B3730	rmcShaderInstance__rmcShaderInstance_void	0.4500	graph	002A16D0
002B3908	rmcShaderInstance__Load_char_const__ptr__char_const__ptr_const__ptr__int_rmcShaderGroup__ref	0.2500	graph	002A18A8
002B43C0	rmcShaderTemplate__Lookup_char_const__ptr	0.1527	graph	002A2360
002B4438	rmcShaderTemplate__Load_int_char_const__ptr	0.3769	graph	002A23D8
002B5CB8	rmcShaderInstance__Create_int	0.2564	graph	002A3C58
002B5E10	rmcTextureFactory__ResetCache_void	0.1500	graph	002A3DB0
002B66F0	rmcTextureFactory__RegisterTextureReference_char_const__ptr__rmcTexture_const__ptr	1.3373	graph	002A4690
002B67D8	rmcTextureFactory__AttachToExistingTexture_char_const__ptr	0.3927	graph	002A4778
002B6900	rmcTextureReference__rmcTextureReference_char_const__ptr__rmcTexture__ptr	0.1500	graph	002A48A0
002B7088	rmcTexturePS2__rmcTexturePS2_char_const__ptr	0.1899	graph	002A5028
002B73F8	rmcTexturePS2__rmcTexturePS2_gfxImage__ptr	0.0909	graph	002A5328
002B7498	rmcTexturePS2__Init_char_const__ptr__gfxImage__ptr	0.0307	graph	002A53C8
002B9BD8	rmcTextureFactoryPS2__Create_char_const__ptr	0.3750	graph	002A7A20
002B9CE0	rmcTextureFactoryPS2__Create_gfxImage__ptr	0.3351	graph	002A7B28
002B9D90	UpdateZBUF_void	0.2973	graph	002A7BD8
002B9E48	rmcTextureFactoryPS2__LockRenderTarget_rmcRenderTarget_const__ptr__rmcRenderTarget_const__ptr__gfxViewport__ptr__Matrix34_const__ref__rmcCubeFace	0.3292	graph	002A7C90
002BA0C8	rmcTextureFactoryPS2__UnlockRenderTarget_void	0.1863	graph	002A7F10
002BB3D0	rmTokenizer__dtor_rmTokenizer_void	0.0208	graph	002A91F0
002BB4C8	rmTokenizer__AddArgument_char_const__ptr	0.0343	graph	002A92E8
002BB5C0	rmTokenizer__GetToken_char__ptr__int	0.0463	graph	002A93E0
002BB818	txtCursor__txtCursor_void	0.7843	graph	002A9638
002BB880	txtGetFontTex_char_const__ptr__bool	1.2486	graph	002A96A0
002BB9C8	txtFreeFontTex_txtFontTex__ptr	0.2343	graph	002A97E8
002BBA90	txtFontTexGlyph__txtFontTexGlyph_void	0.1825	graph	002A98B0
002BBB60	txtFontTex__txtFontTex_void	0.0336	graph	002A9980
002BBC88	txtFontTex__dtor_txtFontTex_void	0.2335	graph	002A9AA8
002BBE00	txtFontTex__Init_int_char_const__ptr	0.1857	graph	002A9C20
002BC668	txtFontTex__Kill_void	0.0925	graph	002AA488
002BC880	txtFontTex__SetName_char_const__ptr	0.0461	graph	002AA6A0
002BC8F0	txtFontTex__Draw_float_float_unsigned_wchar_t_const__ptr__float_float_txtCursor__ptr__bool_txtDrawBuffer__ptr	0.6426	graph	002AA710
002BDA40	txtFontTex__ComputeExtents_int__ptr__int__ptr__unsigned_wchar_t_const__ptr__float_float_txtCursor__ptr	0.2119	graph	002AB860
002BDB70	txtFontTex__SetBilinear_bool	0.8254	graph	002AB990
002BDC10	txtFontTex__ResetMemory_void	0.1024	graph	002ABA30
002BDE98	txtStringData__dtor_txtStringData_void	0.0954	graph	002ABC28
002BDF20	txtStringData__Load_Stream__ptr__unsigned_int	0.0850	graph	002ABCB0
002BE088	txtStringData__GetFont_void_const	0.3250	graph	002ABE10
002BE510	txtStringTable__Get_char_const__ptr	7.5355	graph	002AC208
002BE888	txtStringTex__txtStringTex_void	0.1000	graph	002AC540
002BE8A0	txtStringTex__SetString_char_const__ptr	0.1305	graph	002AC558
002BE8D0	txtStringTex__Draw_float_float_txtCursor__ptr__bool	0.3646	graph	002AC588
002BE978	txtStringTex__ComputeExtents_int__ptr__int__ptr__txtCursor__ptr	0.5769	graph	002AC630
002BEBA8	txtDrawBuffer__Draw_float_float_unsigned_int	0.3864	graph	002AC868
002BF118	mcArchetypeBreak__Get_char_const__ptr	0.1667	graph	002ACDC0
002BF1F8	mcArchetypeBreak__Load_char_const__ptr__phBound__ptr__char_const__ptr	0.3082	graph	002ACEA0
002BF2E0	mcArchetypeBreak__Load_datAsciiTokenizer__ref__phBound__ptr	0.1667	graph	002ACF88
002BF338	mcArchetypeBreak__CreateOfType_datAsciiTokenizer__ref	0.3486	graph	002ACFE0
002BF4E0	mcArchetypeBreak__VirtualConstructFromPtr_datResource__ref__phArchetypeBase__ptr	0.1176	graph	002AD188
002BF520	mcArchetypeBreak__mcArchetypeBreak_datResource__ref	0.0833	graph	002AD1C8
002BF560	mcForceField__mcForceField_void	0.1917	graph	002AD208
002BF648	mcForceField__dtor_mcForceField_void	0.2768	graph	002AD2E0
002BF758	mcForceField__Reset_void	0.2000	graph	002AD3F0
002BF7B8	mcForceFieldManager__mcForceFieldManager_void	0.1250	graph	002AD450
002BF828	mcForceFieldManager__dtor_mcForceFieldManager_void	0.2067	graph	002AD4C0
002BF8B8	mcForceFieldManager__CreateInstance_void	0.3768	graph	002AD550
002BF930	mcForceFieldManager__GetInstance_void	0.0636	graph	002AD5C8
002BF9B0	mcForceFieldManager__Reset_void	0.0922	graph	002AD648
002BFE30	mcLevelSimple__mcLevelSimple_void	0.3269	graph	002ADA90
002C0320	mcLevelSimple__SaveMaterials_void	0.1783	graph	002ADF80
002C12B8	mcLevelSimple__SortInstances_bool	0.2500	graph	002AEF18
002C2978	mcPhysics__mcPhysics_datResource__ref	0.0769	graph	002B05D8
002C29D8	mcPhysics__Place_datResource__ref	0.3333	graph	002B0638
002C2A78	mcPhysicsSurfaceMgr__mcPhysicsSurfaceMgr_void	0.2000	graph	002B06D8
002C2C68	mcLevelBounds__mcLevelBounds_datResource__ref	0.2500	graph	002B08C8
002C2EE8	mcCar__dtor_mcCar_void	0.1266	graph	002B0B28
002C3040	mcCar__Reset_void	0.2429	graph	002B0C80
002C3228	mcCar__IsMotorcycle_void_const	0.6814	graph	002B0E80
002C3648	mcCar__Update_void	0.4867	graph	002B1108
002C4C38	mcCar__AgroStrike_phInertialCS__ptr__phCollider__ptr__Vector3__ref	0.2205	graph	002B2410
002C54D0	mcCar__RemoveFromLevel_void	0.1964	graph	002B2AF8
002C66C8	mcCarCustom__Update_mcCarConfig_const__ptr__bool	0.5526	graph	002B3B60
002C74C8	mcCarCustom__IsWheelSizeValid_int_int_int_int	0.1250	graph	002B48C0
002C7568	mcCarCustom__SetCurrentDecalIndex_int	0.0774	graph	002B49E0
002C7670	mcCarCustom__DecalDamageGroup_int	0.0833	graph	002B4B78
002C77C0	mcCarCustom__ApplyDecalDamageGroup_void	0.3333	graph	002B4CC8
002CA738	mcCarCustom__ChangeDecal_void	0.2500	graph	002B6E20
002CABB8	mcCarCustom__GetRaceStarterPageFileByName_char_const__ptr	0.0765	graph	002B7440
002CB198	mcCarCustom__UnloadDecalStrings_void	0.0755	graph	002B7938
002CD050	mcCarMetallicPaint__mcCarMetallicPaint_void	0.2909	graph	002B95A0
002CD0C8	mcCarMetallicPaint__dtor_mcCarMetallicPaint_void	0.1081	graph	002B9618
002CD280	mcCarMetallicPaint__Init_void	0.1416	graph	002B97D0
002CD360	mcCarMetallicPaint__MakeGradient_rmcTexture__ptr__mcCarPaintJob__ptr	0.0535	graph	002B98B0
002CD898	mcCarMetallicPaint__DrawHilightDir_Vector3_const__ref__Vector3_const__ref__Matrix34_const__ref	0.2528	graph	002B9DE0
002CDEC0	mcCarMetallicPaint__DrawHilight_Vector3_const__ref__Vector3_const__ref__Matrix34_const__ref	0.1278	graph	002BA408
002CE5C0	mcCarMetallicPaint__RenderHighlights_mcCarPaintJob__ptr__SpecularHighlightInfo__ptr__int_Matrix44_const__ref__bool	0.3124	graph	002BAB08
002CE880	mcCarMetallicPaint__GenSpecular_mcCarPaintJob__ptr__SpecularHighlightInfo__ptr__int	0.4700	graph	002BADC8
002CEDC0	mcCarAirRide__IsEnabled_void_const	0.0693	graph	002BB308
002CF300	mcCarAirRide__Activate_void	0.2000	graph	002BB760
002CF3B0	mcCarAirRide__CanActivate_void_const	0.2000	graph	002BB870
002CF470	mcCarAirRide__AttemptActivate_void	0.3889	graph	002BB8F0
002CF580	mcCarAudio__mcCarAudio_bool_bool	0.1268	graph	002BBA08
002CFB90	mcCarAudio__Init_mcCar__ptr__mcCarAudioData_const__ptr__sndControlVolumeGroup_const__ptr	0.2173	graph	002BBD58
002D2A98	mcCarDamage__GetCar_void_const	0.1458	graph	002BECA8
002D4238	mcCarDamage__ImpactDamage_damageStruct__ptr__Vector3_const__ref__Vector3_const__ref__phCollider_const__ptr__bool_bool_int	0.0705	graph	002C0210
002D4A28	mcCarDamage__ApplyDamage_damageStruct_const__ref__Vector3_const__ref	0.1360	graph	002C0988
002D5430	mcCarGyro__Update_void	0.1004	graph	002C11B8
002DA4C0	mcCarNitro__Replenish_void	0.2500	graph	002F2A88
002DB4F0	mcCarPickups__GetActiveType_void_const	0.1818	graph	002C60B8
002DC0E0	mcCarSim__Reset_void	0.1000	graph	002C6EA0
002DC280	mcCarSim__MakeCollider_char_const__ptr__phInst__ptr	0.1360	graph	002C6FD0
002DC608	mcCarSim__MakeWheels_char_const__ptr	0.0941	graph	002C7358
002DC960	mcCarSim__MakeSuspensions_char_const__ptr	0.2542	graph	002C76B0
002DCCA0	mcCarSim__MakeAxles_char_const__ptr	0.5876	graph	002C79F0
002DCEE0	mcCarSim__GetTune_void_const	0.1458	graph	002C7C30
002DCEF0	mcCarSim__GetCar_void_const	0.4004	graph	002C7C40
002DD028	mcCarSim__CalcResetPosition_void	0.4611	graph	002C7D78
002DD760	mcCarSim__GetSSSFactor_float_const	0.0921	graph	002C8490
002DD8E0	mcCarSim__SetDrivableState_int	0.2625	graph	002C85E0
002DDC28	mcCarSim__UpdateInput_void	0.3149	graph	002C8890
002DF118	mcCarSim__Update_void	0.4251	graph	002C9CC8
002DF9F0	mcCarSim__EvaluateUnlockingState_void	0.0835	graph	002CA218
002DFB30	mcCarSim__EvaluateUnlockingStateSST_void	0.1409	graph	002CA330
002E0248	mcCarSimTune__SetWheelSizes_mcCarConfig_const__ptr__mcCarCustom_const__ptr	0.2738	graph	002CA9C0
002E2208	mcCarType__Delete_void	0.1553	graph	002CC738
002E2298	mcCarType__AddNamesToPartDatabase_void	0.0556	graph	002CC7D0
002E41E8	mcCarSharedTypeMgr__mcCarSharedTypeMgr_void	0.2360	graph	002CE610
002E4230	mcCarSharedTypeMgr__dtor_mcCarSharedTypeMgr_void	0.2493	graph	002CE658
002E42D8	mcCarSharedTypeMgr__RequestType_char_const__ptr__mcCarConfig_const__ptr__mcCarCustom_const__ptr__bool_bool	0.1667	graph	002CE700
002E44A8	mcCarSharedTypeMgr__CancelRequestTypeStreamed_char_const__ptr__bool	0.3269	graph	002CE8A8
002E4780	mcCarSharedTypeMgr__ReleaseType_mcCarType_const__ptr	0.1553	graph	002CEB78
002E4850	mcCarType__mcCarType_datResource__ref	0.2000	graph	002CEC48
002E4B10	mcCarType__Place_datResource__ref	0.4345	graph	002CEF08
002E4B30	mcCharacter__mcCharacter_void	0.3512	graph	002CEF28
002E4C70	mcCharacter__dtor_mcCharacter_void	0.2016	graph	002CEFD8
002E4D40	mcCharacter__Reset_void	0.3333	graph	002CF0A8
002E4F18	mcRiderShaderTune__mcRiderShaderTune_void	0.2147	graph	002CF190
002E5288	mcCharacter__LoadStaticData_void	0.2110	graph	002CF500
002E58E8	mcCharacter__LoadRagdollType_char_const__ptr__crAnimation__ptr	0.3968	graph	002CFA48
002E5AE8	mcCharacter__SetAnimation_crAnimation_const__ptr__int	0.1667	graph	002CFC38
002E5B18	mcCharacter__SetOverlayAnim_int_int	0.2000	graph	002CFC68
002E5BF8	mcCharacter__GetOverlayAnim_int_const	0.3333	graph	002CFD48
002E9200	mcCharacter__ChangeStreamedAnims_void	0.3333	graph	002D2D08
002E97F8	mcCharacter__Draw_int	0.1458	graph	002D2E98
002E9DE8	mcCharacter__Impact_phImpactBase__ptr__phInst__ptr	0.2936	graph	002D3310
002EA510	mcCharacter__StartRagdoll_void	0.1258	graph	002D3960
002EAE30	mcCharacter__StopRagdoll_void	0.5333	graph	002D4220
002EB360	mcCharacterData__mcCharacterData_datResource__ref	0.3056	graph	002D4700
002ED718	mcCarParticles__Update_Vector4__ref__bool	0.2500	graph	002F63C8
002ED858	mcCarParticles__UpdateExhaustParticles_Vector4__ref	0.0728	graph	002F64A0
002F08D0	mcCarParticles__DrawBreakingWindowParticles_Matrix34_const__ref__carWindowDamage__ptr	0.2417	graph	002F9498
002F0C80	opponentIconTuneData__InitStaticData_void	0.2143	graph	002D62F0
002F10B0	mcPowerUpType__mcPowerUpType_char_const__ptr	3.2000	graph	002D6720
002F2ED0	mcPowerUpTypeIce__RenderActive_mcCar__ptr__Vector3_const__ptr	0.2966	graph	002D8508
002F3ED0	mcPowerUpTypeShield__UpdateActive_mcCar__ptr	0.1429	graph	002D93F8
002F47D8	mcPowerUpTypeShield__RenderActive_mcCar__ptr__Vector3_const__ptr	0.3381	graph	002D9918
002F5108	mcPowerUpTypeShield__DrawHitEffects_mcCar__ptr__Matrix34_const__ref	0.0809	graph	002DA590
002F6278	rmcCarModel__CullUpdate_int_Matrix34__ref	0.1150	graph	002DB660
002F63C0	rmcCarModel__LoadStaticIconData_void	0.2360	graph	002DB7A8
002F6410	rmcCarModel__rmcCarModel_void	0.3114	graph	002DB7F8
002F6840	rmcCarModel__dtor_rmcCarModel_void	0.1112	graph	002DBC20
002F6BB0	rmcCarModel__GetCar_void_const	0.1637	graph	002DBFA0
002F6BB8	rmcCarModel__LoadStaticData_void	1.1908	graph	002DBFA8
002F7630	mcCarModelLightGlowSet__SetCopLightState_bool	0.1667	graph	002F4798
002F7658	rmcCarModel__SetHiBeam_bool	0.1786	graph	002DC9E0
002F82D0	rmcCarModel__UpdateParticles_void	0.1284	graph	002DD620
002F85D0	rmcCarModel__UpdateWheels_void	0.1465	graph	002DD8A8
002F9518	rmcCarModel__UpdatePanels_void	0.1573	graph	002DE638
002FA378	rmcCarModel__UpdateBlower_void	0.3209	graph	002DF458
002FAA18	SlerpRad_float_Vector3_const__ref__Vector3_const__ref__Vector3__ref	0.3409	graph	002DF9A8
002FABA8	SlerpApproach_float_Vector3__ref__Vector3_const__ref	0.1190	graph	002DFB38
002FADF8	GetClosestAmbient_mcCar__ptr__Vector3__ref__float__ref	0.1714	graph	002DFD88
002FB008	rmcCarModel__UpdateLightingGarage_void	0.1082	graph	002DFF98
002FB400	rmcCarModel__UpdateLighting_void	0.3275	graph	002E0198
002FBC00	rmcCarModel__UpdatePopupSpoilers_void	0.4015	graph	002E0A70
002FC8D0	rmcCarModel__Update_void	0.2936	graph	002E1638
002FD4F8	rmcCarModel__DrawWindows_void	0.1886	graph	002E1F80
002FD868	rmcCarModel__Render_mcPassTypes	0.3787	graph	002E2298
002FF4D0	rmcCarModel__DrawIcon_int_int_unsigned_wchar_t_const__ptr__bool_bool_bool	0.1681	graph	002E3848
002FFD58	mcCarNeonGlow__Draw_mcPassTypes_Matrix34__ref__float	0.1368	graph	002E3E80
00302468	rmcCarModelType__GetIndexForTag_char_const__ptr	0.1250	graph	002E80B8
003042C8	rmcCarModelType__DrawType_Matrix34_const__ptr__int_wheelDrawData_const__ptr__mcCarCustom_const__ptr__rmcCarModelShaderLocalData_const__ptr__bool_bool_bool_bool_bool_atBitSet__ptr__atBitSet__ptr__int	0.2069	graph	002E91C0
00307380	carWindowDamage__carWindowDamage_datResource__ref	0.1385	graph	002EBE88
00307400	rmcCarModelType__rmcCarModelType_datResource__ref__mcCarCustom_const__ptr	0.0940	graph	002EBF30
00308280	rmVehOcclude__AssignPartIndex_rmVehOccludeDataSet_const__ptr__eVehPartTypes_int	0.2000	graph	002ECCF0
003088E0	mccarWindNoiseData__FileIO_datParser__ref	0.2500	graph	002ED348
00308AB8	mccarBackFire__Init_mccarBackFireData_const__ptr__sndControlVolumeGroup_const__ptr	0.2936	graph	002ED508
003090C0	mcBikeGyro__Update_void	0.0839	graph	002EDEE0
0030BF90	mcCarAero__GetTune_void_const	0.2000	graph	002F08B0
0030BF98	mcCarAero__GetSim_void_const	0.5333	graph	002F08B8
0030BFD8	mcCarAero__ComputeConstants_void	0.0792	graph	002F08D0
0030C078	mcCarAero__Update_void	0.1250	graph	002F0970
0030E038	mcCarStuck__Update_void	0.1292	graph	002F31A0
0030FC58	mcCarModelLightGlowSet__Update_rmcCarModel__ptr	0.0365	graph	002F47B8
0030FE80	mcCarModelLightGlowSet__DrawLightGlows_rmcCarModel__ptr__float_float_float_float	0.2012	graph	002F49B0
00310C38	mcCarModelLightGlowSet__DrawReflections_rmcCarModel__ptr__float_float_float_float_float	0.1879	graph	002F5538
003114D0	crAsyncStream__Read_void__ptr__int	0.0450	graph	002FCE68
00311A30	csManager__AddEventCreator_char_const__ptr__csEvent__ptr___ptr__datTokenizer__ref__csManager__ref	0.3333	graph	002F98F8
00312E48	csManager__GetActor_int_char__ptr	1.0333	graph	002FAF70
00312EF8	csManager__GetData_int_char__ptr	0.5098	graph	002FB020
00313648	csInterleavedAnimation__dtor_csInterleavedAnimation_void	0.3333	graph	002FBE68
00314770	csEntitySimple__CreateEntityVal_csActor__ref__csManager__ref	0.1111	graph	002FD930
00315D50	mcGameRaceEditor__InitSaveData_void	0.2356	graph	002FECC0
00316030	mcGameRaceEditor__StartTestRace_void	0.2756	graph	002FEF88
003174D0	mcGameRaceEditor__UpdateRaceEditorCam_void	0.1316	graph	00300008
00317A00	mcGameRaceEditor__GetClosestRoadToREPosition_void	0.2649	graph	00300518
00318238	mcGameRaceEditor__CheckMemCardStatus_bool__ref	0.1841	graph	00300D40
003183B0	mcGameRaceEditor__Update_void	0.1000	graph	00300EA8
00318BA8	mcGameRaceEditor__DrawCheckpointLabel_int	0.0904	graph	00301410
00318F28	mcGameRaceEditor__DrawRaceCheckpoints_void	0.0756	graph	00301730
0031AD30	mcGameRaceEditor__CreateInstance_void	0.0667	graph	00302920
0031ADA8	mcGameRaceEditor__Load_char_const__ptr	0.0979	graph	00302998
0031B0B0	gfxEdgeModel__Create_char_const__ptr	0.3582	graph	00302B48
0031B120	gfxEdgeModel__Create_Stream__ptr__char_const__ptr	0.2222	graph	00302BB8
0031D4E0	gfxInstModel__Load_char_const__ptr	0.3697	graph	00304F78
0031E8E8	ptxMicrocode_bool	0.0890	graph	00306380
0031EB80	ptxDrawArray_ptxDrawInfo_const__ptr__int	0.1270	graph	00306618
0031EDF8	camBaseCS__Load_char_const__ptr__bool	0.0713	graph	00306880
0031EE48	camBaseCS__SetViewCS_camViewCS__ptr	0.0417	graph	003068D0
0031EE88	camBaseCS__UpdateView_void	0.0588	graph	00306910
0031EFB0	camBaseCS__AfterLoad_void	0.3333	graph	00306A38
0031EFD0	camBaseCS__GetSeconds_void_const	0.2361	graph	00306A58
0031F0A0	camViewCS__SetViewport_gfxViewport__ptr	0.1250	graph	0055B140
0031F0A8	camViewCS__SetTrans_camTransitionCS__ptr	0.2400	graph	0055B148
0031F0D8	camViewCS__SetCam_camBaseCS__ptr	0.0988	graph	0055B178
0031F128	camViewCS__NewCam_camBaseCS__ptr__int_float_datCallback	0.0972	graph	0055B1C8
0031F280	camViewCS__Draw_void	0.1699	graph	0055B300
0031F358	camViewCS__IsActive_camBaseCS_const__ptr__const	0.2677	graph	0055B3D0
0031F558	camTransitionCS__Update_void	0.0756	graph	0055A408
00320030	camTransitionCS__NewTransition_camBaseCS__ptr__camBaseCS__ptr	0.3528	graph	0055ADC8
003200A0	camTransitionCS__NextTransition_camBaseCS__ptr	0.1111	graph	0055AE38
003200E8	camTransitionCS__FinishTransition_void	0.1963	graph	0055AE80
00320148	camTransitionCS__StartTransition_void	0.2417	graph	0055AEE0
00320280	camTransitionCS__StartNextTransition_void	0.1845	graph	0055B018
003202C8	camTransitionCS__ReverseTransition_void	0.3333	graph	0055B060
00320308	CreateTexture_char_const__ptr	0.2159	graph	003071B8
003204A8	mcFlash__mcFlash_void	0.1956	graph	00307358
00320598	mcFlash__UnloadSWF_void	0.2568	graph	00307428
00320638	mcFlash__Init_void	0.0909	graph	003074C8
003206E8	mcFlash__RequestLoadMovie_char_const__ptr	0.3030	graph	00307578
00320710	mcFlash__LoadSWF_void	0.1293	graph	003075A0
00320848	mcFlash__SetContextVariable_char_const__ptr__int	3.9708	graph	003076C8
00320898	mcFlash__SetContextVariable_char_const__ptr__int_char_const__ptr	0.2667	graph	00307720
00320900	mcFlash__SetContextVariable_char_const__ptr__int_int	0.2500	graph	00307788
00320990	mcFlash__GetArrayLength_char_const__ptr	0.4254	graph	00307818
00320A10	mcFlash__GetContextVariable_char_const__ptr__int_swfVARIANT__ref	0.8107	graph	00307898
00320A88	mcFlash__GetContextVariable_char_const__ptr	1.6346	graph	00307910
00320AC8	mcFlash__GetContextVariableString_char_const__ptr__char__ptr__int	0.2156	graph	00307950
00320C60	mcFlash__UpdateLoading_bool	0.1292	graph	00307AE8
00320FD0	mcFlash__Draw_bool	0.2543	graph	00307DE8
003211A8	mcFlash__UnloadResource_void	0.0503	graph	00307F68
00321208	mcFlash__SetPlayState_bool	0.1810	graph	00307FC8
00321650	mc3FeView__dtor_mc3FeView_void	0.1250	graph	003082F8
003217C8	mc3FeView__CreateFEPlayerManager_void	0.2273	graph	00308410
00321A00	mc3FeView__CreateInstance_void	0.0973	graph	00308620
00322518	mc3FeView__RequestTransition_Vector3_const__ref__Vector3_const__ref	0.5000	graph	00308E38
00322668	mc3FeView__TransitionCamera_int	0.2299	graph	00308FF8
00322ED0	mc3FeView__SetFinalPosition_void	0.0855	graph	003098F0
003230F8	mc3FeView__GetProbePosition_Vector3__ref__Vector3__ref	0.0513	graph	00309BC8
003232F8	mc3FeView__GetDirName_void	0.5000	graph	00309DC8
00323B70	mcGarageHud__mcGarageHud_void	0.1346	graph	0030A448
00323FC8	mcGarageHud__Draw_void	0.2000	graph	0030A8A0
00324060	garageSharedData__garageSharedData_void	0.0364	graph	0030A938
003242D0	mcGarage__AddRingName_char_const__ptr	0.3333	graph	0030A9D8
003257F8	mcGarage__dtor_mcGarage_void	0.0977	graph	0030BD58
003259F8	mcGarage__CreateInstance_void	0.0217	graph	0030BF60
00325C08	mcGarage__LoadCar_int_char_const__ptr	0.2874	graph	0030C190
00325E18	mcGarage__DeleteVehicleHeap_int	0.1585	graph	0030C398
00325E60	mcGarage__DeleteCar_int	0.4690	graph	0030C3E0
00326040	mcGarage__GetTargetPolars_int	0.1667	graph	0030C5B8
00326278	mcGarage__RequestNewPosition_int_bool_float	0.2667	graph	0030C7F0
003265D8	mcGarage__SnapCamera_void	0.0562	graph	0030CB50
00326888	LicensePlateAsciiToLetter_char	0.2333	graph	0030CDD0
00326B90	mcGarage__ChangeCustomDecal_int	0.3678	graph	0030D018
00326CE8	FixAmplitude_Vector4__ref	0.1250	graph	0030D210
00326DD8	mcGarage__GetColorFromCoordinates_float_float_float_Vector4__ref__bool	0.1024	graph	0030D300
00327A78	mcGarage__GetPerformanceShopVars_int_int__ref__int__ref	0.1213	graph	0030DE78
00328D18	mcGarage__SetStatusForTopLevel_void	0.1993	graph	0030E9C8
00328EA8	mcGarage__SetStatusForPerformance_int_int_int	0.3280	graph	0030EB58
00329178	mcGarage__SetStatusForPaintShop_void	0.2107	graph	0030EDF8
00329480	mcGarage__TireDimensionsAreOK_int_int	0.2624	graph	0030F1C0
0032A0E8	mcGarage__SetStatusForVisual_int	0.3540	graph	0030F7E8
0032ACA8	mcGarage__DoBlowerMagic_swfVARIANT__ref__int	0.3089	graph	00310350
0032BD78	mcGarage__GetStateBasedOnString_char_const__ptr	1.9250	graph	003115C8
0032D4C8	IsRearExhaust_mcCarConfig_const__ptr	0.2365	graph	00312C48
0032D508	mcGarage__ChangeCamera_bool	0.2156	graph	00312C88
0032D970	mcGarage__FinishUpgradeForPart_int_int_int_int_bool	0.5528	graph	003130C0
0032E560	mcGarage__DoAutoUpgrade_int_int_int__ref__bool	0.1650	graph	00313478
0032EE38	mcGarage__RewardVehicleToPlayer_char_const__ptr__int_char_const__ptr	0.2567	graph	00313DD8
0032EEE8	mcGarage__RewardVehicleToPlayer_mcCarConfig_const__ref__int_char_const__ptr	0.1144	graph	00313E88
0032F5C8	mcGarage__SetEstimatedModValue_void	0.2843	graph	003145C8
00331320	mcGarage__CheckCancelorMove_void	0.3399	graph	00317370
00332270	mcGarage__ChooseExitOption_void	0.3073	graph	003180B0
003325C8	mcGarage__ExitToFrontend_void	0.2159	graph	00318270
003326B0	mcGarage__ExitToFrontendToSave_void	0.2121	graph	00318358
00332BA8	mcGarage__TransitionCamera_void	0.2360	graph	00318C20
00333A98	mcGarage__CheckShouldCarFireOff_bool	0.2010	graph	003198C0
003349D0	mcGarage__IsProfileNameOK_void	0.3429	graph	0031A3D8
00334ED0	mcGarage__HandleVehiclePurchase_void	0.2338	graph	0031A8B0
00334FB8	mcGarage__SetFromGameMode_int	0.1625	graph	0031A9A0
003371D0	mcGarage__UpdateInputsAndCameras_void	0.1156	graph	0031E028
00337280	mcGarage__SetPreviewingShowroomProfileVariables_char_const__ptr	0.2102	graph	0031E110
00337500	mcGarage__StatusIsUnavailable_void	0.1426	graph	0031E350
00338948	mcGarage__Draw_void	0.0933	graph	0031F620
00338A48	mcGarage__StartTestDrive_void	0.0579	graph	0031F720
00338B58	mcGarage__GetDirName_void	0.5000	graph	0031F820
00338E88	mcGarage__FileIO_datParser__ref	0.2000	graph	0031FB50
00338EA8	mcMenuShell__mcMenuShell_char_const__ptr__int	0.1843	graph	0031FB70
003390E0	mcMenuShell__ToggleKeyboard_void	0.3008	graph	0031FD70
00339278	mcMenuShell__ChangeState_MenuStates	0.3046	graph	0031FEE8
00339678	mcMenuShell__MoveFECamera_MenuStates	0.0256	graph	00320268
00339DA8	mcMenuShell__RequestState_MenuStates	2.0363	graph	003207E0
0033A1D8	mcMenuShell__SetRequestedState_MenuStates	0.6790	graph	00320C18
0033A2C0	mcMenuShell__ReturnToPreviousState_MenuStates	0.2007	graph	00320D00
0033B200	mcMenuShell__DoContinueFromConfirmation_void	0.2935	graph	00321990
0033B2F8	mcMenuShell__DoContinue_void	0.5585	graph	00321A88
0033B3E0	mcMenuShell__Reset_void	0.2252	graph	00321B10
0033B4B0	mcMenuShell__FileIO_datParser__ref	0.2000	graph	00321BD8
0033B4D0	mcMenuShell__ShowConfirmation_int	0.0385	graph	00321BF8
0033B500	mcMenuShell__ShowConfirmationSimple_char_const__ptr__unsigned_int_mcMenuMsgBox__MsgItem	1.2919	graph	00321C18
0033B530	mcMenuShell__ShowConfirmationSimple_unsigned_wchar_t_const__ptr__unsigned_int_mcMenuMsgBox__MsgItem	0.2250	graph	00321C48
0033B560	mcMenuShell__GetConfirmationSimpleChoice_void	0.1699	graph	00321C78
0033BA78	mcMenuShell__ReturnToListByContext_void	0.0627	graph	00321FA0
0033BAD8	mcMenuShell__ConfirmNo_void	0.4953	graph	00322000
0033BB40	mcMenuShell__ConfirmYes_void	0.2853	graph	00322040
0033CB50	mcMenuArcade__Show_bool	0.0469	graph	00322AB0
00343FD8	mcMenuBrain__Reset_void	0.1169	graph	00328350
00345550	mcMenuBrain__ShowHostQuitMenu_net__eQuitReason	0.1381	graph	003292D8
00345700	mcMenuBrain__ShowRewardsScreen_void	0.2547	graph	00329420
00346620	mcMenuBrain__ShowRaceOverMenu_char_const__ptr	0.5583	graph	0032A240
00346730	mcMenuBrain__ShowMemCardMessage_void	0.2333	graph	0032A328
00346B08	mcMenuBrain__ReturnToPreviousState_MenuStates	0.1863	graph	0032A640
00347160	mcMenuBrain__HostNetworkGame_void	0.2111	graph	0032AB68
00347618	mcMenuBrain__CopyCarConfigForNetworking_int_int	0.1699	graph	0032AE70
003478E0	mcMenuBrain__NetworkPostQuit_int_unsigned_wchar_t_const__ptr__net__eQuitReason_int_int	0.3214	graph	0032B158
0034ACA0	mcMenuConfirm__StandardEventHandler_atPtr_uiWidget_const__ref__unsigned_int_atPtr_uiWidget__EventData_const_const__ref	0.0945	graph	0032CD88
0034C650	mcMenuCustomRaceType__StandardEventHandler_atPtr_uiWidget_const__ref__unsigned_int_atPtr_uiWidget__EventData_const_const__ref	0.1266	graph	0032DF78
0034C720	mcMenuCustomRaceType__PopulateMenu_void	0.0769	graph	0032E020
0034C8C0	mcMenuCustomRaceType__DoStartRace_void	0.3111	graph	0032E1A8
0034D528	mcMenuCustomRaceType__PopulateBattleModes_void	1.1111	graph	0032EBC0
0034ECC0	mcMenuDisconnect__StandardEventHandler_atPtr_uiWidget_const__ref__unsigned_int_atPtr_uiWidget__EventData_const_const__ref	0.1213	graph	0032F9A0
003578A8	mcMenuPause__Show_bool	0.0588	graph	00333998
003579B0	mcMenuPause__StandardEventHandler_atPtr_uiWidget_const__ref__unsigned_int_atPtr_uiWidget__EventData_const_const__ref	0.2078	graph	00333A48
00357F58	mcMenuPause__DoReplayModeMidRace_void	0.2500	graph	00333F88
00357FB8	mcMenuPause__DoContinueReplay_void	0.1149	graph	00333FE8
003598A0	mcMenuPause__DoContinueFromHostQuit_void	0.1068	graph	003353A0
00359A20	mcMenuPause__DoContinueFromDisconnect_void	0.1331	graph	00335520
00359FC0	mcMenuRaceEditor__GenerateRandomRace_void	0.1000	graph	003359B0
0035A030	mcMenuRaceEditor__DoTestEditorRace_void	0.1429	graph	00335A20
0035A6F0	mcMenuRaceOver__Show_bool	0.0798	graph	00335F88
0035D258	mcMenuResults__PopulateMenu_void	0.0556	graph	00337CB8
0035E2F0	mcMenuRewardsScreen__mcMenuRewardsScreen_char_const__ptr__int	0.1258	graph	00353E48
0035E5B8	mcMenuRewardsScreen__Show_bool	0.3717	graph	003540B8
0035EDD8	mcMenuRewardsScreen__PopulateMenu_void	0.2679	graph	00354788
003638C8	mcMenuVehicle__ChangeCarRestart_void	0.0673	graph	0033BD80
00364438	PrintIOPMemory_char_const__ptr	0.5366	graph	0033C760
00364720	mcMoviePlayer__CreateInstance_void	0.1111	graph	0033C968
00364798	mcMoviePlayer__GetInstance_void	0.2472	graph	0033C9E0
00364AE0	mcMoviePlayer__Update_void	0.4201	graph	0033CC98
00364CA8	mcMoviePlayer__Draw_void	0.1979	graph	0033CE60
00364FA0	mcMenuMsgBox__mcMenuMsgBox_char_const__ptr__int	0.2583	graph	0033D140
00365D98	mcMenuMsgBox__Set_char_const__ptr__char_const__ptr__unsigned_int_char_const__ptr__unsigned_int_char_const__ptr__unsigned_int_char_const__ptr__unsigned_int	0.2429	graph	0033DDA0
00365F18	mcMenuMsgBox__SetMessageItems_unsigned_int_mcMenuMsgBox__MsgItem	0.2542	graph	0033DF20
00366088	mcMenuMsgBox__SetListItems_char_const__ptr__unsigned_int_char_const__ptr__unsigned_int_char_const__ptr__unsigned_int_char_const__ptr__unsigned_int	0.1721	graph	0033E090
00366260	mcMenuMsgBox__SetCursorByUniqueId_unsigned_int	0.1769	graph	0033E268
00366368	mcMenuMsgBoxListMenu__mcMenuMsgBoxListMenu_char_const__ptr__int	0.1111	graph	0033E308
003684C8	mcNetworkClan__AcceptClanInvite_int	0.1250	graph	0033F370
0036B2B0	sGetFriendIndex_unsigned_long	0.1484	graph	00340728
0036B458	mcNetworkFriendsList__Show_bool	0.4213	graph	00340858
0036C550	mcNetworkFriendsList__Back_void	0.2096	graph	00341760
0036C7D0	mcNetworkFriendsList__JoinNetMatch_netAddress_const__ref	0.1548	graph	003419E8
0036CA08	FeGOA__GetHTTPResultsCB_int_GHTTPResult_char__ptr__int_void__ptr	0.1000	graph	001DCE28
0036D748	mcNetworkHostJoin__Update_void	0.3429	graph	00342138
0036F578	mcNetworkHostSelect__Update_void	0.0625	graph	003436F0
0036FB40	mcNetworkHostSelect__MatchSelectCB_int	0.3095	graph	00343A10
0036FC68	mcNetworkHostSelect__DoNATNegotiationIfNeeded_int_char_const__ptr	0.1937	graph	00343A88
0036FE28	mcNetworkHostSelect__JoinSession_int_char_const__ptr__netAddress_const__ptr	0.1667	graph	00343B90
0036FFE8	mcNetworkFilter__StandardEventHandler_atPtr_uiWidget_const__ref__unsigned_int_atPtr_uiWidget__EventData_const_const__ref	0.1667	graph	00340248
00370408	mcNetworkNatNegotiation__mcNetworkNatNegotiation_char_const__ptr__int	0.0881	graph	00343FF0
00370B30	mcNetworkRecentPlayers__PopulateMenu_void	0.0667	graph	00344510
003729F8	mcNetworkSelect__StandardEventHandler_atPtr_uiWidget_const__ref__unsigned_int_atPtr_uiWidget__EventData_const_const__ref	0.1429	graph	003456D8
00372D88	sPrintNetConfigInfo_ezNetCnfCombination_const__ptr	0.1429	graph	00345950
00372D90	mcNetworkSelect__LoadNetworkConfigs_void	0.2193	graph	00345958
00372E58	mcNetworkSelect__SaveDefaultNetworkConfig_void	0.3622	graph	00345A20
00373050	mcNetworkSelect__ChangeNetworkConfig_int	0.1429	graph	00345B18
00373AE0	mcNetworkUserName__Show_bool	0.1667	graph	00346458
00374718	mcNetworkUserName__StandardEventHandler_atPtr_uiWidget_const__ref__unsigned_int_atPtr_uiWidget__EventData_const_const__ref	0.1024	graph	00346C58
00374D88	mcNetworkUserName__ChangeLoginState_int	0.4172	graph	00347368
00374DB0	mcNetworkUserName__LoginToGamespy_void	0.1667	graph	00347370
00374F68	mcNetworkUserName__ExitScreen_void	0.1887	graph	003474E8
00374FF0	sGetHTTPResultsCB_int_GHTTPResult_char__ptr__int_void__ptr	0.1055	graph	00347578
00375230	mcNetworkUserName__PopulateNews_char_const__ptr	0.2622	graph	00347650
00375538	mcNetworkUserName__CreateNewGPAcct_void	0.1024	graph	003479D8
00376238	mcNetworkUserName__Update_void	0.2606	graph	00348870
00378588	mcNetworkWaiting__Update_void	0.3067	graph	0034A1C0
00379AB0	mcNetworkWaiting__NetworkPostQuit_int_unsigned_wchar_t_const__ptr__net__eQuitReason_int_int	0.3333	graph	0034B198
0037BB38	mcNetworkWaitingCountdown__Update_void	0.2900	graph	0034C600
0037BD98	mcNetworkWaitingCountdown__UpdateCountdownAnimation_void	0.2500	graph	0034C860
0037BF10	mcNetworkWaitingCountdown__UpdateTextLine_TextAnim__ref__atDerivedPtr_uiText_atDerivedPtr_uiVisual_atPtr_uiWidget_const__ref__Vector4_Vector4_const__ref__float	0.3000	graph	0034C998
0037E280	mcSaveGameSelect__PlayGameWithNoMemCard_void	0.0833	graph	0034E3F0
0037F5F8	mcScreenBase__mcScreenBase_char_const__ptr__int	0.4316	graph	0034F3A0
0037FDC8	mcScreenBase__CreateWidgets_void	0.1623	graph	0034F678
00380068	mcScreenBase__Show_bool	0.4685	graph	0034F918
00380310	mcScreenBase__StandardEventHandler_atPtr_uiWidget_const__ref__unsigned_int_atPtr_uiWidget__EventData_const_const__ref	0.2857	graph	0034FB98
00381648	TextAnim__Update_void	0.0604	graph	00350628
00381928	TextAnim__CrossfadeShow_void	0.2204	graph	00350908
00384CD8	CloseStatsConnection	0.3812	graph	00355F70
00384D58	GetChallenge	0.3667	graph	00355FF0
00384DB8	NewGame	0.4195	graph	00356050
00384FB0	FreeGame	0.3141	graph	00356248
00385040	SendGameSnapShotA	0.4095	graph	003562D8
00385358	PreAuthenticatePlayerPM	0.2152	graph	003565F0
00385510	PersistThink	0.2000	graph	003567A8
003856D0	SendChallengeResponse	0.0448	graph	00356968
003858D8	DoSend	0.1824	graph	00356B70
00385940	xcode_buf	0.5056	graph	00356BD8
00385988	g_crc32	0.0833	graph	00356C20
003859C0	create_challenge	0.2652	graph	00356C58
00385A30	value_for_key	0.0563	graph	00356CC8
00385C48	AddRequestCallback	0.1944	graph	00356EE0
00385CB0	SendPlayerAuthRequest	0.6854	graph	00356F48
00385DA0	SetPersistDataHelper	0.0281	graph	00357038
00386030	SocketReadable	0.2250	graph	003572C8
00386050	FindFinal	0.2000	graph	003572E8
00386608	ProcessInBuffer	0.1429	graph	003578A0
00386828	ClosePendingCallbacks	0.2670	graph	00357AC0
00386E88	CreateBucketSnapShot	0.1000	graph	00358120
00386F10	FreeBucketSet	0.2016	graph	003581A8
00386F48	DumpBucketSet	0.3333	graph	003581E0
00386FB0	BucketNew	0.1520	graph	00358248
003877C0	DoFind	0.1250	graph	00358A58
00387928	mcBanger__mcBanger_void	0.1667	graph	00358BC0
00387A88	mcBanger__Init_char_const__ptr__Matrix34_const__ref__unsigned_char	0.2376	graph	00358D20
00388368	mcBanger__Reset_void	0.3333	graph	003595C8
003884D0	mcBanger__GetResetMatrix_Matrix34__ref__const	0.2000	graph	00359730
003886C8	mcBanger__PlayBrokenImpactSound_phImpactBase__ref__phInst__ptr	0.1183	graph	00359928
00389000	mcBanger__BreakApart_phImpact__ptr__phInstBreakable__ptr__ptr__int__ptr__phInst__ptr__ptr__phImpactData__ptr__phBreakData_const__ref	0.1492	graph	0035A2E8
0038A108	mcBanger__EmitParticles_int_float	0.1186	graph	0035B570
0038B220	mcBangerObstacle__Init_char_const__ptr__Matrix34_const__ref__unsigned_char	0.0526	graph	0035C680
0038B7B0	mcBrokenBangerData__InitBreakPart_mcBanger__ptr	0.0851	graph	0035CC10
0038BDB8	mcPropClass__mcPropClass_void	0.1316	graph	0035D210
0038D3C0	mcPropBase__mcPropBase_void	0.4260	graph	0035E770
0038DA10	mcPropBase__Update_Vector3_const__ref__float	0.1839	graph	0035ED28
0038E9B8	mcPropBase__PlaySparkSound_Vector3_const__ref	0.1944	graph	0035FC78
0038EC50	mcPropBase__Render_mcPassTypes	0.1250	graph	0035FD90
0038F020	mcPropBase__IsNearLocalPlayerVehicle_float_const	0.0695	graph	00360160
0038F528	mcPropLightData__mcPropLightData_void	0.2576	graph	00360668
0038FA80	mcPropAnimData__Update_mcPropBase__ptr	0.1778	graph	00360B98
003904E8	mcPropSoundData__SetSound_void	0.1930	graph	003614F8
00390588	mcPropSoundData__SetSoundname_char_const__ptr	0.1952	graph	00361598
00391240	mcPropFixed__PreImpact_phImpactBase__ptr__phInst__ptr	0.1769	graph	003622F8
003920B8	mcPropManager__InitRaceProp_int_Matrix34_const__ref__char_const__ptr	0.1534	graph	00363188
00392670	mcPropManager__FindProp_char_const__ptr__Vector3_const__ref	0.1429	graph	003636D8
00392740	mcPropManager__CreateInstance_void	0.0924	graph	003637A0
00392948	mcPropManager__GetInstance_void	0.2138	graph	00363990
00392958	mcPropManager__GetPtxTexture_void	0.1303	graph	003639A0
00392968	mcPropManager__GetPtxSysInstance_void	0.1667	graph	003639B0
00392D98	mcPropManagerData__AllocateProp_int_int__ref	0.2594	graph	00363DE0
00394830	mcPropAnimTypeData__mcPropAnimTypeData_void	0.1429	graph	00365360
00396DF8	mcPropType__Render_mcPropBase__ref__mcPassTypes_unsigned_char	0.0851	graph	00367630
00397228	mcPropType__GetSwPtx_void_const	0.2778	graph	00367910
00397248	mcPropType__Reset_void	0.1429	graph	00367930
003972A0	mcPropType__AdjustPropEmissionCount_int	0.2613	graph	00367988
00397330	mcPropType__mcPropType_datResource__ref	0.3333	graph	00367A18
00397C60	mcPropCollectable__mcPropCollectable_int	0.2576	graph	00368360
00397D08	mcPropCollectable__Reset_void	0.1667	graph	00368408
00397DA8	mcPropCollectable__DoHitEffect_void	0.2338	graph	003684B0
00398338	ArchInit_int__ref__char__ptr__ptr__ref	0.1678	graph	00368930
00398370	ps2main	0.0769	graph	00368960
00398400	coreBootedFromDisc_void	0.2114	graph	003689F0
00398610	__coreRawCreateFile_char_const__ptr	0.0993	graph	00368BB0
003988F8	coreRawCloseFile_int	0.1667	graph	00368FD0
00398AD0	ipcCreateSema_bool	0.6242	graph	003691A8
00398AF0	ipcPollSema_ipcSemaTag__ptr	0.2381	graph	003691C8
00398B18	ipcWaitSema_ipcSemaTag__ptr	0.5038	graph	003691F0
00398B40	ipcSignalSema_ipcSemaTag__ptr	0.2445	graph	00369218
00398B68	ipcDeleteSema_ipcSemaTag__ptr	0.4242	graph	00369240
00398C20	ipcExitThread_void	0.5333	graph	003692F8
00398C60	ipcSleep_unsigned_int	0.3041	graph	00369338
00398C80	ipcTime_void	0.3315	graph	00369358
00398CB8	ipcGetCurrentThread_void	0.0909	graph	00369390
00398CD8	ipcCriticalSectionToken__ipcCriticalSectionToken_void	0.1497	graph	003693B0
003991E8	Stream__DumpOpenFiles_void	0.2338	graph	003698C0
003991F0	Stream__Open_char_const__ptr__bool	0.2576	graph	003698C8
003992B0	Stream__Create_char_const__ptr	0.3409	graph	00369988
00399308	Stream__Open_char_const__ptr__coreFileMethods_const__ptr__bool	0.1678	graph	003699E0
003993A8	Stream__Read_void__ptr__int	1.1256	graph	00369A80
00399538	Stream__Write_void_const__ptr__int	0.7614	graph	00369C08
00399658	Stream__GetCh_void	0.2210	graph	00369D28
003996C0	Stream__Seek_int	0.3651	graph	00369D90
00399738	Stream__Tell_void	0.1429	graph	00369E08
00399748	Stream__Close_void	6.5984	graph	00369E18
003997A8	Stream__Size_void	0.1603	graph	00369E78
00399860	Stream__Flush_void	0.0238	graph	00369F30
00399928	fgets_char__ptr__int_Stream__ptr	0.1429	graph	0036A068
00399B40	Stream__CreateMemoryStream_char_const__ptr__void__ptr__int_bool_bool	0.1678	graph	0036A280
00399DE0	qr2_create_socket	0.1838	graph	0036A520
00399F08	qr2_initA	0.2361	graph	0036A648
0039A048	qr2_think	0.2000	graph	0036A788
0039A090	qr2_check_queries	0.3333	graph	0036A7D0
0039A250	qr2_send_statechanged	0.1042	graph	0036A990
0039A2C0	qr2_shutdown	0.1076	graph	0036AA00
0039A390	qr2_buffer_add_int	0.3114	graph	0036AAD0
0039A3D0	qr2_buffer_addA	0.7054	graph	0036AB10
0039A450	enum_local_ips	0.1250	graph	0036AB90
0039A8E0	qr_add_packet_header	0.3458	graph	0036B008
0039ACE0	qr_build_query_reply	0.3125	graph	0036B408
0039AD80	qr_process_query	0.3333	graph	0036B4A8
0039AE40	qr_build_partial_old_query_reply	0.3561	graph	0036B568
0039B0F8	qr_process_client_message	0.1389	graph	0036B820
0039B258	qr2_parse_queryA	0.5000	graph	0036B980
0039B568	send_keepalive	0.2417	graph	0036BC90
0039B890	mcOccluderSystem__IsAABoxOccluded_Vector4_const__ptr__Vector4_const__ptr__Matrix34_const__ptr__bool_bool	0.1667	graph	0036BFB8
0039D6C8	mcOccluderSystem__GetViewer_int	0.1082	graph	0036DC68
0039D6E0	mcOccluderSystem__SetActiveViewID_int	0.3041	graph	0036DC80
0039D6E8	mcOccluderSystem__GetViewPosition_int	0.1467	graph	0036DC88
0039DC88	mcOccluderSystem__AddOccluderToActiveView_mcOccluderPolyhedron__ptr__bool	0.4242	graph	0036DE58
0039E868	mcOccluderSystem__ProcessStaticOccluders_Vector3_const__ref__Vector3_const__ref__int_Matrix34_const__ptr	0.1667	graph	0036EA08
0039E930	mcOccluderSystem__IsSphereOccluded_Vector3_const__ref__float	0.2902	graph	0036EAD0
0039EF20	mcOccluderSystem__Load_datAsciiTokenizer__ref__int__ptr__mcOccluderPolyhedron__ptr__ptr__int__ptr__mcOccluderPoly__ptr__ptr	0.7976	graph	0036F0A8
0039FF80	mcOccluderSystem__TransformAndProject_Vector4__ptr__Vector3_const__ref	0.2000	graph	00370110
003A0130	mcOccluderSystem__PrepOccluders_VU0_int_bool	0.0829	graph	003702C0
003A0618	pssPlayer__dtor_pssPlayer_void	0.3120	graph	003707E8
003A06A0	pssPlayer__Init_int_int_int_int_int	0.2111	graph	00370840
003A0910	pssPlayer__Shutdown_void	0.2500	graph	00370AB8
003A09B8	pssPlayer__Play_char_const__ptr__bool	0.1588	graph	00370B50
003A09E0	pssPlayer__PlayMulti_char_const__ptr__ptr__int_bool	0.3332	graph	00370B78
003A0B40	pssPlayer__Stop_void	0.2000	graph	00370D18
003A0BC0	pssPlayer__NextFrame_void	0.3667	graph	00370D80
003A0E18	pssPlayer__Show_int_int	0.2111	graph	00370FC8
003A0E80	pssPlayer__Copy_gfxTexture__ptr	0.3000	graph	00371030
003A0EC0	pssPlayer__Blit_int_int_int_int	0.3270	graph	00371070
003A1320	pssPlayer__CreateTexture_void	0.1303	graph	003714D0
003A1370	pssPlayer__FreeTexture_gfxTexture__ptr	0.1667	graph	00371520
003A1628	pssPlayer__TransferToIop_void_const__ptr__unsigned_int_int	0.3214	graph	00371700
003A1850	pssPlayer__TransferLibSdr_void_const__ptr__int	0.1667	graph	00371848
003A1938	pssPlayer__ConsumeAudio_void	0.1429	graph	00370F70
003A1990	pssPlayer__NextAudio_void	0.3627	graph	00371930
003A1D68	pssRingBuffer__pssRingBuffer_int	0.1422	graph	00371C78
003A23A0	pssAdpcm__Decode_char_const__ptr__short__ptr__int	0.1667	graph	00372038
003A25C0	psxCdCache__RawRead_unsigned_int_unsigned_int_void__ptr__bool	0.7500	graph	0023BA60
003A2718	pssCloseFile_int	0.4583	graph	003723A8
003A2C28	pssPlayer__ReaderStub_void__ptr	0.2250	graph	00372880
003A2C50	pssPlayer__Reader_void	0.3333	graph	003728A8
003A2E28	phConfig__SetArchetypeFolderName_char_const__ptr	0.1208	graph	00372A68
003A2FA0	phIntersection__Zero_void	0.5661	graph	00372BE0
003A30F8	phMaterial__phMaterial_void	0.2222	graph	00372D38
003A3160	phMaterial__dtor_phMaterial_void	0.1136	graph	00372DA0
003A3260	phMaterial__SetName_char_const__ptr	0.3627	graph	00372EA0
003A32A0	phMaterial__Load_datAsciiTokenizer__ref	0.2917	graph	00372EE0
003A36B8	phMaterial__LoadBinary_Stream__ptr	0.2656	graph	003732F8
003A37F0	phMaterialSnd__phMaterialSnd_void	0.2540	graph	00373430
003A3838	phMaterialSnd__dtor_phMaterialSnd_void	0.2500	graph	00373478
003A3A30	phMaterialSnd__LoadBinary_Stream__ptr	0.1585	graph	00373670
003A3B58	phMaterialMgr__phMaterialMgr_phMaterial__ptr__int	0.2582	graph	00373798
003A3C58	phMaterialMgr__dtor_phMaterialMgr_void	0.1184	graph	00373898
003A3D58	phMaterialMgr__FindMaterial_char_const__ptr__const	0.1699	graph	00373998
003A3DC8	phMaterialMgr__Load_datAsciiTokenizer__ptr	0.3333	graph	00373A08
003A3F38	phMaterialMgr__Load_Stream__ptr	0.2018	graph	00373B78
003A3FD0	phMaterialMgr__GetMaterialIndex_phMaterial_const__ptr	0.7212	graph	00373C10
003A4718	ReOrderVerts_Vector3__ptr__float__ptr	0.3333	graph	00374358
003A47F0	VertOrderIsOK_Vector3_const__ptr	0.3333	graph	00374430
003A4B80	SolveLinear1D_float_float_float_float_float_float_float__ref__float__ref	0.3333	graph	00374798
003A5050	SolveLinear2D_float_float_const__ptr__float_float_const__ptr__float_float__ptr__float__ptr__int__ptr__float__ptr__float__ptr__int_float__ptr__bool	0.2000	graph	00374C68
003A6528	phMathInertia__TetrahedronAngInertia_Vector3__ptr__float__ptr__float__ptr__float__ptr__float__ptr__float__ptr__float__ptr	0.2000	graph	00376140
003A6900	phMathInertia__FindPrincipalAxes_float_float_float_float_float_float_Vector3__ptr__Matrix34__ptr__Matrix34__ptr	0.0833	graph	00376518
003A7738	phMathInertia__PrincipalAxis_Vector3_const__ref__float_float_float_float	0.2000	graph	00377350
003A7878	phMathInertia__GetInverseInertiaMatrix_Matrix34_const__ref__Vector3_const__ref__Matrix34__ptr	0.1667	graph	00377490
003A7C98	phMathInertia__FindGeomAngInertia_float_Vector3_const__ptr__phPolygon_const__ptr__int_Vector3_const__ref__Vector3__ptr__Matrix34__ptr__Matrix34__ptr	0.2000	graph	003778B0
003A7D58	phMathInertia__FindGeomMassAngInertia_float_Vector3_const__ptr__phPolygon_const__ptr__int_Vector3_const__ref__float__ptr__Vector3__ptr__Matrix34__ptr__Matrix34__ptr	0.3250	graph	00377970
003A83D0	phPolygon__CalculateNormal_Vector3_const__ptr	0.2500	graph	00377FD8
003A8720	phPolygon__TestSegmentDirected_Vector3_const__ptr__phSegment_const__ref__phIntersection__ptr__float_const	0.1429	graph	00378328
003A9000	phSurface__phSurface_void	0.4294	graph	00378C08
003A90A8	phSurface__dtor_phSurface_void	0.6012	graph	00378CB0
003A9578	phSurfaceMgr__phSurfaceMgr_int	0.3351	graph	00379180
003A95E8	phSurfaceMgr__dtor_phSurfaceMgr_void	0.1667	graph	003791F0
003A9650	phSurfaceMgr__Find_char_const__ptr	0.2679	graph	00379258
003A9798	phSurfaceMgr__Load_Stream__ptr	0.1962	graph	003793A0
003A9888	phSurfaceMgr__LoadAll_char_const__ptr__char_const__ptr__char_const__ptr	0.1307	graph	00379490
003A9DF8	hashString_char_const__ptr	0.3333	graph	003799C0
003AA288	mcLobby__Kill_void	0.2500	graph	00379E40
003AAE08	mcLobby__ProcessGameSpyPacket_unsigned_char__ptr__int_sockaddr__ptr	0.3333	graph	0037A8E0
003AB040	mcLobby__ResetGameList_void	0.1536	graph	0037AB10
003AB128	mcLobby__StopListingGames_void	0.2900	graph	0037ABF8
003AB170	mcLobby__CreateGame_void	0.3333	graph	0037AC38
003AB268	mcLobby__Update_void	0.2900	graph	0037AD20
003AC588	mcNetManager__WaitForSync_net__ePhase	0.2833	graph	0037B960
003AC8E0	mcNetManager__SetInternetMode_bool	0.5295	graph	0037BB58
003AFB58	startMemoryTracking_void	0.2000	graph	0037E448
003AFB80	endMemoryTracking_void	0.1667	graph	0037E470
003AFBF0	memMemoryAllocator__memMemoryAllocator_void	0.1880	graph	0037E4E0
003B03D0	memMemoryAllocator__Free_void__ptr__bool	0.2708	graph	0037ECE0
003B1020	memSmallocator__Free_void__ptr__memMemoryAllocator__ref	0.2000	graph	0037FA98
003B1260	memMemoryAllocator__StartTracking_void	0.1944	graph	0037FCD8
003B12E0	Dump32Bytes_void__ptr__int	0.1667	graph	0037FD58
003B1390	memMemoryAllocator__EndTracking_void	0.2500	graph	0037FE08
003B14D0	__builtin_new	9.2996	graph	0037FF50
003B1588	__builtin_delete	0.3783	graph	00380008
003B1630	__builtin_vec_new	7.6031	graph	003800B0
003B16E8	__builtin_vec_delete	5.6025	graph	00380168
003B1790	HeapSanityCheck_void	0.3186	graph	00380210
003B17B8	drwShaderModel__drwShaderModel_void	0.4346	graph	00380238
003B17F8	drwShaderModel__dtor_drwShaderModel_void	0.1708	graph	00380278
003B18F8	drwShaderModel__Load_char_const__ptr__rmcTypeFileParser__ptr__bool	0.2000	graph	00380378
003B1A88	drwShaderModel__LoadBounds_rmcTypeFileCbData__ptr	0.0435	graph	00380508
003B1D88	drwShaderModel__LoadMesh_rmcTypeFileCbData__ptr__bool	0.2000	graph	00380808
003B20F0	drwShaderModel__LoadAnimations_rmcTypeFileCbData__ptr	0.2623	graph	00380B70
003B2230	drwShaderModel__AddAnim_char_const__ptr__char_const__ptr	0.1667	graph	00380CB0
003B2298	drwShaderModelStreamed__Touch_float_const	0.2452	graph	00380D18
003B29F8	mcAnimationStreamed__Touch_float_const	0.1190	graph	00381350
003B2B20	drwShaderModel__Place_datResource__ref	0.0769	graph	00381478
003B2B68	drwShaderModel__drwShaderModel_datResource__ref	0.4242	graph	003814B8
003B2C40	drwBonyData__drwBonyData_datResource__ref	0.1429	graph	00381590
003B37B8	mcModelFactory__SetModelResourcesPath_char_const__ptr	0.2167	graph	003820E8
003B5158	mcSpecularMap__mcSpecularMap_void	0.5476	graph	003839A8
003B53F8	mcSpecularMap__GenSpecular_SpecularHighlightInfo__ptr__int	0.3114	graph	00383CB0
003B5C78	mcTextureFactory__CreateMcTextureFactory_void	0.2193	graph	00384640
003BF380	GetBaseColorFromStream_unsigned_char__ptr	0.2000	graph	0038CFB0
003C0058	drwShaderRiderClothDetailMapPants__Load_char_const__ptr__char_const__ptr_const__ptr__int_rmcShaderGroup__ref	0.2000	graph	0038DC88
003C7DD0	sndManager__StartDriver_int_int_bool	0.1714	graph	00394AD8
003C8308	sndManager__AddCommandExtended_char_short_unsigned_int__ptr__unsigned_char	0.2436	graph	00394FE8
003C8630	sndManager__SetZipFile_char_const__ptr	0.1557	graph	003952A0
003C8CF8	sndStream__SetZipFile_char_const__ptr	0.2599	graph	00395978
003C8DF8	sndStream__SetHashFile_char_const__ptr	0.2326	graph	00395A78
003C8E60	sndStream__LocateStream_char_const__ptr__unsigned_int__ref__unsigned_int__ref	0.2667	graph	00395AE0
003C96C0	mcCheckpoint__mcCheckpoint_void	0.4767	graph	00396268
003C9CE8	mcCheckpoint__Reset_void	0.1857	graph	00396840
003C9E80	mcCheckpoint__CheckForHill_void	0.2924	graph	003969C8
003CA370	mcCheckpoint__DrawCTFCp_Vector3_const__ref__float_float_bool_bool_int_bool	0.2284	graph	00396E60
003CDA18	mcCheckpointTuneParams__mcCheckpointTuneParams_void	0.2687	graph	0039A068
003CDEF0	mcPowerUpMgr__mcPowerUpMgr_void	3.2000	graph	0039A610
003CE120	mcPowerUpMgr__CreateInstance_void	0.0687	graph	0039A870
003CE198	mcPowerUpMgr__Load_char_const__ptr	0.0228	graph	0039A8E8
003CE1C8	mcPowerUpMgr__FileIO_datParser__ref	0.2500	graph	0039A918
003D0318	mcRaceAmbient__mcRaceAmbient_void	0.1465	graph	0039BDA8
003D10B0	aiOpponentStart__aiOpponentStart_void	0.2437	graph	0039CAB0
003D1198	aiOpponentStart__Clear_void	0.1667	graph	0039CB98
003D1558	mcRacerData__Reset_void	0.2500	graph	0039CFC8
003D1600	mcRacerData__ResetCheckpoints_void	0.0833	graph	0039D040
003D1B28	aiRaceShortcut__CalculateLength_void	0.1111	graph	0039D510
003D21E0	mcRaceBase__dtor_mcRaceBase_void	0.2642	graph	0039D8E0
003D28E0	mcRaceBase__Release_void	0.2085	graph	0039DEA0
003D3AB8	mcRaceBase__LoadRaceFromEditorData_void	0.3551	graph	0039EA80
003D6628	mcRaceBase__LoadRaceAmbients_datAsciiTokenizer__ref	0.2244	graph	003A08D8
003D6D68	mcRaceBase__LoadHelicopters_datAsciiTokenizer__ref	0.0760	graph	003A0FC0
003D7EB8	mcRaceBase__LoadPathFindingShortcuts_char_const__ptr__char_const__ptr	0.1667	graph	003A1FC8
003D82D8	mcRaceBase__LoadShortcuts_datAsciiTokenizer__ref	0.1315	graph	003A23D8
003D86C8	mcRaceBase__InitializeRoadToRaceDensity_void_const	0.3117	graph	003A27D0
003D8F30	mcRaceBase__LoadPreRaceCam_datAsciiTokenizer__ref	0.2704	graph	003A2F58
003DA050	mcRaceBase__InitCheckpoints_void	0.1536	graph	003A3FC8
003DA0A0	mcRaceBase__PlaceRoadblock_Vector3_const__ref__Vector3_const__ref	0.0955	graph	003A4018
003DA998	mcRaceBase__CalculateDynamicRoadblocks_void	0.1111	graph	003A48E0
003DB700	mcRaceBase__ConstructShortcut_int_int_int_int	0.2540	graph	003A53A0
003DC5A8	mcRaceBase__SetResetPositions_Vector4_const__ref	0.0566	graph	003A6160
003DD060	mcRaceBase__DrawPickUps_int	0.0833	graph	003A6A00
003DD8F8	mcRaceBase__AwardPrizeMoney_void	0.0909	graph	003A6F90
003DDA08	mcRaceBase__AwardRewards_void	0.1429	graph	003A7060
003DE5F8	mcRaceBase__FileIO_datParser__ref	0.3333	graph	003A7848
003DEB08	mcRaceBase__Reset_void	0.1880	graph	003A7A70
003DEE98	mcRaceBase__PlayerQuitGame_int	0.2208	graph	003A7CA8
003E00D8	mcPreRaceCam__dtor_mcPreRaceCam_void	0.1444	graph	003B7550
003E0F18	mcRaceFlagBase__Load_datAsciiTokenizer__ref__mcRaceBase__ptr	0.0204	graph	003A92C8
003E2BB0	mcRaceFlagBase__SetDamageMultAndKnownGoodPosition_int	0.1679	graph	003AAE40
003E2EA8	mcRaceFlagBase__PostAiUpdate_void	0.1250	graph	003AB038
003E45D0	mcRaceFlagBase__PickPulseColorIcon_int_bool	0.1076	graph	003AC720
003E4860	mcRaceFlagBase__DrawOpponentIcons_int	0.1279	graph	003AC990
003E4968	mcRaceFlagBase__DrawPickUps_int	0.3889	graph	003ACAC8
003E4AE0	mcRaceFlagBase__DrawDamageBar_mc__eTeamColor	0.2660	graph	003ACC38
003E55E0	mcRaceHookmen__dtor_mcRaceHookmen_void	0.1111	graph	003AD700
003E5640	mcRaceHookmen__ClearOpponentArrays_void	0.3929	graph	003AD760
003E5670	mcRaceHookmen__PostConfigureInit_void	0.2222	graph	003AD790
003E5958	mcRaceHookmen__Release_void	0.5833	graph	003ADA60
003E5FC8	mcRaceHookmen__CreateRaceDDPMediator_void	0.2500	graph	003AE0D8
003E5FF0	mcRaceHookmen__StartOneShotRace_int	0.1775	graph	003AE100
003E61B0	mcRaceHookmen__PutOneShotRaceAside_void	0.1435	graph	003AE2B8
003E6230	mcRaceHookmen__CalculateOneShotRaceTime_Vector3_const__ref__Vector3_const__ref	0.1111	graph	003AE338
003E6678	mcRaceHookmen__SetRaceActivationTargetTime_void	0.0515	graph	003AE708
003E6800	mcRaceHookmen__ActivateDelayedRaceIfAppropriate_void	0.1667	graph	003AE8D0
003E6898	mcRaceHookmen__FindPutAsideRaceWithHighestActivationPriority_mcPgKBPutAsideRace__PurposeType_const	0.1989	graph	003AE988
003E6C48	mcRaceHookmen__AnnounceEvent_unsigned_wchar_t_const__ptr	0.1717	graph	003AEB90
003E6D58	mcRaceHookmen__Reset_void	0.2292	graph	003AEC80
003E6E30	mcRaceHookmen__ResetCheckpoints_void	0.2192	graph	003AED50
003E6FE0	mcRaceHookmen__PostAiUpdate_void	0.2241	graph	003AEEF0
003E7660	mcRaceHookmen__DisplayHookmanMessage_int_aiOpponent_const__ptr__int	0.1528	graph	003AF420
003E79A0	mcRaceHookmen__EngageHookmanReadyForRace_int	0.2231	graph	003AF770
003E7AE8	mcRaceHookmen__EnsureRaceOfHookmanIsOpen_int	0.1435	graph	003AF8B8
003E7C58	mcRaceHookmen__PlayerFinishedFollow_unsigned_short	0.2116	graph	003AFA08
003E7EF8	mcRaceHookmen__PlayerPickedRace_char_const__ptr	0.2298	graph	003AFCA0
003E80A0	mcRaceHookmen__GetPlayerDestination_int_Vector3__ref	0.3070	graph	003AFE48
003E8248	mcRaceHookmen__LoadAllHookmanSubRaces_void	0.1334	graph	003AFFF0
003E8768	mcRaceHookmen__FixUpHookmanVehicle_int_aiOpponentStart__ptr	0.2917	graph	003B0510
003E8898	mcRaceHookmen__GetOpponentIndexOfOpenRace_mcPgKBOpenRace_const__ref__const	0.1000	graph	003B0638
003E88F0	mcRaceHookmen__GetOpenRaceIdxFromOpponentIdx_int_const	0.1637	graph	003B0690
003E8920	mcRaceHookmen__GetPutAsideRaceIdxFromOpponentIdx_int_const	0.1111	graph	003B06C0
003E8950	mcRaceHookmen__GetOpenRaceFromOpponentIdx_int_const	0.3873	graph	003B06F0
003E89E8	mcRaceHookmen__GetSubRaceIdxFromOpponentIdx_int_const	0.2784	graph	003B0788
003E89F0	mcRaceHookmen__GetPlayerDestinationForOpenRace_mcPgKBOpenRace_const__ref__const	0.2679	graph	003B0790
003E9208	mcRaceHookmen__DrawOpponentTextLabels_int_const	0.0636	graph	003B0B78
003E9CE0	mcRaceMgr__mcRaceMgr_void	0.1312	graph	003B1510
003E9E00	mcRaceMgr__CreateInstance_void	0.1411	graph	003B1630
003E9E80	mcRaceMgr__InitRaceType_void	0.1429	graph	003B16B0
003EA040	mcRaceMgr__LoadRaceData_void	0.0976	graph	003B1880
003EAB48	mcRaceMgr__UpdatePauseUnpauseLocally_void	0.0759	graph	003B2258
003EAFF0	mcRaceMgr__Update_void	0.1829	graph	003B27E0
003ECA88	mcRaceStateDerived__mcRaceStateDerived_void	0.0769	graph	003B38F8
003ECB28	mcRaceStateDerived__CreateInstance_void	0.2934	graph	003B3998
003ECB90	mcRaceStateDerived__Update_void	0.3029	graph	003B3A00
003ED2F8	mcRaceStateDerived__GoToEndOfBeforeCountdown_void	0.1603	graph	003B40F0
003ED370	mcRaceStateDerived__UpdateBeforeCountdown_float	0.2243	graph	003B4168
003ED6A0	mcRaceStateDerived__UpdateCountdown_float	0.1512	graph	003B4440
003ED9D0	mcRaceStateDerived__ChangeState_mcRaceState__eState	0.2000	graph	003B4738
003EE358	mcRaceStateDerived__EnterStateAllFinished_void	0.1880	graph	003B5128
003EE468	mcRaceStateDerived__EnterStateSaveToMemCard_void	0.2917	graph	003B5210
003EE6B8	mcRaceStateDerived__EnterStateRewardsScreen_void	0.2092	graph	003B5430
003EEA58	mcRaceTrain__SetRaceTrainData_Vector3_const__ref__Vector3_const__ref	0.2500	graph	003B57C8
003EEBA8	mcTxtMarker__mcTxtMarker_void	0.1760	graph	003B5898
003EECE0	mcTxtMarker__dtor_mcTxtMarker_void	0.1526	graph	003B59D0
003EED50	mcTxtMarker__DrawPlayerName_Vector4_const__ref__Vector3_const__ref__Vector3_const__ref__bool_Vector2_const__ref__float_unsigned_wchar_t_const__ptr__unsigned_wchar_t_const__ptr__unsigned_wchar_t_const__ptr__unsigned_wchar_t_const__ptr	0.3047	graph	003B5A40
003EFBD8	mcTxtMarker__DrawCpNumber_Vector4_const__ref__Vector3_const__ref__Vector2_const__ref__float_unsigned_wchar_t_const__ptr	0.1220	graph	003B67D0
003F29F0	mcRaceAutocross__CreateRaceDDPMediator_void	0.1429	graph	003B8D98
003F3150	mcRaceCheckpoint__mcRaceCheckpoint_mc__eRaceType	0.4095	graph	003B9260
003F3420	mcRaceCheckpoint__IsTimedLocal_void_const	0.1500	graph	003B9490
003F3448	mcRaceCheckpoint__IsTimedGlobal_void_const	0.0769	graph	003B94B8
003F3490	mcRaceCheckpoint__DidPlayerWin_int	0.2073	graph	003B9500
003F3658	mcRaceCheckpoint__PlayerLapFinished_int_float	0.0580	graph	003B9618
003F38C8	mcRaceCheckpoint__OpponentLapFinished_int_float	0.2500	graph	003B9838
003F3E18	mcRaceCheckpoint__HitPlayerCheckpointLocal_int_int_float	0.0672	graph	003B9D60
003F4B90	mcRaceCheckpoint__DisplayExtraTimeSplashScreen_int_float_bool	0.1238	graph	003BAAC0
003F8168	mcRaceFrenzy__PlayerFinished_int	0.1852	graph	003BD468
003F8758	mcRaceLastManOut__DidPlayerWin_int	0.2500	graph	003BDAE8
003F8A30	mcRaceLastManOut__PlayerFinished_int	0.0500	graph	003BDD00
003F8A50	mcRaceLastManOut__OpponentLapFinished_int_float	0.2000	graph	003BDD20
003F9A38	aiBrain__aiBrain_aiOpponent_const__ptr__aiPathGraph__ptr__aiRaceShortcut_const__ptr	0.2453	graph	003BE600
003FA098	aiBrain__ResetTarget_void	0.2218	graph	003BEBA0
003FA2E0	aiBrain__ResetCoreTarget_void	0.2114	graph	003BEDA8
003FA6B0	aiBrain__UpdatePreRace_void	0.3214	graph	003BEE28
003FA9D8	aiBrain__Update_void	0.0625	graph	003BF150
003FB6C0	aiBrain__ParkHere_void	0.2768	graph	003BF588
003FB9B8	aiBrain__GenerateTargetFromRaceSpheres_void	0.0561	graph	003BF880
003FC358	aiBrain__GetStateFromType_aiBrain__StateType	0.2500	graph	003BFBA8
003FC3D0	aiBrain__ChangeStateLazy_aiBrain__StateType_unsigned_int	0.3788	graph	003BFC20
003FC428	aiBrain__ChangeState_aiBrain__StateType_unsigned_int	0.2697	graph	003BFC78
003FC470	aiBrain__ChangeStateInternal_aiBrain__StateType_unsigned_int	0.0455	graph	003BFCC0
003FC4F0	aiBrain__HostPosition_void_const	0.1060	graph	003BFD40
003FC550	aiBrain__HostMatrix_void_const	0.0835	graph	003BFDA0
003FC568	aiBrain__HostOpponent_void_const	0.1858	graph	003BFDB8
003FC570	aiBrain__HostCar_void	0.2025	graph	003BFDC0
003FC590	aiBrain__GetInput_void	0.0805	graph	003BFDD8
003FC740	aiBrain__SetSpeed_float	0.1458	graph	003BFED0
003FD080	aiBrain__EnterPersonality_aiBrain__ePersonality_float_aiObstacle_const__ptr	0.2500	graph	003C0718
003FDA28	aiBrain__RequestNitro_aiBrain__RequestType	0.1623	graph	003C1008
003FDB08	aiBrainTarget__aiBrainTarget_void	0.2813	graph	003C10E8
003FDB38	aiBrainTarget__Reset_void	0.3257	graph	003C1118
003FDE28	aiBrainHookman__PreUpdate_void	0.1112	graph	003C1440
003FE580	aiBrainHookman__RestartCruise_void	0.3204	graph	003C1AF8
003FEB48	aiCopHeli__dtor_aiCopHeli_void	0.2052	graph	003C2088
003FED20	aiCopHeli__Update_void	0.2000	graph	003C2260
003FEE70	aiCopHeli__UpdateSubject_void	0.0394	graph	003C23B0
003FF4C0	aiCopHeli__UpdatePosition_void	0.2000	graph	003C2A00
00400020	aiCopHeli__DrawHelicopter_void	0.2991	graph	003C3560
00400380	aiCopHeli__Draw_void	0.1740	graph	003C38C0
00400ED0	aiCopMgr__CallForBackup_aiBrainCop_const__ptr__nsMCCop__Offender_const__ptr	0.2238	graph	003C4410
004014A8	aiCopMgr__FindOffender_aiObstacle_const__ptr	0.4242	graph	003C49E8
00401888	aiCopMgr__UpdateHelicopters_void	0.3186	graph	003C4EA8
00401968	aiCopMgr__DrawHelicopterModels_void	0.0914	graph	003C4F88
004019D8	aiCopMgr__DrawHelicopters_void	0.1109	graph	003C4FF8
00401DC0	aiOpponentManager__Init_bool	0.0602	graph	003C53E0
00402298	aiOpponentManager__Update_void	0.0829	graph	003C57A0
00402470	aiOpponent__aiOpponent_void	0.2230	graph	003C5978
00402750	aiOpponent__Init_int_aiOpponentStart_const__ptr__int_bool	0.0526	graph	003C5C58
00402E80	aiOpponent__SetCarSimModifiers_void	0.0792	graph	003C6330
00402F58	aiOpponent__Reset_void	0.1667	graph	003C6408
00403168	aiOpponent__Respawn_void	0.1556	graph	003C6510
00403220	aiOpponent__UpdatePreRace_void	0.2357	graph	003C65C8
004034A0	aiOpponent__Update_void	0.3224	graph	003C6828
00404030	aiOpponent__UpdateStuck_void	0.3056	graph	003C73B8
00404348	aiOpponent__StuckPushingForward_void	0.2500	graph	003C76D0
004044F0	aiOpponent__StuckPushingForwardAndTurning_void	0.1167	graph	003C7878
004047C8	aiOpponent__CalculateTurnSpeed_Vector3__ref	0.1032	graph	003C7B50
00405038	aiOpponent__AvoidObstacles_void	0.1597	graph	003C83E0
00407DD0	aiPathGraph__Restart_void	0.3204	graph	003CA4D0
00407E48	aiPathGraph__Reset_void	0.4762	graph	003CA548
00407E70	aiPathGraph__ResetPassedPathPoints_void	0.0833	graph	003CA570
004086F0	aiPathGraph__ConstructLapBridgingShortcuts_void	0.2204	graph	003CAA80
0040A600	aiStateAttack__Update_Vector3__ref__Vector3__ref__float__ref__float__ref	0.0495	graph	003CC6C8
0040E208	aiStateRace__UpdateSteeringSpheres_void	0.1256	graph	003CFCF8
0040F368	aiSteeringSphere__Clear_void	0.1099	graph	003D48E0
0040FAB8	aiTarget__aiTarget_void	0.4000	graph	003D5048
0040FAE0	aiTarget__Reset_void	0.1000	graph	003D5070
0040FBE0	aiTarget__SetPosition_Vector3_const__ref	0.2900	graph	003D5170
00411348	aiBrainCop__UpdatePreRace_void	0.1511	graph	003D6928
00411468	aiBrainCop__SetWait_void	0.2955	graph	003D6A08
00412588	aiBrainCop__ObserveSuspects_void	0.2960	graph	003D7760
00412BC8	aiBrainCop__CallForBackup_void_const	0.1667	graph	003D7C88
00414B78	aiBrainRace__UpdatePreRace_void	0.0855	graph	003D9A38
00416810	aiOpponentFactory__MakeModel_void	0.0529	graph	003DB2F8
00416990	aiOpponentFactory__MakeAudio_void	0.1666	graph	003DB478
00416B50	aiOpponentFactory__MakeDriver_void	0.0883	graph	003DB638
00416C08	aiOpponentFactory__MakeGyro_void	0.0929	graph	003DB6F0
00416F08	aiInput__Impact_phImpactBase__ptr__phInst__ptr	0.1546	graph	003DB9C0
00417350	aiInput__Update_void	0.2667	graph	003DBD28
00417C60	aiInput__DriveToTarget_void	0.3774	graph	003DC748
004188C0	aiInput__EvaluateSplineToDestPoint_Vector3_const__ref__Vector3_const__ref__Vector3_const__ref__Vector3__ref__Vector3__ptr__Vector3__ptr	0.2222	graph	003DD368
00419940	aiStateSteerSource__UpdateSteeringSpheres_void	0.3590	graph	003DE348
0041C470	aiDamage__Impact_phImpactBase__ptr__phInst__ptr	0.2198	graph	003DE870
0041C4C8	cos_and_sin_float__ref__float__ref__float	0.2361	graph	003DE8C8
0041C6D8	cos_and_sin4_float__ptr__float__ptr__float_const__ptr	0.0667	graph	003DEAD8
0041C7E0	cosf	0.2250	graph	003DEBE0
0041C900	sinf	0.2000	graph	003DED00
0041CA38	tanf	0.0928	graph	003DEE38
0041CB20	asinf	0.1567	graph	003DEF20
0041CBA0	acosf	0.1214	graph	003DEFA0
0041CC28	atanf	0.1088	graph	003DF028
0041CC50	atan2f	0.2079	graph	003DF050
0041CDA8	floorf	0.3333	graph	003DF1A8
0041CE08	ceilf	0.2000	graph	003DF208
0041CE68	expf	0.3768	graph	003DF268
0041CFA0	powf	0.1549	graph	003DF3A0
0041D0B0	logf	0.0435	graph	003DF4B0
0041D268	RealCubic_float_float_float_float__ptr__float__ptr__float__ptr__float	0.4339	graph	003DF668
0041D568	irand_void	0.4583	graph	003DF968
0041D638	CubeRoot_float	0.2101	graph	003DFA38
0041D6A0	ArcTangent_float_float	0.3667	graph	003DFAA0
0041D850	MaximumIndex_float_float_float_float	0.0769	graph	003DFC50
0041E188	uiBase__SetTuningDataBasePath_char_const__ptr	0.1847	graph	003E0578
0041E278	uiBase__GetActualCurrentTuningDataPath_void	0.2500	graph	003E0668
0041E290	uiBase__GetCurrentTuningDataPath_char_const__ptr__char_const__ptr	0.1000	graph	003E0680
0041E6D8	uiBase__PushMaster_atDerivedPtr_uiMaster_atPtr_uiWidget_const__ref	0.1250	graph	003E0AB8
0041EBF8	uiBase__GetTimeStamp_void	0.3571	graph	003E0FD8
0041EC98	uiDynamicText__uiDynamicText_char_const__ptr__int_int_int_char_const__ptr__int_atDerivedPtr_uiMaster_atPtr_uiWidget_const__ref	0.2111	graph	003E1078
0041ED08	uiDynamicText__uiDynamicText_int_int_int_char_const__ptr__int_atDerivedPtr_uiMaster_atPtr_uiWidget_const__ref	0.2143	graph	003E10E8
0041EE10	uiDynamicText__InternalInit_char_const__ptr	0.2589	graph	003E11F0
0041EFE0	uiDynamicText__DoRendering_void	0.0607	graph	003E13C0
0041F400	uiDynamicText__SetFont_char_const__ptr	0.0651	graph	003E17E0
0041F518	uiGroup__uiGroup_char_const__ptr__int_atDerivedPtr_uiMaster_atPtr_uiWidget_const__ref	0.0909	graph	003E18F8
0041F550	uiGroup__SetActiveState_bool	0.0769	graph	003E1930
0041F938	uiGroupBase__Update_void	0.0769	graph	003E1D18
0041F9E8	uiGroupBase__CreateMaster_char_const__ptr__atDerivedPtr_uiMaster_atPtr_uiWidget_const__ref__bool	0.2355	graph	003E1DC8
0041FBA8	uiGroupBase__FileIO_datParser__ref	0.6033	graph	003E1F88
0041FBD0	uiImageBase__uiImageBase_char_const__ptr__int_int_int_bool_atDerivedPtr_uiMaster_atPtr_uiWidget_const__ref	0.2500	graph	003E1FB0
0041FD00	uiImage__uiImage_char_const__ptr__int_int_int_bool_atDerivedPtr_uiMaster_atPtr_uiWidget_const__ref	0.2500	graph	003E20E8
0041FE30	uiImage__InternalInit_char_const__ptr	0.2000	graph	003E2200
00420918	uiInput__uiInput_char_const__ptr__atDerivedPtr_uiMaster_atPtr_uiWidget_const__ref	0.3389	graph	003E2CE8
00421140	mcMenuControllerConfig__ResetPrevAxisValues_void	0.1381	graph	00350CB0
004222B8	uiMaster__uiMaster_char_const__ptr__atDerivedPtr_uiMaster_atPtr_uiWidget_const__ref__bool	0.1264	graph	003E4688
00422368	uiMaster__InternalInit_int_bool	0.1429	graph	003E4738
00422898	uiMaster__AddFlatUpdateCallback_atPtr_uiWidget_const__ref__int	0.1194	graph	003E4C68
00422A00	uiMaster__RemoveFlatUpdateCallback_atPtr_uiWidget_const__ref	0.2135	graph	003E4DD0
00423108	uiTable__uiTable_char_const__ptr__int_int_int_int_atDerivedPtr_uiMaster_atPtr_uiWidget_const__ref	0.1270	graph	003E54D8
004231F0	uiTable__InternalInit_int_int	0.3084	graph	003E55C0
004234A8	uiTable__Update_void	0.2429	graph	003E5878
004237C0	uiTable__SubmitLayoutChanges_void	0.2500	graph	003E5B90
00424220	uiTable__ForceLayoutEvents_void	0.2500	graph	003E65F0
00424240	uiTable__AfterLoadingTuningData_void	0.2500	graph	003E6610
00424570	uiText__uiText_char_const__ptr__int_int_int_atDerivedPtr_uiMaster_atPtr_uiWidget_const__ref	0.3370	graph	003E6940
00424640	uiText__internalInit_int	0.2857	graph	003E6A10
00424760	uiText__DoRendering_void	0.2500	graph	003E6B30
00424A38	uiText__SetScaleValues_float_float	0.2625	graph	003E6E08
00424A68	uiText__CursorUpdate_void	0.1000	graph	003E6E38
00424D48	uiTranslatedText__uiTranslatedText_char_const__ptr__char_const__ptr__int_int_int_atDerivedPtr_uiMaster_atPtr_uiWidget_const__ref	0.2917	graph	003E7118
00424E18	uiTranslatedText__InternalInit_char_const__ptr	0.1518	graph	003E71E8
00424FD8	uiTranslatedText__DoRendering_void	0.3333	graph	003E73A8
00425268	uiTranslatedText__GetExtents_int__ptr__int__ptr	0.2370	graph	003E7638
00425310	uiVisual__uiVisual_char_const__ptr__int_int_atDerivedPtr_uiMaster_atPtr_uiWidget_const__ref	0.3651	graph	003E76E0
004253E8	uiVisual__InternalInit_void	0.3434	graph	003E77B8
004257B8	uiVisual__FileIO_datParser__ref	0.5914	graph	003E7B88
00425858	uiVisualWithBlendColor__uiVisualWithBlendColor_char_const__ptr__int_int_atDerivedPtr_uiMaster_atPtr_uiWidget_const__ref	0.1946	graph	003E7C28
00425DB0	uiWidget__uiWidget_char_const__ptr__atDerivedPtr_uiMaster_atPtr_uiWidget_const__ref__bool_bool	0.3310	graph	003E8180
00426288	uiWidget__Update_void	0.3333	graph	003E8658
00427BD0	uiWidget__SetActiveState_bool	0.3958	graph	003E9FA0
00427D28	uiWidget__GetMasterWidget_void	0.1389	graph	003EA0F8
00428560	uiWidget__RegisterForFlatUpdate_int	1.0463	graph	003EA930
00428618	uiWidget__RemoveFromFlatUpdate_void	0.4167	graph	003EA9E8
00428830	uiWidget__SetHasItsOwnTuningFile_bool	0.3286	graph	003EAC00
00428898	uiWidget__IOHelper__GetDirName_void	0.2500	graph	003EAC68
00428A88	uiWidget__SetShowInBank_bool	0.7427	graph	003EAE58
00428AC0	datArgParser__Init_int_char__ptr__ptr	0.0873	graph	003EAE98
00428CD0	datArgParser__RestoreFromArchive_char__ptr	0.5705	graph	003EB0A8
00429010	datArgParser__SaveToArchive_char__ptr	0.3557	graph	003EB3E8
004292C0	datArgParser__Kill_void	0.2810	graph	003EB698
004295A8	FixPath_char__ptr__int_char_const__ptr	0.1719	graph	003EBBE8
00429650	datAssetManager__SetPath_char_const__ptr	0.2351	graph	003EBC90
004296E0	datAssetManager__AddExtension_char__ptr__int_char_const__ptr__char_const__ptr	0.2152	graph	003EBD20
00429C28	datAssetManagerHierNew__Open_char_const__ptr__char_const__ptr__char_const__ptr__bool_bool	0.1691	graph	003EC268
00429CB8	datAssetManagerHierNew__Create_char_const__ptr__char_const__ptr__char_const__ptr__bool_bool	0.2524	graph	003EC2F8
00429D48	datAssetManagerHierNew__PushFolder_char_const__ptr	0.2244	graph	003EC388
00429E18	PreLoadFileFromArchive_Stream__ptr__char_const__ptr	0.3075	graph	003EC458
00429FC0	datAssetManager__Open_char_const__ptr__char_const__ptr__bool_bool	0.1128	graph	003EC600
0042A1A0	datAssetManager__Create_char_const__ptr__char_const__ptr__bool_bool	0.2000	graph	003EC7E0
0042A308	datAssetManager__Exists_char_const__ptr__char_const__ptr__char_const__ptr	0.2917	graph	003EC948
0042A358	datAssetManager__BaseName_char_const__ptr__char__ptr__int	0.0556	graph	003EC998
0042A3B8	datAssetCache__Kill_void	0.2109	graph	003EC9F8
0042A460	datAssetCache__RegisterStream_char_const__ptr__Stream__ptr	0.0575	graph	003ECAA0
0042A510	datAssetCache__Open_char_const__ptr__char_const__ptr__char_const__ptr	0.4167	graph	003ECB50
0042A5D0	Base__dtor_Base_void	0.5995	graph	003ECC10
0042A6E8	datCallback__Call_void__ptr__const	0.3571	graph	003ECD28
0042A980	datCallbackList__CallAll_bool_void__ptr	0.3530	graph	003ECFC0
0042AAF8	datPageRequest__MakeRequest_int_int_int_float	0.3333	graph	003ED138
0042AF30	datChunkRefBase__AllocateBytes_unsigned_int_unsigned_int_char_const__ptr__char_const__ptr__int_int	0.1497	graph	003ED570
0042B1C8	datPageManager__BeginFrameUpdate_void	0.1496	graph	003ED808
0042B668	datPageManager__WorkerStub_void__ptr	0.2250	graph	003EDC98
0042B690	datPage__Load_int_int	0.3357	graph	003EDD18
0042B868	datPageManager__Worker_void	0.2679	graph	003EDEF0
0042CA90	datPageFile__PageIn_int_float_datChunkRefBase_const__ref	0.0476	graph	003EEB60
0042CC80	datChunkRefBase__PageIn_int_float_const	0.2864	graph	003EED48
0042CCD0	datPageFile__Mount_char_const__ptr__int	0.3241	graph	003EED98
0042D030	datPageFile__Mount_char_const__ptr__char_const__ptr__unsigned_int	0.2378	graph	003EF0A0
0042D140	datPageFile__Unmount_int	0.2000	graph	003EF1B0
0042D1A0	datPageFile__dtor_datPageFile_void	0.3374	graph	003EF210
0042D328	HashTable__Create_int_bool_int_bool	0.3351	graph	003EF3D0
0042D3B0	HashTable__dtor_HashTable_void	0.2942	graph	003EF458
0042D5F8	HashTable__Kill_void	0.3732	graph	003EF6A0
0042D7A8	HashTable__MakePermanent_void	0.1111	graph	003EF850
0042D990	HashTable__Insert_char_const__ptr__void__ptr	0.6232	graph	003EFA38
0042DB28	HashTable__Delete_char_const__ptr	0.1081	graph	003EFBD0
0042DD60	HashTable__Access_char_const__ptr	0.6576	graph	003EFE08
0042DDF0	HashTable__Access_char_const__ptr__void_const__ptr__ptr	0.3117	graph	003EFE98
0042DED0	HashTable__Hash_char_const__ptr	0.2858	graph	003EFF78
0042E018	HashTable__Recompute_int	0.0695	graph	003F00C0
0042E498	HashTable__HashTable_datResource__ref__void__ptr__datResource__ref__void__ptr__ref	0.3333	graph	003F0540
0042E668	aligned_new_unsigned_int_unsigned_int	0.2525	graph	003F0710
0042E6C0	aligned_delete_void__ptr	0.2704	graph	003F0768
0042E810	datPaging__LoadBuild_char_const__ptr__int_void__ptr__ref__int__ref	1.3522	graph	003F08B8
0042E880	datPaging__BeginStream_char_const__ptr__datStreamerInfo__ref	0.1984	graph	003F0928
0042E8A0	datPaging__EndStream_datStreamerInfo__ref__bool	0.4595	graph	003F0948
0042E928	datPaging__Mount_char_const__ptr__int	0.2796	graph	003F09D0
0042E948	datPaging__Unmount_int	0.1292	graph	003F09F0
0042EA60	datPaging__Update_void	0.1690	graph	003F0AC8
0042EC60	__putchar	0.1667	graph	003F1000
0042EEA0	__ltoa	0.3864	graph	003F1240
0042F2B8	__pr_string	0.2436	graph	003F1658
0042F378	__ftoa	0.4103	graph	003F1718
0042F9F0	sprintf	4.6499	graph	003F1CF0
0042FA38	printf	0.0769	graph	003F1D38
0042FA98	vsprintf	0.2349	graph	003F1D98
0042FAE0	vsnprintf	0.3269	graph	003F1DE0
0042FB30	sscanf	0.5906	graph	003F1E30
00430BB8	datRscBuilder__BeginStream_char_const__ptr__datStreamerInfo__ref	0.0958	graph	003F2EB0
00430C90	datRscBuilder__EndStream_datStreamerInfo__ref__bool	0.1250	graph	003F2F88
00430CF8	datRscBuilder__LoadBuild_char_const__ptr__int_void__ptr__ref__int__ref	0.0947	graph	003F2FF0
00430DF0	QSort	0.1250	graph	003F30E8
00431918	atoi	2.0891	graph	003F3C08
00431B80	bsearch	0.1667	graph	003F3E70
00431C90	exit	0.2500	graph	003F3F80
00431CC0	qsort	0.1576	graph	003F3FB0
00431CE8	malloc	0.2122	graph	003F3FD8
00431D08	free	0.1548	graph	003F3FF8
00431DA0	datStreamer__ValidateHandle_unsigned_int__ref	0.1667	graph	003F4020
00431E00	datStreamer__Worker_void__ptr	0.4345	graph	003F4080
004320E0	datStreamer__Read_unsigned_int_void__ptr__unsigned_int_unsigned_int_ipcSemaTag__ptr	0.1627	graph	003F43B0
00432260	datStreamer__Open_char_const__ptr__unsigned_int__ptr	0.1153	graph	003F4530
004323E8	datStreamer__Close_unsigned_int	0.5961	graph	003F46B8
00432598	datStreamer__GetBaseSector_unsigned_int	0.3250	graph	003F4868
004325E8	__static_initialization_and_destruction_0__003F48B8	0.3922	graph	003F48B8
00432640	_GLOBAL_$I$c__soft_age_src_data_streamer_cppreaaaa	0.2500	graph	003F4910
00432660	StringNormalize_char__ptr__char_const__ptr	0.3944	graph	003F4930
004326A0	safecpy_char__ptr__char_const__ptr__int	0.4459	graph	003F4970
004326C8	safecat_char__ptr__char_const__ptr__int	0.2547	graph	003F4998
00432750	strchr	1.1032	graph	003F4A20
004327A0	vformatf_char__ptr__int_char_const__ptr__char__ptr	0.1136	graph	003F4A70
004327C8	formatf_char__ptr__int_char_const__ptr___varargs	32.1836	graph	003F4A98
00432808	strlen	6.1017	graph	003F4AD8
00432840	strrchr	0.7556	graph	003F4B10
004328A0	strcasecmp	4.5512	graph	003F4B70
004328F8	strncasecmp	0.0233	graph	003F4BC8
00432968	strncmp	2.2698	graph	003F4C38
004329B0	memset	3.3302	graph	003F4C80
00432B20	memcpy	0.5099	graph	003F4DF0
00432C88	memmove	0.1917	graph	003F4F58
00432D38	memcmp	0.3905	graph	003F5008
00432D78	strcat	3.0016	graph	003F5048
00432DD0	strncat	0.2778	graph	003F50A0
00432E58	strcpy	3.1651	graph	003F5128
00432E98	strncpy	1.6524	graph	003F5168
00432F18	strcmp	5.3311	graph	003F51E8
00432F60	strstr	1.7302	graph	003F5230
00433160	strcspn	0.1429	graph	003F5430
00433228	StringDuplicate_char_const__ptr	1.6984	graph	003F54F8
00433330	ConstString__vCopy_char_const__ptr	1.2775	graph	003F5600
00433378	ConstString__dtor_ConstString_void	0.7825	graph	003F5648
004333C8	atHash_ConstString_const__ref	0.1911	graph	003F5698
00433B28	Timer__Sleep_unsigned_int	0.0607	graph	003F5D20
00433B48	datBaseTokenizer__Init_char_const__ptr__Stream__ptr	5.1704	graph	003F5D40
00433B78	datBaseTokenizer__PushBack_char_const__ptr__int	0.0657	graph	003F5D70
00433C68	datBaseTokenizer__GetTokenCh_void	0.1339	graph	003F5E60
00433CF8	datBaseTokenizer__SkipComment_void	0.2604	graph	003F5EF0
00433DD0	datBaseTokenizer__GetToken_char__ptr__int	1.7195	graph	003F5FC8
00434060	datBaseTokenizer__MatchToken_char_const__ptr	8.2506	graph	003F6258
004340A8	datBaseTokenizer__MatchIToken_char_const__ptr	8.4410	graph	003F62A0
004340F0	datBaseTokenizer__CheckToken_char_const__ptr__bool	7.6606	graph	003F62E8
004341B0	datBaseTokenizer__CheckIToken_char_const__ptr__bool	9.8139	graph	003F63A8
00434270	datBaseTokenizer__GetTokenToChar_char__ptr__int_char_bool	0.4865	graph	003F6468
00434418	datBaseTokenizer__SkipToEndOfLine_void	0.4400	graph	003F6610
00434490	datBaseTokenizer__Pop_void	1.4419	graph	003F6660
00434570	datBaseTokenizer__PutStr_char_const__ptr___varargs	1.1167	graph	003F6740
00434630	datAsciiTokenizer__GetInt_void	1.8398	graph	003F6800
00434690	datAsciiTokenizer__GetFloat_void	0.7455	graph	003F6860
00434708	datAsciiTokenizer__GetVector_Vector2__ref	0.1250	graph	003F68D8
00434758	datAsciiTokenizer__GetVector_Vector3__ref	0.6250	graph	003F6928
004347C0	datAsciiTokenizer__GetVector_Vector4__ref	0.2333	graph	003F6990
00434920	datAsciiTokenizer__GetDelimiter_char_const__ptr	0.3778	graph	003F6AF0
00434940	datAsciiTokenizer__MatchInt_char_const__ptr	0.2355	graph	003F6B10
00435278	datAsciiTokenizer__Put_float	0.1062	graph	003F7448
00435BC0	datTokenizer__datTokenizer_void	1.1090	graph	003F7D90
00435BD8	datTokenizer__datTokenizer_char_const__ptr__Stream__ptr	1.3176	graph	003F7DA8
00435C10	_TStringDuplicate_unsigned_wchar_t_const__ptr	0.2193	graph	003F7DE0
00435CB0	_tcscpy_unsigned_wchar_t__ptr__unsigned_wchar_t_const__ptr	0.1472	graph	003F7E80
00435DB8	_stprintf_unsigned_wchar_t__ptr__unsigned_wchar_t_const__ptr___varargs	1.4710	graph	003F7F80
00435F90	_tcscmp_unsigned_wchar_t_const__ptr__unsigned_wchar_t_const__ptr	0.1250	graph	003F8110
00436238	gpInitialize	0.2500	graph	003F8328
00436278	gpDestroy	0.2000	graph	003F8368
004362B8	gpProcess	0.0667	graph	003F83A8
00436470	gpConnectNewUserA	0.0769	graph	003F8560
004365A0	gpDisconnect	0.0714	graph	003F8690
00436920	gpAuthBuddyRequest	0.1250	graph	003F8A10
00436980	gpDenyBuddyRequest	0.2106	graph	003F8A70
00436B78	gpDeleteBuddy	0.1000	graph	003F8C68
004371C0	gpiInitialize_void__ptr__ptr__int_int	0.3333	graph	003F9238
00437308	gpiDestroy_void__ptr__ptr	0.1980	graph	003F9380
00437388	gpiReset_void__ptr__ptr	0.1694	graph	003F9400
004377F8	gpiProcess_void__ptr__ptr__int	0.8484	graph	003F9870
00438210	gpiSendBuddyMessage_void__ptr__ptr__int_int_char_const__ptr	0.2962	graph	003FA288
004385B8	gpiAppendCharToBuffer_void__ptr__ptr__GPIBuffer__ptr__char	0.3666	graph	003FA630
00438668	gpiAppendStringToBufferLen_void__ptr__ptr__GPIBuffer__ptr__char_const__ptr__int	0.3279	graph	003FA6E0
00438938	gpiSendOrBufferChar_void__ptr__ptr__GPIPeer_s__ptr__char	0.2803	graph	003FA9B0
004389D0	gpiSendOrBufferStringLen_void__ptr__ptr__GPIPeer_s__ptr__char_const__ptr__int	0.4803	graph	003FAA48
00438AC8	gpiSendOrBufferString_void__ptr__ptr__GPIPeer_s__ptr__char_const__ptr	0.4213	graph	003FAB40
00438D40	gpiSendFromBuffer_void__ptr__ptr__int_GPIBuffer__ptr___GPIBool__ptr___GPIBool_char__ptr	0.4256	graph	003FADB8
00438FA8	gpiClipBufferToPosition_void__ptr__ptr__GPIBuffer__ptr	0.1245	graph	003FB018
004390D8	gpiAddCallback_void__ptr__ptr__GPICallback_void__ptr__GPIOperation_s__ptr__int	0.4445	graph	003FB148
0043ABF0	gpiProcessGetInfo_void__ptr__ptr__GPIOperation_s__ptr__char_const__ptr	0.5375	graph	003FCE78
0043BAB0	gpiGetInfo_void__ptr__ptr__int__GPEnum__GPEnum_void__ptr__void__ptr__ptr__void__ptr__void__ptr__void__ptr	0.4000	graph	003FE190
0043BDC8	gpiFailedOpCallback_void__ptr__ptr__GPIOperation_s__ptr	0.1734	graph	003FE610
0043C058	gpiAddOperation_void__ptr__ptr__int_void__ptr__GPIOperation_s__ptr__ptr___GPEnum_void__ptr__void__ptr__ptr__void__ptr__void__ptr__void__ptr	0.4026	graph	003FE8A0
0043C160	gpiDestroyOperation_void__ptr__ptr__GPIOperation_s__ptr	0.1360	graph	003FE9A8
0043C210	gpiRemoveOperation_void__ptr__ptr__GPIOperation_s__ptr	0.5524	graph	003FEA58
0043C8F0	gpiPeerSendMessages_void__ptr__ptr__GPIPeer_s__ptr	0.2322	graph	003FF138
0043C9C0	gpiProcessPeerConnected_void__ptr__ptr__GPIPeer_s__ptr	0.5667	graph	003FF208
0043CC60	gpiProcessPeer_void__ptr__ptr__GPIPeer_s__ptr	0.1458	graph	003FF4A8
0043CCF0	gpiDestroyPeer_void__ptr__ptr__GPIPeer_s__ptr	0.1964	graph	003FF538
0043CE58	gpiSetPeerSocketSizes_int	0.1678	graph	003FF6A0
0043CEE8	gpiProcessPeers_void__ptr__ptr	0.1250	graph	003FF730
0043D088	gpiAddPeer_void__ptr__ptr__int__GPIBool	0.1860	graph	003FF8D0
0043D148	gpiPeerGetSig_void__ptr__ptr__GPIPeer_s__ptr	0.3534	graph	003FF990
0043D878	gpiProfileListAdd_void__ptr__ptr__int	0.2466	graph	004000A8
0043D940	gpiGetProfile_void__ptr__ptr__int_GPIProfile__ptr__ptr	0.5553	graph	00400170
0043D988	gpiRemoveProfileByID_void__ptr__ptr__int	0.1310	graph	004001B8
0043DA68	gpiFindProfileByUser_void__ptr__ptr__char__ptr__char__ptr__GPIProfile__ptr__ptr	0.2429	graph	00400298
0043DAE8	gpiProfileMap_void__ptr__ptr___GPIBool__ptr__void__ptr__ptr__GPIProfile__ptr__void__ptr__void__ptr	0.7048	graph	00400318
0043DB58	gpiFindBuddy_void__ptr__ptr__int	0.1667	graph	00400388
0043DD78	gpiInitSearchData_void__ptr__ptr__GPISearchData__ptr__ptr__int	0.1727	graph	00400590
0043DE50	gpiStartSearch_void__ptr__ptr__GPISearchData__ptr___GPEnum_void__ptr__void__ptr__ptr__void__ptr__void__ptr__void__ptr	0.2262	graph	00400668
0043F8E8	gpiProcessSearches_void__ptr__ptr	0.0417	graph	00402100
0043FBA8	gpiProcessRegisterUniqueNick_void__ptr__ptr__GPIOperation_s__ptr__char_const__ptr	0.3130	graph	004023C0
0043FCC0	strzcpy_char__ptr__char_const__ptr__unsigned_int	1.1635	graph	004024D8
0043FCF8	gpiDebug_void__ptr__ptr__char_const__ptr___varargs	0.1250	graph	00402510
0043FE08	gpiValueForKey_char_const__ptr__char_const__ptr__char__ptr__int	0.8160	graph	00402620
00440120	gpiSetErrorString_void__ptr__ptr__char_const__ptr	2.7634	graph	00402938
004428C8	netEngineManagerThread__Update_void	0.1429	graph	00404E38
00443DE0	crPhysRagdoll__dtor_crPhysRagdoll_void	0.2041	graph	00406340
00443E90	crPhysRagdoll__Init_int_int_phArchetypePhys__ptr__phCollider__ptr	0.1144	graph	004063F0
00444018	crPhysRagdoll__SetType_crRagdollType_const__ptr	0.2500	graph	00406578
004440A8	crPhysRagdoll__SetInstance_phInst__ptr	0.1101	graph	00406608
00444108	crPhysRagdoll__SetFullyPhysical_bool_bool	0.3944	graph	00406668
00444460	crPhysRagdoll__Activate_crSkeleton__ptr__phInst__ptr__bool_bool	0.1713	graph	004069C0
00444A08	crPhysRagdoll__Update_crSkeleton__ptr	0.2944	graph	00406F68
00444C00	crPhysRagdoll__PoseBound_crSkeleton__ptr	0.2944	graph	00407160
00444E18	crPhysRagdoll__PoseICSFromBound_void	0.2944	graph	00407378
00444F58	crPhysRagdoll__GetBound_void	0.2333	graph	00407440
00444F68	crPhysRagdoll__Deactivate_bool_bool	0.1778	graph	00407450
00445028	crPhysRagdoll__PoseSkeletonFromBound_crSkeleton__ptr	0.2944	graph	00407510
004451D8	crPhysRagdoll__PoseBoundFromSkeleton_crSkeleton__ptr	0.2528	graph	004076C0
00445378	crPhysRagdoll__SetLastMatrices_void	0.1778	graph	00407860
004456A0	crRagdollMgr__AddType_char_const__ptr__crSkeletonData_const__ptr	0.1667	graph	00407B88
004457D0	crRagdollMgr__GetType_char_const__ptr__crSkeletonData_const__ptr	0.1706	graph	00407CB8
004458C8	crRagdollMgr__InitRagdolls_int_bool_phInst__ptr__ptr__phArchetypePhys__ptr__ptr__phCollider__ptr__ptr__phSleep__ptr__ptr__int_int	0.2510	graph	00407DB0
00445CD0	crRagdollMgr__KillRagdolls_void	0.1318	graph	004081B8
00445EA8	crRagdollMgr__GetRagdoll_crRagdollType_const__ptr__int_const	0.2769	graph	00408390
00445F70	crRagdollSleep__crRagdollSleep_void	0.1484	graph	00408458
004465C0	crRagdollType__PoseWithSkeleton_crSkeleton_const__ref	0.2833	graph	00408AA8
00446998	crRagdollType__GetBound_void_const	0.2821	graph	00408E80
00448118	sndBank__FindEntry_char_const__ptr	0.1956	graph	0040A668
00448FE0	sndBankMgr__CreateEmptyBank_char_const__ptr__eControlType	0.2882	graph	0040B518
00449298	sndBankMgr__LoadBankAlias_char_const__ptr__char_const__ptr__eControlType_bool_bool	0.0500	graph	0040B7D0
004497C8	sndBankMgr__UnloadBank_char_const__ptr	0.4056	graph	0040BD00
00449A98	sndBankMgr__FindEntry_char_const__ptr	0.1250	graph	0040BFD0
00449B48	sndControl__sndControl_char_const__ptr	0.9553	graph	0040C080
00449BA8	sndControl__sndControl_void	0.2074	graph	0040C0E0
00449C80	sndControl__Init_void	0.0526	graph	0040C1B8
00449DE8	sndControl__Begin_void	0.2399	graph	0040C318
0044A068	sndControl__SetAltSound_char_const__ptr	0.1250	graph	0040C550
0044A688	sndControl__SetVolume_float	0.3423	graph	0040CB58
0044A6F8	sndControl__SetFrequency_float	0.1736	graph	0040CBC8
0044A840	sndControl__SetLockSoundVoice_bool	0.1429	graph	0040CD10
0044A8B8	sndControl__SetVolumeGroup_sndControlVolumeGroup_const__ptr	0.6546	graph	0040CD88
0044B058	sndControl3d__sndControl3d_char_const__ptr	0.1972	graph	0040D4B0
0044B118	sndControl3d__sndControl3d_void	0.0680	graph	0040D570
0044BCD0	sndControl3d__SetRadius_float_float	0.2667	graph	0040E100
0044BD28	sndControl3d__SetRolloffFactor_float	0.2540	graph	0040E158
0044BD70	sndControl3d__RecalcRadius2_void	0.0417	graph	0040E178
0044BD90	sndControl3d__SetPosition_Vector3_const__ref	0.2917	graph	0040E198
0044C4F8	sndRpcData__sndRpcData_void	0.3333	graph	0040E900
0044C8C0	sndRpcManager__sndRpcManager_void	0.3333	graph	0040ECC8
0044CF18	sndVoiceSfx__Play_sndBankEntry__ptr__float_float_float_bool	0.2500	graph	0040F320
0044E238	sndImpactSound__Init_sndImpactSoundData_const__ptr__sndControlVolumeGroup_const__ptr__char_const__ptr	0.0843	graph	00410620
0044F4E0	sndSoundFxList__Init_int_char_const__ptr	0.3333	graph	00411AD0
0044F648	sndSoundFxList__Add_char_const__ptr	0.1818	graph	00411C38
0044FDD8	sndSoundFxSingleShot__SetVolume_float	0.0526	graph	004123C8
0044FE18	sndSoundFxSingleShot__LoadData_datTokenizer__ref	0.2000	graph	00412408
004500F0	sndSoundFxSingleShot3d__LoadData_datTokenizer__ref	0.2637	graph	004126E0
00450560	fxBirthRule__fxBirthRule_void	0.1397	graph	00412B30
00451500	fxParticles__SetTexture_gfxTexture__ptr__bool	0.1056	graph	00413AD0
00452F60	fxTrack__Draw_void	0.1661	graph	00415530
00453490	fxTrackMgr__Draw_void	0.2377	graph	00415A60
004536E8	ghiProcessConnection_GHIConnection__ptr	0.5667	graph	00415CB8
004538F8	ghttpGetA	0.0909	graph	00415EC8
00453938	ghttpGetExA	0.0714	graph	00415F08
00453B30	ghttpCancelRequest	0.0714	graph	00416100
00453BC8	ghiFreePost	0.2605	graph	00416198
00453EF8	ghiPostStateCleanup_GHIPostState__ptr	0.2159	graph	004164C8
00453F48	ghiPostInitState	0.2350	graph	00416518
00454080	ghiPostCleanupState	0.1280	graph	00416650
004542C0	ghiPostFileDiskStateDoPosting_GHIPostState__ptr__GHIConnection__ptr	0.2500	graph	00416890
00454390	ghiPostFileMemoryStateDoPosting_GHIPostState__ptr__GHIConnection__ptr	0.1429	graph	00416960
00454838	ghiDoHostLookup	0.1429	graph	00416E08
00454908	ghiDoConnecting	0.4130	graph	00416ED8
00454D48	ghiDoPosting	0.1964	graph	004172F8
00454DD8	ghiDoWaiting	0.4226	graph	00417388
004550B0	ghiDoReceivingStatus	0.2000	graph	00417660
004551B8	ghiDeliverIncomingFileData_GHIConnection__ptr__char__ptr__int	0.3588	graph	00417768
00455288	ghiParseChunkSize_GHIConnection__ptr	0.2429	graph	00417838
004552C0	ghiAppendToChunkHeaderBuffer_GHIConnection__ptr__char__ptr__int	0.1542	graph	00417870
00455330	ghiProcessIncomingFileData_GHIConnection__ptr__char__ptr__int	0.1051	graph	004178E0
00455970	ghiDoReceivingFile	0.1131	graph	00417F20
00455A78	ghiResizeBuffer_GHIBuffer__ptr__int	0.1818	graph	00418028
00455AE0	ghiInitBuffer	0.4159	graph	00418090
00455C10	ghiAppendDataToBuffer	0.3963	graph	004181C0
00455DB8	ghiAppendCharToBuffer	0.4000	graph	00418368
00455ED0	ghiResetBuffer	0.0667	graph	00418480
00455EE8	ghiSendBuffer	0.3690	graph	00418498
00456048	ghiCallProgressCallback	0.3345	graph	004185F8
00456100	ghiDoReceive	0.5167	graph	004186B0
00456230	ghiDoSend	0.3742	graph	004187E0
004562D0	ghiTrySendThenBuffer	0.2338	graph	00418880
00456478	ghiFindFreeSlot_void	0.2175	graph	00418A28
004565C0	ghiNewConnection	0.1665	graph	00418B70
00456738	ghiFreeConnection	0.2074	graph	00418CE8
00456898	ghiRequestToConnection	0.2500	graph	00418E48
004569A8	ghiRedirectConnection	0.5498	graph	00418F58
00456CC0	drwShaderModel__LoadBoneTags_rmcTypeFileCbData__ptr	0.1111	graph	00380AB8
00456D10	crAnimation__ShutdownHashTables_void	0.1667	graph	004192C0
004572A8	crAnimation__GetAnimationPrefix_char_const__ptr__char_const__ptr__bool_bool_bool	0.4024	graph	00419858
00458118	crAnimation__Place_datResource__ref	0.2000	graph	0041A6C8
00458140	crAnimation__crAnimation_datResource__ref	0.3333	graph	0041A6F0
00458CD8	crAnimFrame__Pose_crSkeleton__ref__bool_const	0.2242	graph	0041B288
00459028	crAnimFrame__GetTransVector_int_const	0.2853	graph	0041B5D8
00459608	crAnimFrameData__crAnimFrameData_datResource__ref	0.2500	graph	0041BBB8
00459988	LGWheels__ReadAll_void	0.5000	graph	0041BF38
00459A48	LGWheels__ReadPort_int	0.5000	graph	0041BFF8
00459A88	LGWheels__StopForce_int_int	0.7500	graph	0041C038
00459EA0	LGWheels__IsConnected_int	0.5738	graph	0041C428
0045A060	LGWheels__SetMultiturn_int_int	0.5000	graph	0041C5F0
0045A0A0	LGWheels__SetOverallForceGain_int_int	0.5000	graph	0041C610
0045ABD0	LGWheels__PlayFrontalCollisionForce_int_int	0.2468	graph	0041CD58
0045C620	LogiWheels__LogiWheels_void	0.3333	graph	0041E7A8
0045C658	LogiWheels__InitVars_void	0.3375	graph	0041E7E0
0045C6F8	LogiWheels__InitlgDevLibrary_void	0.5000	graph	0041E878
0045C7A0	LogiWheels__EnumIsNeeded_void	0.5000	graph	0041E920
0045D378	LogiWheels__IsConnected_int	0.0385	graph	0041F4D8
0045D460	LGWheels__IsMultiturnEnabled_int	0.5000	graph	0041C5D0
0045DE10	mcCityLifeSimulator__CreateInstance_void	0.1429	graph	0041FDE8
0045E818	mcCityLifeSimulatorData__Reset_void	0.2000	graph	00420698
0045E8D0	mcCityLifeSimulatorData__Update_float	0.3333	graph	00420740
0045E988	mcCityLifeSimulatorData__TransformBubbleRegion_int_Matrix34_const__ref__float	0.1250	graph	004207F8
0045EBB0	mcCityLifeSimulatorData__LoadRaceStarterData_datAsciiTokenizer__ref	0.0973	graph	00420A20
0045EE28	mcCityLifeSimulatorData__mcCityLifeSimulatorData_datResource__ref	0.3333	graph	00420CA8
0045EF58	mcCityLifeSimulatorData__Place_datResource__ref	0.1429	graph	00420DD8
0045F138	mcCreature__mcCreature_void	0.4910	graph	00420FB8
0045F3A0	mcCreature__Reset_bool	0.1576	graph	00421220
0045F770	mcCreature__DeActivate_void	0.1667	graph	004215F0
0045F968	mcCreature__IsCutsceneControlled_void_const	0.1576	graph	004217E8
0045FC90	mcCreature__CalcLightData_Vector3_const__ref	0.1111	graph	00421AB8
004603A0	mcCreature__Render_mcPassTypes	0.2000	graph	004221B8
00461DD8	mcCreature__mcCreature_datResource__ref	0.1623	graph	00423BC0
00462068	mcCreatureAnimGroupFactory__LoadCreatureAnimGroup_char_const__ptr__mcCreatureAnimGroup__ref	0.0909	graph	00423E70
004620B8	mcCreatureAnimGroupFactory__ConvertToAnimType_char_const__ptr__const	0.0949	graph	00423EC0
00462380	mcCreatureAnimGroupFactory__ParseFindAnimListSize_char_const__ptr	0.2827	graph	00424188
00462498	mcCreatureAnimGroupFactory__ParseHeaders_void	0.1534	graph	004242A0
004625E0	mcCreatureAnimFactory__LoadCreatureAnimMgr_char_const__ptr__mcCreatureAnimMgr__ref__bool	0.2429	graph	004243E8
00462A50	mcCreatureAnimGroup__Initialize_int_char_const__ptr	0.1731	graph	00424858
00462C48	mcCreatureAnimGroup__Load_int_mcCreatureAnim__TAnimType_char_const__ptr__bool_bool_bool	0.4242	graph	00424A50
00464068	mcCreatureEnvNotify__Update_void	0.1429	graph	00425E70
00464090	mcCreatureEnvNotify__CreatureThreatGeomUpdate_void	0.0522	graph	00425E98
004642E8	mcCreatureEnvNotify__CreatureThreatUpdate_mcCreatureThreatGeom_const__ref	0.2429	graph	00426108
004650B0	mcCreatureGroupManager__Update_float_mcCreatureEnvNotify__ref__mcCreatureAnimMgr_const__ref	0.2000	graph	00426F00
004658B8	mcCreatureManager__Reset_void	0.2707	graph	00427708
00465D20	mcCreatureManager__LoadCityPedData_char_const__ptr	0.1000	graph	00427BB0
00465E00	mcCreatureManager__LoadRaceStarterData_char_const__ptr__mcCreatureAnimMgr__ref__bool	0.2000	graph	00427C70
004663F0	mcCreatureManager__mcCreatureManager_datResource__ref	0.1833	graph	00428260
004667E8	mcCreatureCullableClass__mcCreatureCullableClass_datResource__ref	0.1833	graph	00428658
00468160	mcCreatureNavigator__DeActivate_void	0.1111	graph	00429F20
00469750	mcCreaturePopulater__Update_void	0.3667	graph	0042B2E8
00469AE0	mcCreaturePopulater__UpdateCreatureDepopulate_void	0.3111	graph	0042B668
0046A0D8	mcCreatureThreatGeom__UpdateConeSpreadAngle_Matrix34_const__ref__float_Vector3_const__ref__mcCreatureThreatZone__TTurnDirection	0.1429	graph	0042BC60
0046A8B8	mcCreatureType__mcCreatureType_bool	0.3576	graph	0042C418
0046A9B8	mcCreatureType__Init_void	0.2000	graph	0042C518
0046A9E0	mcCreatureType__LoadTypeData_char_const__ptr__mcCreatureAnimGroup_const__ptr__char_const__ptr__bool	0.0667	graph	0042C540
0046AD30	mcCreatureType__Render_int_int_const	0.1678	graph	0042C890
0046AF88	mcCreatureType__mcCreatureType_datResource__ref	0.4762	graph	0042CAE8
0046B760	mcCreatureTypeManager__mcCreatureTypeManager_datResource__ref	0.2500	graph	0042D2C0
0046B878	mcCreatureAnim__mcCreatureAnim_void	0.1667	graph	0042D3D0
0046B918	mcCreatureAnim__LoadAndInit_mcCreatureAnim__TAnimType_char_const__ptr__bool_bool_bool	0.1111	graph	0042D470
0046B9F8	phBoundBase__dtor_phBoundBase_void	0.1178	graph	0042D550
0046BA20	phBound__phBound_void	0.3095	graph	0042D578
0046BA78	phBound__dtor_phBound_void	0.3333	graph	0042D5D0
0046BAA0	phBound__Release_bool	0.0667	graph	0042D5F8
0046BD20	phBound__GetCenter_Matrix34_const__ptr__Vector3__ptr__const	0.2857	graph	0042D878
0046C000	phBound__GetBoxHalfWidthAndCenter_Vector3__ref__Vector3__ref__const	0.2857	graph	0042DB58
0046CAC8	phBound__Clone_void_const	0.0769	graph	0042E6D0
0046CB78	phBound__VirtualConstructFromPtr_datResource__ref__phBound__ptr	0.2810	graph	0042E780
0046CC80	phBound__phBound_datResource__ref	0.2000	graph	0042E888
0046DA60	phBoundBox__Load_v110_datBinTokenizer__ref	0.3026	graph	0042F668
0046DB50	phBoundBox__SetSize_Vector3_const__ref	0.2000	graph	0042F758
004755A0	phBoundComposite__phBoundComposite_int_phBound__ptr__ptr__Matrix34__ptr	0.3101	graph	00436EE0
00475650	phBoundComposite__Init_int_phBound__ptr__ptr__Matrix34__ptr	0.1495	graph	00436F90
004757C0	phBoundComposite__dtor_phBoundComposite_void	0.2238	graph	00437100
00475DC0	phBoundComposite__SetBound_int_phBound__ptr	0.3095	graph	00437700
004769C8	phBoundComposite__CalcCenterOfBound_void	0.1250	graph	00438308
00476CE0	phBoundComposite__Copy_phBound_const__ptr	0.2778	graph	00438620
00476F68	phBoundComposite__Clone_void_const	0.3113	graph	004388A8
00478648	phBoundComposite__phBoundComposite_datResource__ref	0.1176	graph	00439F88
00479690	phBoundGeometry__Load_char_const__ptr__Vector3_const__ptr	0.1060	graph	0043AFD0
0047AA68	phBoundHotdog__SetSize_float_float	0.2000	graph	0043C3A8
0047DE68	phBoundHotdog__Load_v110_datBinTokenizer__ref	0.3860	graph	0043F7A8
0047DF68	phBound__CreateOfType_int	0.3113	graph	0043F8A8
0047E0A8	phBound__Load_char_const__ptr	0.5113	graph	0043F9E8
0047E630	phBound__Load_datAsciiTokenizer__ref	0.2900	graph	0043FF70
0047E9F8	phBound__LoadAttempted_char_const__ptr__phBound__ptr__ptr	0.2544	graph	00440338
0047EA50	phBound__LoadSucceeded_char_const__ptr__phBound__ptr	0.1544	graph	00440390
0047EAA8	phBound__ResourcePageInDoWork_datResource__ref	0.2000	graph	004403E8
0047EC70	phBoundOctree__LoadCells_datAsciiTokenizer__ref__int_int_int_int_float_Vector3_const__ref__Vector3_const__ref	0.2500	graph	004405B0
0047EF30	phBoundOctree__FindImpactsToSphere_phImpactBase__ptr__const	0.1429	graph	00440870
0047F128	phBoundOctree__FindImpactsToHotdog_phImpactBase__ptr__const	0.2000	graph	00440A68
0047F408	phBoundOctree__FindImpactsToPoly_phImpactBase__ptr__const	0.1429	graph	00440D48
0047F4F8	phBoundOctree__TestBoundOctreePoly_phImpactBase__ptr__phPolyIntersection__ptr__int__ptr__phPolyIntersection__ptr__int__ptr__const	0.2679	graph	00440E38
0047F7D8	phBoundOctree__CullSphereOBB_Matrix34_const__ptr__Matrix34_const__ptr__phBound_const__ptr__Matrix34_const__ptr__Vector3_const__ref__bool_const	0.4500	graph	00441120
00481C60	phBoundOTGrid__Load_v110_datAsciiTokenizer__ref	0.3333	graph	004434E0
00482310	phBoundOTGrid__GetOctree_int_int	0.1667	graph	00443B90
00482348	phBoundOTGrid__GetOctree_int	0.3000	graph	00443BC8
00483F98	phOTGridOTStreamer__IsResident_Place_void	0.2476	graph	00445818
00484CF0	phBoundPolyhedron__FindImpactsToSphere_phImpactBase__ptr__const	0.4323	graph	00446568
00485658	phBoundPolyhedron__FindImpactsToHotdog_phImpactBase__ptr__const	0.3490	graph	00446ED0
0048E118	phBoundPolyhedron__FindImpactsPolyToPoly_phImpactBase__ptr__Vector3_const__ref__int__ptr__int__ptr__const	0.3333	graph	0044E988
00491E00	phBoundPolyhedron__CalcAngInertia_float_const	0.3333	graph	00451F48
00493EA8	phBoundQuadtree__LoadCells_datAsciiTokenizer__ref__int_int_int_int_float_Vector3_const__ref__Vector3_const__ref	0.2018	graph	00453F60
00494660	phBoundQuadtree__FindImpactsToPoly_phImpactBase__ptr__const	0.1429	graph	00454718
00494750	phBoundQuadtree__TestBoundQuadtreePoly_phImpactBase__ptr__phPolyIntersection__ptr__int__ptr__phPolyIntersection__ptr__int__ptr__const	0.2679	graph	00454808
00494A30	phBoundQuadtree__CullSphereOBB_Matrix34_const__ptr__Matrix34_const__ptr__phBound_const__ptr__Matrix34_const__ptr__Vector3_const__ref__bool_const	0.2000	graph	00454AF0
0049F7F8	phForceSphere__phForceSphere_void	0.1685	graph	0045F610
0049F858	phForceSphere__Reset_void	0.3333	graph	0045F670
0049F870	phForceSphere__Zero_void	0.1667	graph	0045F688
0049F960	phForceSphere__dtor_phForceSphere_void	0.1250	graph	0045F778
004A1920	phImpactBase__ResetTotalImpulse_void	0.1909	graph	00461778
004A1B78	phImpactBase__GetInstanceA_int_const	0.3963	graph	004619D0
004A1BB0	phImpactBase__GetInstanceB_int_const	0.2116	graph	00461A08
004A2DB0	phImpactBase__GetImpulse_int_phInst_const__ptr__Vector3__ref__Vector3_const__ptr__int_const	0.0769	graph	00462C08
004A31B8	phImpactBase__GetAveragePosition_Vector3__ref__const	0.1121	graph	00462F10
004A3A88	phImpactBase__DisableImpact_int_bool	0.3580	graph	004637E0
004A3B18	phImpactBase__DisableAllImpacts_bool	0.1556	graph	00463878
004A3B80	phImpactBase__GetTotalImpulse_phInst_const__ptr__bool_Vector3_const__ptr__int_const	0.1667	graph	004638E0
004A4008	phOctreeCell__ReadCells_datAsciiTokenizer__ref__int	0.2637	graph	00463D68
004A7010	mcTkTournament__CreateTask_char_const__ptr__char_const__ptr	0.0851	graph	00466D20
004A7058	mcTkTournament__mcTkTournament_char_const__ptr__char_const__ptr	0.2086	graph	00466D68
004A8838	mcTkTournament__SetupNextCareerEvent_void	0.1699	graph	00467EE8
004A8998	mcTkTournament__ReportRaceResult_mcPgCareer__eRaceResults	0.5806	graph	00468048
004A8B10	mcTkTournament__ReportEndOfMovie_void	0.1111	graph	00468150
004A8D10	mcTkTournament__EndTask_void	0.3454	graph	004682D0
004A8D80	mcTkTournament__ResetWhileNotInTournament_void	0.2262	graph	00468340
004A8E48	mcTkTournament__ResetAndExitToCruise_void	0.6494	graph	004683C8
004A8FE0	mcTkTournament__OpenCurrentRace_int	0.2160	graph	00468430
004A92C0	mcTkTournament__RetireRaces_void	0.4276	graph	00468568
004A9760	mcTkTournament__DidPlayerWinTournament_void_const	0.2622	graph	00468A08
004A9800	mcTkTournament__IsPlayerInOrBeyondLastRace_bool	0.1444	graph	00468AA8
004A9958	mcTkTournament__AwardPrizeMoney_void	0.2713	graph	00468C08
004AAA30	mcTkTournament__MapServerEventCallback_hudMapServer__Element_const__ref__hudMapServer__EventType_void__ptr	0.0833	graph	00469890
004AB168	mcTkTournament__OnTaskStart_bool	0.1992	graph	00467030
004AB4D0	mcTkCareerStart__SetupNextCareerEvent_void	0.1332	graph	0046A148
004ACB68	mcTkMovieRaceSequence__SetUniqueRaceId_int_unsigned_short	0.2338	graph	0046B180
004ACB80	mcTkMovieRaceSequence__GetUniqueRaceId_int_const	0.3686	graph	0046B198
004ACB98	mcTkMovieRaceSequence__GetNumberOfItemsOfOneType_bool_const	0.2222	graph	0046B1B0
004ACC28	mcTkMovieRaceSequence__GetIndexOfNthItemOfOneType_bool_int_const	0.3651	graph	0046B1F0
004ACCD8	mcTkMovieRaceSequence__ReserveRaces_mcPgKnowledgeBase__ref__mcPgTaskBase__ptr	0.2418	graph	0046B2A0
004AD0E8	mcTkMovieRaceSequence__RequestEvent_int	0.1982	graph	0046B538
004AD5C0	mcTkRacerDefinition__RacerInfo__RacerInfo_void	0.1000	graph	0046BA10
004AD5D8	mcLoadingThread__InitClass_void	0.2500	graph	001A99D0
004ADDE0	mcCarConfig__operator_assign_mcCarConfig_const__ref	0.3958	graph	0046C298
004AE0F8	mcCarConfig__Set_mcCarConfig_const__ref	0.7340	graph	0046C590
004AE118	mcCarConfig__InstallPart_int_char_const__ptr__int_int	0.5270	graph	0046C5B0
004AE4C0	mcCarConfig__InstallEnginePart_int_int_int	0.1838	graph	0046CA58
004AE5B8	mcCarConfig__GetInstalledEnginePart_int_int_const	0.4363	graph	0046CB68
004AE630	mcCarConfig__InstallPartByIndex_int_int_int_int	0.4201	graph	0046CBE0
004AEF58	mcCarTypeConfig__GetPurchasedPartByIndex_int_int	0.2212	graph	0046D168
004AF2D0	mcCarConfig__GetInstalledPart_int_int_bool_const	0.5448	graph	0046D2E0
004AF7A0	mcCarConfig__SetVehicleProfileName_char_const__ptr	0.3143	graph	0046D7A8
004AF7D0	mcCarConfig__SetVehicleTypeByName_char_const__ptr	0.1474	graph	0046D7D8
004AF870	mcCarConfig__GetVehicleTypeIndex_void_const	0.6146	graph	0046D878
004AF8B0	mcCarConfig__CalcTireDiameter_int_float_const	0.2500	graph	0046D8B8
004AF910	mcCarConfig__SetTireProfile_GivenRequiredDiameter_int_float	0.2857	graph	0046D918
004AF950	mcCarConfig__CalculateTireProfile_GivenRimSizeAndDiameter_int_float	0.2857	graph	0046D958
004AF9C8	mcCarConfig__CalculateTireDiameter_GivenRimSizeAndTireProfileIndex_int_int	0.3690	graph	0046D9D0
004AFA00	mcCarConfig__IsWheelSizeValid_int_int_int_float_float_float	0.3333	graph	0046DA08
004AFE98	mcCarConfig__SetLicensePlateLetter_int_char	0.1111	graph	0046DEA0
004AFEB0	mcCarConfig__Load_char_const__ptr	0.5000	graph	0046DEB8
004AFF10	mcCarConfig__Load_char_const__ptr__char_const__ptr__char_const__ptr	0.2500	graph	0046DF18
004B2080	mc__CarDescription__CanUseInTheZone_void_const	0.1917	graph	0046FE78
004B21D8	mc__CarDescription__IsMotorCycle_void_const	0.6893	graph	0046FFC0
004B2260	mc__CarDescription__IsGroupD_void_const	0.1556	graph	00470038
004B2AE0	mc__LookupCar_char_const__ptr	0.7337	graph	00470850
004B2FD0	mcCarPartDb__dtor_mcCarPartDb_void	0.0535	graph	00470F50
004B4408	mcCarPartDb__LoadCarPartList_char_const__ptr__atArray_ConstString_8_unsigned_short_65535__ptr__ptr__char_const__ptr__ptr__int	0.1415	graph	004723F0
004B4698	mcCarCustom__LoadDecalStrings_void	0.1816	graph	002B7280
004B59D8	mcCarPartDb__FindPaintColorIndex_int_char_const__ptr__const	0.1943	graph	00473A50
004B5A70	mcCarPartDb__FindBlowerHoodName_void	0.1333	graph	00473AE8
004B5B08	mcCarPartDb__FindPartIndex_mcCarPartDb__ePartTypes_char_const__ptr__const	0.2774	graph	00473B80
004B6C28	mcConfig__CopyConfig_mcRaceConfig__ptr__mcRaceConfig__ptr	0.0669	graph	004756C0
004B6D38	mcConfig__CopyConfigForGarage_void	0.2292	graph	004757C8
004B6E00	mcConfig__CopyNextToCurrent_void	0.2669	graph	00475890
004B7188	mcConfig__GetNumPlayers_void	0.7455	graph	00475AE8
004B7198	mcConfig__GetPlayer_int	0.7237	graph	00475AF8
004B71B8	mcConfig__GetCityName_void	2.1507	graph	00475B18
004B7220	mcConfig__GetController_int	0.6065	graph	00475B80
004B7240	mcConfig__IsPlayerLocal_int	0.0626	graph	00475BA0
004B7268	mcConfig__IsNetworked_void	1.2981	graph	00475BC8
004B7278	mcConfig__GetNetworkedLocalPlayerIndex_void	0.6675	graph	00475BD8
004B7298	mcConfig__GetLocalPlayerIndex_void	0.5024	graph	00475BF8
004B75E0	_GLOBAL_$I$c__soft_mc3_src_mcdata_config_cppNuaaaa	0.1429	graph	00476188
004B7750	mc__LoadDefaultCityData_void	0.2083	graph	004762F8
004B7900	mc__LoadCityData_datAsciiTokenizer__ref__datAsciiTokenizer__ref__bool	0.6899	graph	004764A8
004B7AD0	mc__mcCityData__InitCity_char_const__ptr__char_const__ptr__int_char_const__ptr__ptr	0.2000	graph	00476708
004B7AE8	mc__mcCityData__GetCruiseRaceIndex_void_const	0.1233	graph	00476720
004B7B20	mc__mcCityData__LookupRace_char_const__ptr__int__ref	0.3645	graph	00476758
004B8A18	mc__mcCityData__LoadHookmenData_datAsciiTokenizer__ref__mc__eCity	0.1667	graph	00477428
004B9370	mc__LookupCity_char_const__ptr	0.2500	graph	00477B18
004B9488	mc__LookupTOD_char_const__ptr	0.2576	graph	00477C30
004B9598	mc__LookupRace_char_const__ptr__mc__eCity__ref__int__ref	0.1989	graph	00477D40
004B9630	mc__LookupRace_mc__eCity_char_const__ptr__int__ref	0.0598	graph	00477DD8
004B9830	mc__ConvertDensityLevelToDensity_float	0.2363	graph	00477FD8
004B9870	mc__ConvertTrafficDensityEnumToFloat_mc__eTrafficDensity	0.1635	graph	00478018
004B9F78	mc__IsScoringType_mc__eRaceType	0.1010	graph	00478270
004B9FC8	mcControlConfigMap__mcControlConfigMap_void	0.4762	graph	00478298
004B9FF0	mcControlConfigMap__ClearMap_int	0.2500	graph	004782C0
004BA028	mcControlConfigMap__ClearAllMaps_void	0.2917	graph	004782F8
004BA248	mcControlConfigMap__GetStringtableNameForMapping_int_int_unsigned_wchar_t__ptr__int_const	0.1490	graph	00478518
004BA348	mcControlConfigMap__IsChanged_mcControlConfigMap_const__ref__const	0.2000	graph	00478618
004BA480	mcControlConfigMap__SetCfgHydraulics_void	0.3333	graph	00478750
004BA918	mcControlConfigData__mcControlConfigData_void	0.1000	graph	00478BE0
004BAC28	mcControlConfigMgr__Load_void	0.6859	graph	00478EF8
004BAD98	mcGlobalGameOptions__mcGlobalGameOptions_void	0.0833	graph	004794C8
004BB428	mc__mcHookmanData__mcHookmanData_void	0.0769	graph	00479E20
004BB600	mcLocalPlayerOptions__mcLocalPlayerOptions_void	0.1429	graph	00479FF8
004BB648	mcLocalPlayerOptions__SetToDefaults_bool	0.1442	graph	0047A040
004BB6D0	mcLocalPlayerOptions__SetupDefaultSavegameVehicles_void	0.2111	graph	0047A0C8
004BB6F0	mcLocalPlayerOptions__DeleteVehicleSaveSlot_int	0.1190	graph	0047A0E8
004BB8E0	mcLocalPlayerOptions__SetPlayerName_unsigned_wchar_t_const__ptr	0.0972	graph	0047A578
004BBC38	mcLocalPlayerOptions__SetControllerConfiguration_int_mcControlConfigMap_const__ref	0.1071	graph	0047A7F8
004BBD30	mcLocalPlayerOptions__SetRecentRaceIndex_unsigned_char	0.0643	graph	0047A920
004BBD60	mcLocalPlayerOptions__SetAirridePattern_unsigned_char	0.2000	graph	0047A950
004BBED0	mcLocalPlayerOptions__SetVolumeChanged_bool	0.1667	graph	0047AA60
004BC038	mcLocalPlayerOptions__SetHasDataChanged_bool	0.4306	graph	0047ABF8
004BC128	mcLocalPlayerOptions__SaveData__SaveData_void	0.1875	graph	0047AC08
004BD198	mcLocalPlayerOptions__SaveData__SetupDefaultSavegameVehicles_void	0.3460	graph	0047B740
004BD3E0	mcHeap__InitClass_char_const__ptr__int_bool_bool_bool	0.3526	graph	0047B9F0
004BD488	mcHeap__Begin_char_const__ptr	0.3526	graph	0047BA98
004BD4D0	mcHeap__End_void	0.1621	graph	0047BAF8
004BD500	mcHeap__LogMemoryStats_void	0.0335	graph	0047BB28
004BD508	mcHeap__CreateVehicleHeap_unsigned_int	0.2091	graph	0047BB30
004BD588	mcHeap__DeleteVehicleHeap_memMemoryAllocator__ptr	0.2303	graph	0047BBA0
004BD7D0	__static_initialization_and_destruction_0__0047BDB0	0.2000	graph	0047BDB0
004BD830	_GLOBAL_$I$c__soft_mc3_src_mcdata_mcheap_cppJEaaaa	0.3333	graph	0047BE10
004BDB50	mcRaceConfig__operator_assign_mcRaceConfig_const__ref	0.1111	graph	0047C1A0
004BE0D0	mcRaceConfig__LoadRaceInfo_void	0.1250	graph	0047C5D0
004BE3C0	mcRaceConfig__CopyRaceDataFromCityDataToRaceConfig_mc__eCity_int	0.1088	graph	0047C8B8
004BE6B8	mcRaceConfig__GetRaceIndex_void_const	0.2605	graph	0047CBB0
004BE7B0	mcRaceConfig__SetRaceName_char_const__ptr	0.3991	graph	0047CF58
004BE968	mcRaceConfig__SetMovie_char_const__ptr	0.1935	graph	0047D150
004BEAE8	mcRaceState__mcRaceState_void	0.2500	graph	0047D2A8
004BEB60	mcRaceState__SetDefaultStateDurations_void	0.3333	graph	0047D320
004BEC10	mcRuntimePlayerOptions__GetPlayerCameraMode_void_const	0.1169	graph	0047D3D0
004BF2F0	mcStatEntry__Read_mcSerializer__ref	0.1573	graph	0047D918
004BF588	mcPgCareer__CreateInstance_void	0.0833	graph	0047DBF0
004BF9E0	mcPgCareer__InitToSavegameData_void__ptr__int	0.3056	graph	0047DEA8
004BFB10	mcPgCareer__ReadSaveData_mcSerializer__ref	0.0323	graph	0047DFB0
004BFBA0	mcPgCareer__SetToNoRaceState_void	0.2435	graph	0047E030
004BFDB0	mcPgCareer__ReportRaceResult_mcPgCareer__eRaceResults	0.4583	graph	0047E240
004C0060	mcPgCareer__ReportRaceSelected_unsigned_short	0.1835	graph	0047E408
004C00C8	mcPgCareer__ReportEndOfMovie_void	0.1268	graph	0047E460
004C0250	mcPgCareer__SetupFrontEnd_mc__eCity	0.2871	graph	0047E5D8
004C02C0	mcPgFlow__CreateCareerRacesAsNeeded_void	0.1250	graph	00481378
004C0400	mcPgCareer__SetupNextRace_unsigned_short	0.0652	graph	0047E730
004C0590	CareerHudScreen__OnPlayMovie_char_const__ptr	0.1429	graph	0028A908
004C0708	mcPgCareer__WinCurrentCareerRace_void	0.1160	graph	0047EC18
004C0878	mcPgCareer__SetDisableDefaultEventSetup_bool	0.1434	graph	0047ED68
004C0880	mcPgCareer__SetupCareerCruise_mc__eCity	0.2871	graph	0047E648
004C08E8	mcRaceConfig__SetLoadScreenName_char_const__ptr	0.1667	graph	0047D130
004C0928	mcPgCareer__ResetRequests_void	0.3204	graph	0047EE18
004C0980	mcPgCareer__RequestGameState_mcPgCareer__eGameState	0.3629	graph	0047EE70
004C0990	mcPgCareer__RequestCity_mc__eCity	0.3417	graph	0047EE80
004C09B0	mcPgCareer__RequestRace_unsigned_short	0.2222	graph	0047EEA0
004C0A38	mcPgCareer__RequestNoRace_void	0.2956	graph	0047EF30
004C0C78	mcPgCareer__RequestMovie_char_const__ptr	0.1691	graph	0047EF78
004C2528	mcPgDynamicDifficulty__UpdateRetryScoreAtEndOfRace_void	0.1083	graph	0047FDA0
004C3488	mcPgFillerRaces__ResetSetupOfExistingFillerRaces_void	0.0495	graph	004808E0
004C3900	mcPgFlow__mcPgFlow_mcPgKnowledgeBase__ref	0.7357	graph	00480C48
004C3CE8	mcPgFlow__ReadSaveData_mcSerializer__ref	0.6667	graph	00481000
004C4498	mcPgFlow__CreateRace_bool_mc__eCity_int	0.1667	graph	004816D8
004C4938	mcPgFlow__PrunePutAsideRaces_void	0.4906	graph	00481B88
004C4A98	mcPgFlow__AdjustNumberOfDelayedRacesBeforeCruise_mc__eCity	0.3323	graph	00481CE8
004C4C68	mcPgFlow__FindPutAsideRaceWithLowestActivationPriority_mcPgKBPutAsideRace__PurposeType_mc__eCity_int_const	0.4906	graph	00481EC0
004C5BC8	mcPgKnowledgeBase__mcPgKnowledgeBase_void	0.1806	graph	004829F8
004C6588	mcPgKnowledgeBase__InitToBlankSavegame_void	0.2163	graph	004832F8
004C7A48	mcPgKnowledgeBase__SetLastCruiseRaceByOpenRaceIdx_int	0.3829	graph	00484208
004C7AA8	mcPgKnowledgeBase__SetIdOfCruiseIconWithFocus_char_const__ptr	0.2386	graph	00484268
004C7B10	mcPgKnowledgeBase__CreateOpenRace_mc__eCity_int	0.0909	graph	004842D0
004C7BF0	mcPgKnowledgeBase__GetNumberOfOpenRaces_mc__eCity_const	0.1429	graph	004843B0
004C7CE0	mcPgKnowledgeBase__GetOpenRaceIdx_unsigned_short_const	0.1255	graph	00484480
004C7D00	mcPgKnowledgeBase__GetOpenRace_int	0.2178	graph	004844A0
004C7D18	mcPgKnowledgeBase__GetOpenRace_int_const	0.3333	graph	004844B8
004C7D30	mcPgKnowledgeBase__GetCurrentOpenRace_void	0.2338	graph	004844D0
004C7D88	mcPgKnowledgeBase__GetOpenOrPutAsideRace_unsigned_short_bool	0.1483	graph	00484528
004C7E08	mcPgKnowledgeBase__SetOpenRaceIndexOfCurrentlyActiveRace_int	0.1699	graph	004845A8
004C7E10	mcPgKnowledgeBase__ChangeRaceFromOpenToPutAside_int	0.2111	graph	004845B0
004C7F58	mcPgKnowledgeBase__ChangeRaceFromPutAsideToOpen_int	0.5269	graph	004846F8
004C8088	mcPgKnowledgeBase__CreatePutAsideRace_mc__eCity_int	0.2909	graph	00484828
004C8168	mcPgKnowledgeBase__GetNumberOfPutAsideRaces_mc__eCity_mcPgKBPutAsideRace__PurposeType_const	0.2679	graph	00484908
004C8278	mcPgKnowledgeBase__GetPutAsideRaceIdx_unsigned_short_const	0.4103	graph	004849F8
004C8298	mcPgKnowledgeBase__GetPutAsideRace_int	0.2083	graph	00484A18
004C8480	mcPgKnowledgeBase__WinRace_int	0.2083	graph	00484B90
004C84A0	mcPgKnowledgeBase__SkipRace_int	0.1250	graph	00484BB0
004C84C0	mcPgKnowledgeBase__UndoPutAsideRace_int	0.2000	graph	00484BD0
004C84E0	mcPgKnowledgeBase__RetireRace_int_bool_bool	0.2000	graph	00484BF0
004C8768	mcPgKnowledgeBase__UndoRace_int_bool	0.1651	graph	00484D38
004C8808	mcPgKnowledgeBase__EraseRace_int_bool	0.3219	graph	00484DD8
004C8EC0	mcPgKnowledgeBase__GetNextUniqueRaceId_void	0.1667	graph	00485408
004C98E0	mcPgKBRace__mcPgKBRace_mc__eCity_int	0.2000	graph	00485C88
004C9930	mcPgKBRace__operator_assign_mcPgKBRace_const__ref	0.1000	graph	00485CD0
004C9B98	mcPgKBOpenRace__mcPgKBOpenRace_mcPgKBOpenRace_const__ref	0.4732	graph	00485F28
004C9BF0	mcPgKBOpenRace__mcPgKBOpenRace_mc__eCity_int	0.4944	graph	00485F80
004C9C90	mcPgKBOpenRace__operator_assign_mcPgKBOpenRace_const__ref	0.3270	graph	00486020
004C9DF8	mcPgKBOpenRace__SetTask_mcPgTaskBase__ptr	0.0909	graph	00486180
004CA010	mcPgKBOpenRace__FreeOpponentCarConfigs_mcPgKnowledgeBase__ref	0.3250	graph	00486398
004CA510	mcPgKBPutAsideRace__mcPgKBPutAsideRace_mcPgKBOpenRace_const__ref	0.5694	graph	00486868
004CA5C0	mcPgKBPutAsideRace__operator_assign_mcPgKBPutAsideRace_const__ref	0.2111	graph	00486918
004CA610	mcPgKBPutAsideRace__operator_assign_mcPgKBOpenRace_const__ref	0.1000	graph	00486968
004CA648	mcPgKBPutAsideRace__SetPurposeType_mcPgKBPutAsideRace__PurposeType	0.2020	graph	004869A0
004CA650	mcPgKBPutAsideRace__GetPurposeType_void_const	0.2778	graph	004869A8
004CA660	mcPgKBPutAsideRace__GetActivationPriority_void_const	0.1667	graph	004869B8
004CA668	mcPgKBPutAsideRace__SetNumberOfWonRacesNeeded_int	0.1111	graph	004869C0
004CA758	mcPgKBHistoricRace__mcPgKBHistoricRace_mc__eCity_int	0.0777	graph	00486AB0
004CA9C8	mcPgRaceDDPMediator__FileIO_datParser__ref	0.2500	graph	00486D20
004CCAC8	mcPgRaceSetup__mcPgRaceSetup_mcPgKnowledgeBase__ref	0.1250	graph	004886C0
004CE008	mcPgRewards__mcPgRewards_mcPgKnowledgeBase__ref	0.2262	graph	00488A18
004CE928	mcPgRewards__CalculateActualMoneyReward_float_int_int_const	0.2500	graph	00489328
004CE978	mcPgRewards__RoundMoneyReward_float_const	0.2500	graph	00489378
004CED60	mcPgRewards__UpdatePrizeMoneyAtEndOfRace_int_int	0.1778	graph	00489760
004CF0D8	mcPgRewards__GetMoneyReward_void_const	0.2361	graph	00489AC0
004CF0F0	mcPgRewards__GetIndividualRaceRewards_mcPgRewards__IndividualItem_const__ptr_const__ptr__ref__const	0.1875	graph	00489AD8
004CFD98	mcPgRubberBanding__mcPgRubberBanding_void	0.2833	graph	0048A6F0
004D1300	mcPgSideQuests__RemoveSetupOfExistingRaces_mc__eCarClass	0.1373	graph	0048B7E0
004D16D8	mcPgTaskBase__StopAndRetireTask_void	0.2857	graph	0048BBB8
004D1710	mcPgTaskBase__ReleaseFlowControl_void	0.3111	graph	0048BBF0
004D1738	mcPgTaskBase__GetKnowledgeBase_void_const	0.3232	graph	0048BC18
004D1748	mcPgTaskBase__GetTaskMgr_void_const	0.1000	graph	0048BC28
004D18D8	mcPgTaskMgr__mcPgTaskMgr_mcPgKnowledgeBase__ref	0.0968	graph	0048BDB8
004D20D0	mcPgTaskMgr__RegisterTaskType_char_const__ptr__mcPgTaskBase__ptr___ptr__char_const__ptr__char_const__ptr	0.3333	graph	0048C518
004D21B8	mcPgTaskMgr__InitAfterTaskTypesHaveBeenRegistered_void	0.2000	graph	0048C600
004D2468	mcPgTaskMgr__InitToBlankSavegame_void	0.1111	graph	0048C8B0
004D2E00	mcPgTaskMgr__StartTask_char_const__ptr__char_const__ptr__bool	0.1394	graph	0048D0C8
004D2E60	mcPgTaskMgr__StartTask_mcPgTaskMgr__RegisteredTaskType_const__ptr__char_const__ptr__bool	0.2000	graph	0048D128
004D2F40	mcPgTaskMgr__StartTasksBasedOnUnlocking_void	0.2857	graph	0048D208
004D3058	mcPgTaskMgr__StopAndRetireTask_char_const__ptr__char_const__ptr	0.1875	graph	0048D320
004D3218	mcPgTaskMgr__StopAllTasks_void	0.3667	graph	0048D4E0
004D3410	mcPgTaskMgr__ReleaseFlowControl_void	0.0667	graph	0048D670
004D3810	mcPgTaskMgr__ReportEndOfMovie_void	0.2000	graph	0048DA70
004D38D8	mcPgTaskMgr__GetTaskTypeNameById_unsigned_short_const	0.1429	graph	0048DB38
004D3900	mcPgTaskMgr__GetRegisteredTaskTypeById_unsigned_short_const	0.1429	graph	0048DB60
004D3988	mcPgTaskMgr__GetRegisteredTaskTypeByName_char_const__ptr__const	0.1325	graph	0048DBE8
004D39C8	mcPgTaskMgr__GetRunningTask_unsigned_short_char_const__ptr__const	0.2000	graph	0048DC28
004D3A18	mcPgTaskMgr__GetTaskTypeIdByName_char_const__ptr__const	0.2823	graph	0048DC78
004D3A38	mcPgTaskMgr__GetTaskIdByName_char_const__ptr__const	0.1667	graph	0048DC98
004D3A58	mcPgTaskMgr__GetIdByName_vector_mcPgTaskMgr__IdByNameLookupNode_allocator_mcPgTaskMgr__IdByNameLookupNode_const__ref__char_const__ptr__const	0.0665	graph	0048DCB8
004D3AD8	mcPgTaskMgr__GetTaskNameById_unsigned_short_const	0.1588	graph	0048DD38
004D3AF8	mcPgTaskMgr__GetNameById_vector_mcPgTaskMgr__NameByIdLookupNode_allocator_mcPgTaskMgr__NameByIdLookupNode_const__ref__unsigned_short_const	0.2500	graph	0048DD58
004D3B68	mcPgTaskMgr__IsTaskRunning_unsigned_short_char_const__ptr__const	0.3000	graph	0048DDC8
004D3B90	mcPgTaskMgr__GetIdxOfRunningTask_unsigned_short_char_const__ptr__const	0.2500	graph	0048DDF0
004D3C18	mcPgTaskMgr__IsTaskRetired_unsigned_short_char_const__ptr__const	0.3500	graph	0048DE78
004D3C40	mcPgTaskMgr__IsTaskCompleted_unsigned_short_char_const__ptr__const	0.2000	graph	0048DEA0
004D3CB8	mcPgTaskMgr__GetIdxOfRetiredTask_unsigned_short_char_const__ptr__const	0.2500	graph	0048DF18
004D3D30	mcPgTaskMgr__GetPointersToLocalCopiesOfNames_char_const__ptr__char_const__ptr__char_const__ptr__ref__char_const__ptr__ref__const	0.2198	graph	0048DF90
004D3DA0	mcPgTaskMgr__GetPointerToLocalCopyOfTaskName_char_const__ptr__const	0.4078	graph	0048E000
004D3ED0	mcPgTaskMgr__RegisteredTaskType__RegisteredTaskType_unsigned_short_char_const__ptr__mcPgTaskBase__ptr___ptr__char_const__ptr__char_const__ptr	0.3095	graph	0048E070
004D3EE8	mcPgTaskMgr__IdByNameLookupNode__IdByNameLookupNode_unsigned_short_char_const__ptr	0.3889	graph	0048E088
004D3F08	mcPgTaskMgr__RunningTask__RunningTask_unsigned_short_char_const__ptr__mcPgTaskBase__ptr	0.2857	graph	0048E0A8
004D3F38	mcPgTaskMgr__RetiredTask__RetiredTask_unsigned_short_char_const__ptr	0.2198	graph	0048E0D8
004D4268	mcPgUnlockingRulesEval__IsVisualUpgradeLevelUnlocked_mc__eCarGroup_int_const	0.0909	graph	0048E5C0
004D42B0	mcPgUnlockingRulesEval__IsCityUnlocked_mc__eCity_const	0.0982	graph	0048E3B8
004D4550	mcPgUnlockingRulesEval__IsVehicleUnlockedForPlayer_int_const	0.2500	graph	0048E4B8
004D4590	mcPgUnlockingRulesEval__IsVehicleUnlockedForPlayer_char_const__ptr__const	0.1813	graph	0048E4F8
004D4910	mcPgUnlockingRulesEval__IsNitroUnlockedForAI_void_const	0.1429	graph	0048E7F8
004D50B0	mcPgUnlockingRulesEval__CheckIfConditionIsMet_int_unsigned_int_const	0.2917	graph	0048EE48
004D7160	mcPgBinaryRulesEvalBase__LoadRulesFromCSVFile_char_const__ptr__int_int_int	0.5040	graph	004902B0
004D7508	mcPgBinaryRulesEvalBase__IsRuleSatisfied_int_unsigned_int_bool_const	0.4167	graph	00490658
004D7A30	mcPgKBHookman__ReadSaveData_mcSerializer__ref	0.3333	graph	00490B80
004D8750	phArchetype__Load_char_const__ptr__phBound__ptr__char_const__ptr	0.2021	graph	00491878
004D8840	phArchetype__Load_datAsciiTokenizer__ref__phBound__ptr	0.1429	graph	00491968
004D8898	phArchetype__CreateOfType_int	0.3696	graph	004919C0
004D8920	phArchetype__CreateOfType_datAsciiTokenizer__ref	0.2820	graph	00491A48
004D8A30	phArchetype__phArchetype_void	0.1714	graph	00491B58
004D8A78	phArchetype__Erase_void	0.1917	graph	00491BA0
004D8AC8	phArchetype__dtor_phArchetype_void	0.1942	graph	00491BF0
004D8CF8	phArchetype__Copy_phArchetype_const__ptr	0.0667	graph	00491E20
004D8D88	phArchetype__Clone_void_const	0.1667	graph	00491EB0
004D8DE8	phArchetype__Release_bool	0.3344	graph	00491F10
004D8E68	phArchetype__SetBound_phBound__ptr	0.2019	graph	00491F90
004D8ED0	phArchetype__SetTypeFlag_unsigned_int_bool	0.1870	graph	00491FF8
004D8EF8	phArchetype__SetIncludeFlag_unsigned_int_bool	0.1435	graph	00492020
004D8F50	phArchetypePhys__phArchetypePhys_void	0.1778	graph	00492078
004D8FC8	phArchetypePhys__Erase_void	0.2500	graph	004920F0
004D93E0	phArchetypePhys__GetInverseInertiaMatrix_Matrix34_const__ref__Matrix34__ptr__const	0.2000	graph	004924F8
004D9408	phArchetypePhys__Copy_phArchetype_const__ptr	0.3333	graph	00492520
004D94D0	phArchetypeDamp__phArchetypeDamp_void	0.1714	graph	004925E8
004D9568	phArchetypeDamp__Erase_void	0.3333	graph	00492680
004D9820	phArchetypeDamp__Copy_phArchetype_const__ptr	0.3333	graph	00492938
004D98A8	phArchetypeBase__VirtualConstructFromPtr_datResource__ref__phArchetypeBase__ptr	0.1667	graph	004929C0
004D9930	phArchetype__phArchetype_datResource__ref	0.3667	graph	00492A48
004D9970	phArchetypePhys__phArchetypePhys_datResource__ref	0.4500	graph	00492A88
004D99A8	phArchetypeDamp__phArchetypeDamp_datResource__ref	0.2500	graph	00492AC0
004D9A08	phArchetypeMgr__CreateInstance_int	0.2454	graph	00492B20
004D9A60	phArchetypeMgr__phArchetypeMgr_int	0.1250	graph	00492B68
004D9B18	phArchetypeMgr__dtor_phArchetypeMgr_void	0.2210	graph	00492C00
004D9B88	phArchetypeMgr__Initialize_int	0.2941	graph	00492C70
004D9C50	phArchetypeMgr__Shutdown_void	0.2730	graph	00492D08
004D9D90	phArchetypeMgr__RecycleUnused_bool	0.1280	graph	00492E20
004D9EC0	phArchetypeMgr__FindArchetype_char_const__ptr	0.3667	graph	00492F40
004D9EE8	phArchetypeMgr__GetArchetype_char_const__ptr__bool_datTokenizer__ptr__int	0.5826	graph	00492F68
004D9FC0	phArchetypeMgr__GetArchetypeNoWarning_char_const__ptr__bool_datTokenizer__ptr__int	0.3000	graph	00493040
004DA040	phArchetypeMgr__RegisterArchetype_phBound__ptr__char_const__ptr__bool_int_float	0.1867	graph	004930C0
004DA248	phArchetypeMgr__AddHashInfoToTable_char_const__ptr	0.2463	graph	004932B8
004DA300	phArchetypeMgr__PruneHashtable_void	0.2159	graph	00493368
004DA360	phArchetypeMgr__AddArchetype_phArchetype__ptr__char_const__ptr	0.2667	graph	004933C8
004DA3B8	phArchetypeMgr__PostLoadCompute_char_const__ptr__phArchetypePhys__ptr__phBound_const__ptr__float_bool_int	0.1453	graph	00493420
004DA6A8	phCollider__Init_phInst__ptr__phInertialCS__ptr__phSleep__ptr	0.3678	graph	00493710
004DA6E8	phCollider__SetInstance_phInst__ptr	0.2880	graph	00493750
004DA8C8	phCollider__Reset_void	0.3958	graph	00493930
004DADC0	phCollider__Update_void	0.2500	graph	00493DA0
004DB588	phCollider__GetMotionFromInstance_void	0.3726	graph	00494568
004DB630	phCollider__GetInvMassMatrix_Vector3_const__ref__Matrix34__ref__Vector3_const__ptr__const	0.3667	graph	00494610
004DB658	phCollider__GetLocalVelocity_Vector3_const__ref__Vector3__ref__int_const	0.1678	graph	00494638
004DB698	phCollider__Contact_Vector3_const__ref__Vector3_const__ref__Matrix34_const__ref__int_Vector3_const__ptr__phCollider_const__ptr	0.1429	graph	00494678
004DB788	phCollider__RecordPusher_Vector3_const__ref__phCollider_const__ptr	0.2000	graph	00494768
004DB820	phCollider__DampMotion_void_const	0.2679	graph	00494800
004DC428	phCollider__ApplyImpulse_Vector3_const__ref__Vector3_const__ref__int_Vector3_const__ptr__phCollider_const__ptr	0.3333	graph	00495408
004DC808	phImpact__SetCollider_phCollider__ptr	0.2000	graph	004957E8
004DC848	phImpact__SetCollider_phCollider__ptr__phInst__ptr	0.2435	graph	00495828
004DCD98	phImpact__GetMaterial_int_bool_const	0.2500	graph	00495D78
004DCEE0	phImpact__RigidObjects_void_const	0.1642	graph	00495EC0
004DCFC0	phImpact__GetInvMassMatrix_phImpactData_const__ref__Matrix34__ref__bool_phImpactData_const__ptr__const	0.4444	graph	00495FA0
004DD088	phImpact__GetCompositeInvMassMatrix_phImpactData_const__ref__Matrix34__ref__phImpactData_const__ptr__const	0.2159	graph	00496068
004DD250	phImpact__PrepareImpacts_void	0.3000	graph	00496230
004DD338	phImpact__FindRelVelocity_phImpactData__ref	0.2020	graph	00496318
004DD910	phImpact__CalculatePushes_void	0.2778	graph	004968F0
004DDAD8	phImpact__CalculatePushes_phImpactData__ref__Matrix34_const__ref__Matrix34_const__ref	0.2000	graph	00496AB8
004DDE28	phImpact__ApplyCollisionImpetus_Vector3__ptr__phInst__ptr__bool_float__ptr	0.3344	graph	00496E08
004DE3A8	phImpact__ApplyPreBreakImpetus_phInst__ptr__float	0.2000	graph	00497388
004DE820	phImpact__ApplyImpactContact_Vector3_const__ref__Vector3_const__ref__int_Vector3_const__ptr__phInst_const__ptr__phInst__ptr__phCollider__ptr__phCollider_const__ptr__int_bool_const	0.3111	graph	004977E8
004DE928	phImpact__ApplyImpulseChangeMotion_Vector3_const__ref__Vector3_const__ref__int_phInst__ptr__bool_const	0.3000	graph	004978F0
004DE9C0	phImpact__ApplyElasticity_float	0.1667	graph	00497988
004DEC30	phImpact__GetTotalAngImpulse_phCollider_const__ptr__Vector3_const__ptr__const	0.3333	graph	00497BF8
004DEE58	phInst__dtor_phInst_void	0.3001	graph	00497E20
004DEEA8	phInst__Init_phArchetype__ref__Matrix34_const__ref	0.0990	graph	00497E70
004DEF58	phInst__SetArchetype_phArchetype__ptr	0.3879	graph	00497F20
004DF320	phInst__GetInvMassMatrix_Vector3_const__ref__Matrix34__ref__Vector3_const__ptr__const	0.1667	graph	004982E8
004DF3D0	phInstBreakable__phInstBreakable_void	0.2679	graph	00498398
004DF6A0	phInstBreakable__BreakApart_phImpact__ptr__phInstBreakable__ptr__ptr__int__ptr__phInst__ptr__ptr__phImpactData__ptr__phBreakData_const__ref	0.1667	graph	00498668
004DF6D0	phInstBreakable__BreakIntoActiveSelf_phImpact__ptr__phInstBreakable__ptr__ptr__int__ptr__phInst__ptr__ptr__bool_phImpactData__ptr__phCollider__ptr	0.2083	graph	00498698
004DFC88	phInstBreakable__RemoveFromInstList_phInstBreakable__ptr__ptr__phInstBreakable__ptr__int__ptr	0.2083	graph	00498C38
004DFE50	phLevel__phLevel_void	0.2500	graph	00498E00
004E00A0	phLevel__GetCollider_int	0.3683	graph	00499050
004E0B40	phLevelSimple__phLevelSimple_void	0.2000	graph	00499AF0
004E1190	phLevelSimple__SetRoomConfig_Vector3_const__ref__Vector3_const__ref__float	0.1154	graph	0049A140
004E94C8	phLevelBase__phLevelBase_void	0.3333	graph	004A2478
004E9828	phSimulator__PreCollide_void	0.1667	graph	004A27D8
004EACC8	phSimulator__DoCollision_phImpact__ref	0.0922	graph	004A3C78
004EAFA8	phSimulator__BreakObjects_phImpact__ptr__phInstBreakable__ptr__ptr__int_phImpactData__ptr__const	0.4500	graph	004A3F28
004EB250	phSimulator__FindWeakestInst_phImpact_const__ptr__phInstBreakable__ptr__ptr__int_float__ptr__phImpactData_const__ptr__phBreakData__ptr__ptr__phBreakData__ptr__ptr__const	0.2500	graph	004A41D0
004EB368	phSimulator__CalculateBreakingImpetus_phImpact__ref__phInst__ptr__ptr__int_const	0.3000	graph	004A42E8
004EB560	phSimulator__TestPromoteInstance_phImpact__ptr__phInst__ptr__phImpactData__ptr__const	0.2500	graph	004A44E0
004EB650	phSimulator__CalculateImpetus_phImpact__ref__bool_bool_const	0.2023	graph	004A45D0
004EB7B8	phSimulator__CalculateSingleImpetus_phImpact__ref__int_float_const	0.3865	graph	004A4738
004EB9A0	phSimulator__CalcSimultaneousImpacts_phImpact__ref__bool_const	0.3966	graph	004A4920
004EBA58	phSimulator__CalculateImpetusStatic_phImpact__ref	0.2435	graph	004A49D8
004EBD80	phSimulator__StaticInstanceBreakTest_phInstBreakable__ptr__phImpact__ptr__float_const	0.1357	graph	004A4D00
004EBE58	phSimulator__StaticInstanceBreak_phImpact__ptr__phInstBreakable__ptr__const	0.2755	graph	004A4DD8
004EC158	phSimulator__CalculateImpetusBrokenParts_phInstBreakable__ptr__phImpact__ref__const	0.1394	graph	004A50D8
004EC980	phSimulator__CalculateImpetusBrokenParts_phInstBreakable__ptr__Vector3_const__ref__Vector3_const__ref__const	0.1625	graph	004A5900
004ED020	phSimulator__AssignTempCollider_phInstBreakable__ref__phInertialCS__ref__phCollider__ref__phImpact__ref	0.1250	graph	004A5FA0
004ED1C0	phSimulator__Calc2Impacts_phImpact__ref__bool_const	0.1733	graph	004A6140
004ED540	phSimulator__Calc3Impacts_phImpact__ref__bool_const	0.1642	graph	004A64C0
004ED798	phSimulator__GetInvMassMatrix_phInst_const__ptr__phCollider_const__ptr__Vector3_const__ref__Matrix34__ref__Vector3_const__ptr__Vector3__ptr__Vector3__ptr	0.1818	graph	004A6768
004ED898	phSimulator__CalcImpulse1Impact_Vector3_const__ref__Vector3_const__ref__Matrix34_const__ref__Vector3__ref	0.2198	graph	004A6868
004ED980	phSimulator__ApplyFriction1Impact_Vector3__ref__Vector3_const__ref__float_Matrix34_const__ref__Vector3_const__ref	0.0769	graph	004A6950
004EDA50	phSimulator__CalcSlidingImpulse1Impact_Vector3_const__ref__float_Vector3_const__ref__Vector3_const__ref__float_Matrix34_const__ref__Vector3__ref	0.3333	graph	004A6A20
004EF518	phSimulator__CalcSlidingImpulse2Impacts_Vector3_const__ref__Vector3_const__ref__Vector3_const__ref__Vector3_const__ref__Vector3_const__ref__Vector3_const__ref__Matrix34_const__ref__Matrix34_const__ref__Matrix34_const__ref__Matri__59fd050e97	0.2000	graph	004A8490
004F01B0	phSimulator__ApplyFriction2Impacts_phImpact__ref__phImpactData__ref__phImpactData__ref__const	0.2667	graph	004A9128
004F02F8	phSimulator__ApplyFriction3Impacts_phImpact__ref__const	0.3250	graph	004A9270
004F1260	phSimulator__CullCloseImpulseImpacts_phImpact__ref__int_const	0.2338	graph	004AA1D8
004F1458	phSimulator__Resolve3Impacts_phImpact__ref__const	0.1250	graph	004AA3D0
004F1CD0	phSimulator__DisableBadImpacts_phImpact__ref__const	0.2572	graph	004AAC48
004F1DB0	phSimulator__PostCalcImpacts_phImpact__ref__bool_const	0.2909	graph	004AAD28
004F1E90	phSimulator__ApplyImpetus_int_Vector3_const__ref__Vector3_const__ref__int_bool	0.0769	graph	004AAE08
004F2220	phSimulator__ApplyForceScaled_int_Vector3__ref__Vector3_const__ref__float_int	0.2000	graph	004AB198
004F2448	phSimulator__ImpactEffects_phImpact__ref	0.0788	graph	004AB3C0
004F2618	phSimulator__GetCollider_phInst_const__ptr__const	0.3000	graph	004AB590
004F2700	phSleep__Init_phInertialCS__ptr	0.4254	graph	004AB678
004F2720	phSleep__Reset_void	0.0714	graph	004AB698
004F3108	phContact__Init_int_bool_phInst__ptr__phInst__ptr__phImpact_const__ref__int	0.4000	graph	004AC080
004F4240	phOldContact__Set_phOldContact_const__ref	0.2500	graph	004AD1B8
004F57F0	phColliderInstanceWrapper__Contact_Vector3_const__ref__phOldContact_const__ptr__Matrix34_const__ref__const	0.2000	graph	004AE768
004F5AE8	TransformMatrix_Matrix34_const__ref__Matrix34_const__ref__Matrix34_const__ref__Matrix34__ref	0.4338	graph	004AEA60
004F5B30	phContactMgr__Update_void	0.2679	graph	004AEAA8
004F6F70	phContactMgr__CheckContact_phInst__ptr__phInst__ptr__phImpact_const__ref__int_bool_int	0.1913	graph	004AFEE8
004F7118	phOldContactMgr__Reset_void	0.3333	graph	004B0090
004F7160	phOldContactMgr__ClearContactList_void	0.1250	graph	004B00D8
004F71C0	phOldContactMgr__Resize_void	0.3374	graph	004B0138
004F7468	phOldContactMgr__AllocNewContact_long	0.2500	graph	004B03E0
004F7520	phOldContactMgr__RemoveContact_int	0.2500	graph	004B0498
004F7760	phOldContactMgr__CalcHeldContacts_phColliderInstanceWrapper_phColliderInstanceWrapper_int	0.2500	graph	004B06D8
004F78C0	phOldContactMgr__CalcNextOverSamples_void	0.3750	graph	004B0838
004F7A38	phOldContactMgr__Update_void	0.2500	graph	004B09B0
004F7BF0	phOldContactMgr__CalcContact_phImpact__ref__int_Vector3_const__ref__Vector3__ptr__Matrix34__ptr	0.6329	graph	004B0B68
004F8410	phOldContactMgr__ClearHeldContactTable_void	0.2000	graph	004B1388
004F8A50	phOldContactMgr__CalcHeldContact_int_int__ref__Vector3__ptr__Matrix34__ptr	0.2917	graph	004B19C8
004F8B30	phOldContactMgr__HeldContactResize_void	0.3374	graph	004B1AA8
004F8E58	phOldContactMgr__RemoveAnyContacts_phCollider_const__ptr__phInst_const__ptr	0.1667	graph	004B1DD0
004F8F68	phOldContactMgr__TestImpactForContact_phImpact__ref__int	0.3114	graph	004B1EE0
004F90F8	phOldContactMgr__GetCMSeconds_void_const	0.2917	graph	004B2070
004F9178	zipHashFile__zipHashFile_Stream__ptr	0.1609	graph	004B20F0
004F91E8	zipHashFile__Create_char_const__ptr	0.2256	graph	004B2160
004F92A0	zipHashFile__Hash_char_const__ptr	0.2500	graph	004B2218
004F9320	zipHashFile__Locate_char_const__ptr__unsigned_int__ref__unsigned_int__ref__const	0.4762	graph	004B2298
004F93A8	zipHandle__Read_void__ptr__int	0.2500	graph	004B2320
004F9760	zipFile__zipOpen_char_const__ptr__bool	0.2500	graph	004B26A0
004F97E8	zipFile__zipPaging_char_const__ptr__corePagingInfo__ref__int__ptr	0.1667	graph	004B2728
004F9980	zipFile__zipClose_int	0.3333	graph	004B28C0
004F99C8	zipFile__zipEnumFiles_char_const__ptr__void__ptr__char_const__ptr__bool_void__ptr__void__ptr	0.1667	graph	004B2908
004F9A68	coreRawOpenFile_char_const__ptr__bool	0.1111	graph	00368F08
004F9AA0	zipFile__dtor_zipFile_void	0.2904	graph	004B29E0
004F9B38	zipFile__KillAll_void	0.1429	graph	004B2A78
004FA428	psxDirCache__Allocate_int_bool	0.1000	graph	0023C0D0
004FA488	psxDirCache__Build_char_const__ptr__unsigned_int_int	0.1937	graph	0023C120
004FA5B8	zipEncode8to6_char__ptr__char_const__ptr	0.1667	graph	004B3578
004FA7A8	zipCompressNameHeap_zipFileEntry__ptr__int_char__ptr__int__ptr	0.1640	graph	004B3768
004FAA10	zipFile__Init_char_const__ptr__Stream__ptr	0.2316	graph	004B39D0
004FAED8	zipFile__Locate_char_const__ptr	0.5833	graph	004B3E98
004FB078	zipFile__Close_void	0.1667	graph	004B3F48
004FB1B8	zipFile__EnumFiles_char_const__ptr__void__ptr__char_const__ptr__bool_void__ptr__void__ptr	0.3846	graph	004B4088
004FB440	inflateEnd	0.5333	graph	004B4318
004FB4B0	inflateInit2	0.2500	graph	004B4388
004FBD28	inflate_blocks_reset_inflate_blocks_state__ptr__z_stream_s__ptr__unsigned_long__ptr	0.2500	graph	004B4C00
004FCA50	inflate_blocks_free_inflate_blocks_state__ptr__z_stream_s__ptr	0.4167	graph	004B5928
004FD340	inflate_codes_free_inflate_codes_state__ptr__z_stream_s__ptr	0.2667	graph	004B6218
004FD740	huft_build_unsigned_int__ptr__unsigned_int_unsigned_int_unsigned_int_const__ptr__unsigned_int_const__ptr__inflate_huft_s__ptr__ptr__unsigned_int__ptr__inflate_huft_s__ptr__unsigned_int__ptr__unsigned_int__ptr	0.6667	graph	004B6618
004FE1E8	aiObstacle__aiObstacle_void	0.2020	graph	004B70C0
004FE210	aiObstacle__dtor_aiObstacle_void	0.2692	graph	004B70E8
004FEE30	aiObstacleGrid__GetCellIndex_Vector3_const__ref__const	0.1484	graph	004B7CB8
004FEE58	aiObstacleGrid__GetCellIndex_int__ref__int__ref__Vector3_const__ref__const	0.1000	graph	004B7CE0
004FF8F8	aiObstacleGrid__Attach_aiObstacle__ptr	0.2751	graph	004B8780
004FF9B0	aiObstacleGrid__Detach_aiObstacle__ptr	0.1667	graph	004B8838
004FFB88	mcFeedRoadManager__mcFeedRoadManager_mcFeedRoadManager__TFeedRoadType	0.3469	graph	004B89E8
004FFE30	mcFeedRoadManager__SetDefaultRailRegionRadii_void	0.2500	graph	004B8C90
004FFF98	mcFeedRoadManager__OnRaceReset_void	0.3333	graph	004B8DD0
004FFFD0	mcFeedRoadManager__GetRailRegion_int	0.3333	graph	004B8E08
00500000	mcFeedRoadManager__TransformRailRegion_int_Matrix34_const__ref__float	0.2000	graph	004B8E20
00500438	mcFeedRoadManager__ClearAllFeedList_void	0.2000	graph	004B9290
005004B0	mcFeedRoadManager__ClearFeedList_mcFeedRoadManager__TFeedListType	0.2000	graph	004B9308
00500D80	mcRailCircleRegions__mcRailCircleRegions_void	0.3358	graph	004B9BD0
00500E58	mcRailCircleRegions__SetDefaultRegionRadii_void	0.1429	graph	004B9CA8
00500E90	mcRailCircleRegions__SetRegionRadii_float_float_float	0.2500	graph	004B9CE0
00500EB0	mcRailCircleRegions__DefaultRegionCenters_void	0.2500	graph	004B9D00
00500F20	mcRailCircleRegions__DefaultSettingsPeds_void	0.2500	graph	004B9D70
00500FB8	mcRailCircleRegions__Transform_Matrix34_const__ref__float	0.3333	graph	004B9E08
00501020	mcRailCircleRegions__TransformPeds_Matrix34_const__ref__float	0.3333	graph	004B9E70
00501088	mcRailCircleRegions__Transform_mcRailnetRegions__TRegion_Matrix34_const__ref	0.5000	graph	004B9ED8
00501570	aiRailNetwork__aiRailNetwork_void	0.2012	graph	004BA418
005017F0	aiRailNetwork__GetRoad_int_const	0.6813	graph	004BABF8
005026A8	aiRailNetwork__Reset_void	0.2333	graph	004BB778
00502BC0	aiRailNetwork__CapRailnetworkToTrafficMaxDensity_void	0.0585	graph	004BBE68
00502C48	aiRailNetwork__SetRailnetMaxDensityPercentage_int	0.1667	graph	004BBEF0
00502DA0	aiRailNetwork__TransformRegion_int_Matrix34_const__ref__float	0.0739	graph	004BC058
005032A8	aiRailNetwork__Load_char_const__ptr__bool	0.1429	graph	004BC688
00503448	aiRailNetwork__LoadOverridenRoad_datAsciiTokenizer__ref	0.1564	graph	004BC828
005041F8	aiRoad__SetDesiredRailDensityPerUnit_float	0.3063	graph	004BD788
00504218	aiRoad__CapDesiredRailDensityPerUnit_float	0.2917	graph	004BD7A8
00504290	aiRoad__ComputeRailDensityCapacity_void	0.1250	graph	004BD820
00504300	aiRoad__Load_TaggedStream__ref__short	0.1431	graph	004BD890
005044C8	aiRoad__SetFlag_unsigned_int	0.1429	graph	004BDA58
00504670	aiRoad__SetHoodIndexFromRoadName_char_const__ptr	0.1889	graph	004BDCF0
005047A0	aiRouter__aiRouter_void	0.1429	graph	004BDE20
00508060	aiTrafficLight__Load_TaggedStream__ref__short	0.0639	graph	004C1660
0050AE90	mcControl__SaveConfiguredMapping_int	0.2714	graph	004C1F48
0050B2A8	mcControl__IsActive_int	0.1623	graph	004C21A8
0050B710	mcPlayerFactory__ConstructForGarage_void	0.1365	graph	004C2600
0050B928	mcPlayerFactory__Construct_void	0.0817	graph	004C27F0
0050BC50	mcPlayerFactory__MakeTypeGarage_void	0.2083	graph	004C2AC0
0050C0A0	mcPlayerFactory__MakeModel_void	0.0794	graph	004C2F00
0050C288	mcPlayerFactory__MakeGyro_void	0.0787	graph	004C30E8
0050C390	mcPlayerFactory__MakeDriver_void	0.0760	graph	004C31F0
0050C4C8	mcPlayerFactory__MakeFeedback_void	0.0999	graph	004C3328
0050C728	mcPlayerFactory__MakeAudio_void	0.0482	graph	004C3588
0050C828	mcPlayerFactory__MakeGarageAudio_void	0.1499	graph	004C3698
0050CD30	mcPlayerInput__CheckForHydraulicToggle_void	0.3472	graph	004C3B48
0050CE68	mcPlayerInput__UpdateInput_void	0.2694	graph	004C3C20
0050EC18	mcPlayerInput__UpdateAutoReverse_float_float__ptr__float__ptr__int__ptr	0.0536	graph	004C5210
0050F0A0	mcPlayerInput__PlaybackReplay_void	0.1667	graph	004C5638
0050F3E8	mcPlayerInput__UpdateNetwork_void	0.0567	graph	004C5968
0050F950	mcAgroImpactHistory__UpdateList_phInertialCS__ptr__mcPlayerSpecialAbilityTune_const__ptr	0.1222	graph	004C5DB0
00510208	mcPlayerSpecialAbilityParameter__Reset_void	0.1889	graph	004C65A8
00511698	mcPlayer__CreateHud_void	0.1250	graph	004C76E0
005116C8	mcPlayer__Draw_void	0.0476	graph	004C7710
00511FC8	mcPlayer__Update_void	0.3083	graph	004C7F08
005124C0	mcPlayer__UpdateLightStreaks_void	0.1834	graph	004C83B0
00512608	mcPlayer__UpdateRainSnow_void	0.1667	graph	004C84F8
005128E0	mcPlayer__UpdateRaceEditor_void	0.1929	graph	004C87B0
00512C80	mcPlayer__UpdatePaused_void	0.1929	graph	004C8A20
00512DB0	mcPlayer__UpdateNetwork_void	0.0785	graph	004C8AC0
00513760	mcPlayer__Reset_void	0.4167	graph	004C9560
005139C8	mcPlayer__RemovePlayer_void	0.2500	graph	004C9798
00513B38	mcPlayer__UpdateInputsRE_void	0.1714	graph	004C9828
00513B60	mcPlayer__UpdateInputs_void	0.2699	graph	004C9850
005141A0	mcPlayer__SetInputLocked_bool	0.1567	graph	004C9D98
00514248	mcPlayer__SetInputEnable_bool_bool	0.0574	graph	004C9E38
00514530	mcPlayer__GetPlayer_int	2.2902	graph	004CA010
005145F0	mcPlayerCamera__ShakeCamera_float_float	0.1325	graph	004CA0D0
00514A90	mcPlayerCamera__mcPlayerCamera_int_mcPlayer__ptr__char_const__ptr	0.3829	graph	004CA4E0
00515410	mcPlayerCamera__CreateView_void	0.4108	graph	004CAD80
005157B0	mcPlayerCamera__SetCinematicCam_bool_mcCinematicType__eType	0.3093	graph	004CB168
00515908	mcPlayerCamera__SetReverseCam_bool	0.2297	graph	004CB2C0
00515C88	mcPlayerCamera__Update1_void	0.1551	graph	004CB6A0
00516738	mcPlayerCamera__Update2_void	0.1573	graph	004CC020
005169F8	mcPlayerCamera__ExitPaused_void	0.2022	graph	004CC308
00516AE0	mcPlayerCamera__UpdatePaused_void	0.0714	graph	004CC380
00516C20	mcPlayerCamera__UpdatePauseCam_void	0.5014	graph	004CC440
005173C8	mcPlayerCamera__Reset_void	0.2401	graph	004CC958
00517498	mcPlayerCamera__SetGameCam_int_float	0.2752	graph	004CCA00
00517640	mcPlayerCamera__UpdateInputs_void	0.2455	graph	004CCBB8
00517810	mcPlayerCamera__UpdateCinematicCam_void	0.0389	graph	004CCD78
00518A00	mcCameraEffect__camEffectTune__camEffectTune_void	0.2000	graph	004CDB48
00518B90	sUpdatePhase_Vector3__ref__Vector3_const__ref__Vector3_const__ref__float_Vector3_const__ref__float	0.1258	graph	004CDCD8
00518DE0	mcCameraEffect__Affect_Matrix34__ref__Vector3_const__ref	0.2011	graph	004CDF28
005194D0	mcCameraEffect__Shake_float_float	0.1667	graph	004CE618
00519890	mcPlayerManager__CreateInstance_void	0.1092	graph	004CE920
00519908	mcPlayerManager__mcPlayerManager_void	0.0400	graph	004CE998
00519EE0	mcPlayerManager__CreateHuds_void	0.3476	graph	004CEBC0
0051A058	mcPlayerManager__GetPlayer_int	1.0256	graph	004CED38
0051A068	mcPlayerManager__IsPlayerPlaying_int_const	0.2631	graph	004CED48
0051A108	mcPlayerManager__Update_void	0.1582	graph	004CEDE8
0051A4D0	mcPlayerManager__Draw_void	0.0618	graph	004CF188
0051A690	mcPlayerManager__SetInputLocked_bool	0.3214	graph	004CF308
0051A708	mcPlayerManager__SetInputEnable_bool_bool	0.4850	graph	004CF380
0051A7B0	mcPlayerManager__SetDrivable_int	0.3000	graph	004CF428
0051A848	mcPlayerManager__KillPlayer_int	0.3333	graph	004CF4C0
0051AE70	mcPolarCS__FileIO_datParser__ref	0.2500	graph	004CFAE8
0051AF28	mcPovCS__GetCar_void_const	0.2500	graph	004CFBA0
0051AF30	mcPovCS__AfterLoad_void	0.3333	graph	004CFBA8
0051AFE0	mcPovCS__Update_void	0.4000	graph	004CFC58
0051B4F8	mcRacer__mcRacer_void	0.2662	graph	004D0168
0051B570	mcRacer__dtor_mcRacer_void	0.2667	graph	004D01C0
0051B620	mcRacer__SetResetPosition_Vector4_const__ref__bool	0.2139	graph	004D0270
0051B720	mcRacer__CopyResetVectorToSim_void	0.2262	graph	004D0370
0051B798	mcRacer__Reset_void	0.2500	graph	004D03E8
0051B810	mcRacer__GetPosition_void_const	0.2564	graph	004D0458
0051B920	mcRacer__SetDrivable_int	0.2722	graph	004D0578
0051BD38	mcReplayCamera__Update_void	0.1667	graph	004D0990
0051BFE8	mcReplayCameraPoint__Update_void	0.2511	graph	004D0C40
0051C158	mcTimeWarper__Reset_void	0.2083	graph	004D0D98
0051C210	mcTimeWarper__DeTriggerWarper_void	0.2583	graph	004D0E70
0051C4A8	mcTimeWarperTune__Load_char_const__ptr	0.0713	graph	004D1198
0051C7D8	mcTrackCS__Update_void	0.1000	graph	004D14C0
00521390	mcCinematicCS__Update_void	0.1667	graph	004D5B40
005213B0	mcCinematicCS__SetMode_mcCinematicType__eType_float	0.1429	graph	004D5B60
005218F8	gfxDrawFont_Vector4_const__ref__char_const__ptr__gfxFontInfo_const__ref__unsigned_int	0.3333	graph	004D8858
00521B88	gfxDrawFont_int_int_char_const__ptr__gfxFontInfo_const__ref__unsigned_int	0.2000	graph	004D8AE8
00521BE0	gfxFreeFont_void	0.2000	graph	004D8B40
00521C28	gfxCreateFont_void	0.2500	graph	004D8B88
00521D00	gfxInitFont_void	0.1111	graph	004D8C60
00521D28	gfxDrawFont_int_int_char_const__ptr__unsigned_int	0.2111	graph	004D8C88
00521ED8	gfxGetTexture_char_const__ptr__bool_bool	4.1520	graph	004D8E30
00522118	gfxFreeTexture_gfxTexture__ptr	0.4517	graph	004D9070
005221D0	gfxLoadPalette_char_const__ptr__bool_bool	0.0533	graph	004D9128
00522650	gfxSimpleTex__Create_gfxImage__ptr	0.2361	graph	004D95A8
00522670	gfxSimpleTex__Free_gfxSimpleTex__ptr	0.3300	graph	004D95C8
00522690	gfxSimpleTex__SetBilinear_gfxSimpleTex__ptr__bool	0.1603	graph	004D95E8
005226D8	gfxSimpleTex__Bind_gfxSimpleTex__ptr	0.3313	graph	004D9630
005230B0	gfxImage__dtor_gfxImage_void	0.3495	graph	004DA008
00523140	gfxImage__Create_int_int_gfxImage__gfxImageFormat_int	0.3367	graph	004DA098
00523280	gfxImage__SetOrientation_unsigned_char_bool	0.0909	graph	004DA1D8
005232B8	gfxImage__CreateSystemFont_int__ref__int__ref	0.1825	graph	004DA210
00524108	gfxLoadImageSetFolder_char_const__ptr	0.1526	graph	004DB080
00524878	ReadPalette_Stream__ptr__gfxImageRGBA__ptr__int	0.1623	graph	004DB7F0
00524928	gfxLoadTexImage_char_const__ptr__bool	0.6250	graph	004DB8A0
005261B0	gfxLoadIpuImageMem_char_const__ptr__void_const__ptr	0.1290	graph	004DD128
00526468	gfxLoadIpuImage_char_const__ptr	0.2779	graph	004DD3E0
00526710	lowPsxGfx__InitClass_void	0.1068	graph	004DD688
00526900	lowPsxGfx__SendBuffer_unsigned_int	2.1796	graph	004DD878
00526A60	lowPsxGfx__AddVCLCall_unsigned_int_const__ptr	0.2973	graph	004DD9D8
00526AF0	lowPsxGfx__BeginFrame_void	0.3333	graph	004DDA68
00526D08	lowPsxGfx__DoMicrocode_sMicrocode__ptr	0.4267	graph	004DDC80
00527968	gfxMaterial__Reset_void	0.1497	graph	004DE8E0
00527B50	gfxPipeline__SetViewport_gfxViewport__ptr	1.2953	graph	004DEAC8
00527B98	gfxPipeline__ForceSetViewport_gfxViewport__ptr	0.2614	graph	004DEB10
005282E8	gfxPipeline__SimpleBackToFrontBlit_void	0.3600	graph	004DF3A0
00528BF8	gfxPipeline__GetPixelJitter_float__ref__float__ref	0.0455	graph	004DFCB0
00528C18	gfxPipeline__GetFBP_bool	0.2770	graph	004DFCD0
00528CA0	gfxPipeline__InitClass_void	0.5875	graph	004DFD58
005290F0	gfxPipeline__Begin_void	0.0714	graph	004E01B8
00529448	gfxPipeline__End_void	0.2484	graph	004E0510
005295F0	gfxPipeline__BeginFrame_void	0.4131	graph	004E06B8
00529BD0	gfxPipeline__gfxGsPutDispEnv_sceGsDispEnv__ptr	0.2429	graph	004E0C98
00529F90	gfxPipeline__EndFrame_void	0.1909	graph	004E1058
0052A1B0	gfxPipeline__SubmitFrame_bool_bool	0.1803	graph	004E1278
0052A2B8	gfxPipeline__FlushFrame_void	0.2659	graph	004E1380
0052A360	gfxPipeline__CreateViewport_void	1.8988	graph	004E1428
0052A400	gfxPipeline__Clear_int_unsigned_int_float_unsigned_int	0.0513	graph	004E14C8
0052A558	__ClearRect_unsigned_long_unsigned_long_int_int_unsigned_long_unsigned_int	0.0769	graph	004E1980
0052A6C0	gfxPipeline__ClearRect_int_int_int_int_unsigned_int_float	0.1548	graph	004E1AE8
0052A8B0	gfxPipeline__SetRenderTarget_gfxTexture_const__ptr__gfxTexture_const__ptr__int	1.0659	graph	004E1CD8
0052AD20	gfxPipeline__Blit2D_Vector4_const__ref__unsigned_short__ptr__unsigned_char__ptr__int_unsigned_int	0.4223	graph	004E2148
0052AFB8	gfxPipeline__Blit2D_int_int_int_int_int_int_int_int_unsigned_int_bool_bool	0.2011	graph	004E23E0
0052B1F0	gfxPipeline__BlitText_Vector4_const__ref__short__ptr__unsigned_char__ptr__int_unsigned_int_bool	0.1915	graph	004E2618
0052B710	gfxTexture__dtor_gfxTexture_void	0.3984	graph	004E2BE8
0052B8A8	gfxTexture__Create_int_int_gfxImage__gfxImageFormat_int_unsigned_int	0.2000	graph	004E2D80
0052B9F8	gfxTexture__Create_gfxImage__ptr__bool	0.2806	graph	004E2ED0
0052BA98	gfxTexture__Create_gfxMipChain__ptr__gfxTexturePalette__ptr	0.2500	graph	004E2F70
0052BB80	gfxTexture__CloneMipchain_gfxTexture__ptr__gfxTexturePalette__ptr	0.1875	graph	004E3058
0052BC78	gfxTexture__Load_gfxImage__ptr	0.2500	graph	004E3150
0052BCC8	gfxTexture__Clone_gfxTexture__ptr	0.3061	graph	004E31A0
0052BDD8	gfxTexture__UpdateRegs_void	0.1484	graph	004E32B0
0052C010	gfxTexture__CreateRenderTarget_int_int_unsigned_int_unsigned_int	0.3769	graph	004E34E8
0052C208	gfxTexture__UpdateStaticAddress_void	0.3214	graph	004E36E0
0052C360	gfxTexture__UpdateAllStaticAddresses_void	0.1773	graph	004E3838
0052C510	gfxTexture__DownloadRef_void	1.4807	graph	004E39E8
0052C760	gfxTexture__SetTexEnv_unsigned_int	0.5250	graph	004E3C38
0052C780	gfxTexture__SetName_char_const__ptr	0.0954	graph	004E3C58
0052C820	gfxTexture__operator_delete_void__ptr	0.0803	graph	004E3CF8
0052D5B0	ageInitAge_char_const__ptr__bool_bool	0.0588	graph	004E4A90
0052D710	ageBeginDraw_bool	0.1372	graph	004E4D00
0052DF50	gfxLight__Reset_void	0.3193	graph	004E55D0
0052DFF8	gfxState___SetWorld_void	0.0269	graph	004E5678
0052E090	gfxState__SetWorld_Matrix44_const__ref	0.6955	graph	004E5710
0052E0D0	gfxState__SetWorld_Matrix34_const__ref	0.9756	graph	004E5750
0052E168	gfxState__SetCamera_Matrix44_const__ref	0.2831	graph	004E57E8
0052E1C8	gfxState__SetCameraFinish_void	0.5318	graph	004E5848
0052E4E8	gfxState__RegenerateCompositeMatrices_void	0.3504	graph	004E5B68
0052E5E8	gfxState__SetCamera_Matrix34_const__ref	0.3262	graph	004E5C68
0052EBF8	gfxState__SetAlphaBlendEnable_bool	0.3348	graph	004E6278
0052EC18	gfxState__SetAAEnable_bool	0.2518	graph	004E6298
0052ECC0	gfxState__SetBlendSet_gfxBlendSet_unsigned_char	0.2659	graph	004E6340
0052EDE8	gfxState__SetSmoothShadeEnable_bool	0.1488	graph	004E6468
0052EE08	gfxState__SetFogEnable_bool	1.2193	graph	004E6488
0052EEC8	gfxState__SetAlphaFunc_gfxAlphaFunc	0.1922	graph	004E6548
0052EEE8	gfxState__SetAlphaRef_unsigned_char	0.3510	graph	004E6568
0052EF80	gfxState__SetDither_bool	0.0933	graph	004E6600
0052EFA8	gfxState__SetTexSprite_bool	0.0482	graph	004E6628
0052EFC8	gfxState__SetTexEnable_bool	0.3639	graph	004E6648
0052F008	gfxState__SetAlphaFail_gfxAlphaFail	0.2019	graph	004E6688
0052F028	gfxState__SetScissor_unsigned_long	0.1588	graph	004E66A8
0052F1A0	gfxState__SetPixelMask_unsigned_int	0.2890	graph	004E6820
0052F240	gfxState__SetGS_int_unsigned_long	0.3563	graph	004E68C0
0052F2E8	gfxState__Update_PRMODE_void	0.0833	graph	004E6968
0052F368	gfxState__Update_TEST_void	0.0501	graph	004E69E8
0052F400	gfxState__Update_rv1_RSTATE_void	0.0369	graph	004E6A80
0052F5B0	gfxState__SetColor_unsigned_int	0.7298	graph	004E6C30
0052F680	gfxState__Default_void	0.1021	graph	004E6D00
0052F998	gfxState__SetMaterial_gfxMaterial_const__ptr	0.1352	graph	004E7018
0052FA70	gfxState__SetZBias_float	0.3958	graph	004E70F0
0052FA98	__static_initialization_and_destruction_0__004E7118	0.1429	graph	004E7118
0052FB80	_GLOBAL_$I$c__soft_age_src_gfx_state_cbvaaaa	0.2500	graph	004E7200
0052FBA0	gfxTexturePalette__dtor_gfxTexturePalette_void	0.1150	graph	004E7220
0052FBC8	gfxTexturePalette__Create_int_int	0.1419	graph	004E7248
0052FD38	gfxTexturePalette__GetEntry_int_const	0.5068	graph	004E73B8
00530178	vglShutdown_void	0.1667	graph	004E77F8
00530208	vglBegin_gfxDrawMode_int	0.6445	graph	004E7888
005304E0	vglBindTexture_gfxTexture__ptr	0.3432	graph	004E7B60
00530D40	gfxViewport__gfxViewport_void	0.1429	graph	004E8370
00530E98	gfxViewport__dtor_gfxViewport_void	0.1454	graph	004E84C8
00530EC0	gfxViewport__ResetWindow_void	0.0799	graph	004E84F0
00530F00	gfxViewport__SetWindow_void	0.2121	graph	004E8530
00530F38	gfxViewport__SetWindow_int_int_int_int_float_float	0.9861	graph	004E8568
005311F8	gfxViewport__Perspective_float_float_float_float	0.3788	graph	004E8828
00531420	gfxViewport__Ortho_float_float_float_float_float_float	1.5926	graph	004E8A50
00531548	gfxViewport__SetZBias_float	0.1000	graph	004E8B78
005315B0	gfxViewport__DoFlush_void	0.1099	graph	004E8BE0
00531680	gfxViewport__Project_Vector4__ref__Vector4__ref	0.2177	graph	004E8CB0
00531718	BackdropItem__Draw_Vector2__ref__Vector2__ref__Vector4__ref	0.1667	graph	0028DC00
005318D8	gfxViewport__PrepFastSphereVisCheck_Matrix44_const__ptr__const	0.1932	graph	004E8F08
00533348	netHardware__StartNetwork_bool_bool	0.2500	graph	001F09D8
00533760	snsocket_GetThreadIndex	0.7021	graph	004EA390
005339B8	snsocket_setup_for_single_rpc	0.1630	graph	004EA5E8
00533AE8	snsocket_setup_for_recv_rpc	0.2939	graph	004EA718
00533C40	snsocket_setup_for_send_rpc	0.2372	graph	004EA870
00533F70	accept	0.2386	graph	004EABA0
00534168	closesocket	0.4549	graph	004EAD98
00534208	connect	0.3814	graph	004EAE38
00534410	getsockopt	0.4923	graph	004EB040
00534630	recv	0.2904	graph	004EB260
00534808	recvfrom	0.2821	graph	004EB438
00534CA8	send	0.1255	graph	004EB8D8
00534E78	sendto	0.3713	graph	004EBAA8
005350B0	setsockopt	0.3019	graph	004EBCE0
005351C0	shutdown	0.3619	graph	004EBDF0
00535270	sn_errno	0.3019	graph	004EBEA0
005357C8	sockAPIderegthr	0.2576	graph	004EC2B8
00535958	sn_socket_api_ready	0.1023	graph	004EC430
00535998	sn_swap32	0.4455	graph	004EC470
005359D0	sn_swap16	0.7733	graph	004EC4A8
005359F8	gethostbyname	0.5723	graph	004EC4D0
00535CC8	inet_addr	0.3588	graph	004EC798
00535CF8	inet_aton	0.1556	graph	004EC7C8
00535F30	inet_ntoa	0.3485	graph	004ECA00
00537C60	IsT10K	0.2000	graph	004ECD08
00538210	sceMpegDemuxPssRing	0.5000	graph	004ECE80
00538520	sceMpegDemuxPss	0.1429	graph	004ED190
00538DA8	sceMpegInit	0.1316	graph	004EDA18
00539078	sceMpegGetPicture	0.5000	graph	004EDCE8
005390E0	sceMpegIsEnd	0.1667	graph	004EDD50
005390F0	sceMpegReset	0.2000	graph	004EDD60
005391E0	_dispatchMpegCallback	0.3825	graph	004EDE50
00539258	_dispatchMpegCbNodata	0.3935	graph	004EDEC8
00539508	_decodeOrSkipFrame	0.2000	graph	004EE178
00539628	_decodeOrSkip	0.1250	graph	004EE298
00539670	_decodeOrSkipField	0.6583	graph	004EE2E0
005397E8	_sceMpegFlush	0.2000	graph	004EE458
005398E0	_clearOnce	0.4333	graph	004EE550
00539A18	_Error1	0.6540	graph	004EE688
00539A50	_Error	2.9275	graph	004EE6C0
00539F78	_setDefaultQM	0.2992	graph	004EEBE8
0053BFF8	_ipuSetMPEG1	0.2500	graph	004F0C68
0053C2B8	_dmVector	0.2679	graph	004F0F28
0053CF20	_decode_motion_vector	0.1429	graph	004F1B90
0053CFA8	_motionVectors	0.2864	graph	004F1C18
0053D148	_motionVector	0.2685	graph	004F1DB8
0053D298	_sendIpuCommand	0.4512	graph	004F1F08
0053D2C8	_waitIpuIdle	0.6421	graph	004F1F38
0053D430	_waitIpuIdle64	0.3009	graph	004F20A0
0053D5B8	_ipuVdec	0.3821	graph	004F2228
0053D828	_peepBit	0.7306	graph	004F2498
0053D948	_flushBuf	1.1306	graph	004F25B8
0053DA58	_nextBit	0.7492	graph	004F26C8
0053DBC8	_nextStartCode	0.2361	graph	004F2838
0053DC48	_sliceB	0.3637	graph	004F28B8
0053DCB0	_nextHeader	0.0833	graph	004F2920
0053DDD0	_pictureHeader	0.3205	graph	004F2A40
0053DE98	_extensionAndUserData	0.2788	graph	004F2B08
0053E1B0	_extrainfo	0.2526	graph	004F2E20
0053E270	_groupOfPicturesHeader	0.1776	graph	004F2EE0
0053F110	dmaRefImage	0.2000	graph	004F3D80
0053F280	receiveDataFromIPU	0.1122	graph	004F3EF0
0053F308	_doCSC	0.2019	graph	004F3F78
0053F810	_csc_storeRefImage	0.5000	graph	004F4480
00540038	setD4_CHCR__004F4CA8	0.2713	graph	004F4CA8
005400B0	sceIpuInit	0.3111	graph	004F4D20
005406D0	sceUsbKbSetArrangement	0.2000	graph	004F52F8
00541560	cdvd_exit	0.0498	graph	004F6188
00541600	sceCdPOffCallback	0.2483	graph	004F6228
005416D8	PowerOffCB	0.2983	graph	004F6300
00542578	sceCdGetError	0.3111	graph	004F6DA8
00542B50	sceMcChangeThreadPriority	0.1030	graph	004F71B0
00542C18	sceMcOpen	0.3960	graph	004F7278
00542D40	sceMcMkdir	0.1667	graph	004F73A0
00542D78	sceMcClose	0.1655	graph	004F73D8
00542FB0	sceMcRead	0.1888	graph	004F7610
00543240	sceMcSync	1.6163	graph	004F78A0
00543360	sceMcGetInfo	0.3958	graph	004F79C0
005434E0	sceMcGetDir	0.5603	graph	004F7B40
00543E78	scePadGetDmaStr	0.2500	graph	004F8620
00543ED8	scePadRead	0.1597	graph	004F8680
00544498	scePadSetActDirect	0.5000	graph	004F8C40
005449D0	sceSdTransToIOP	0.2000	graph	004F9178
00544A60	sceSdRemote	0.2659	graph	004F9208
00544F88	checkModelVersion	0.0750	graph	004F9730
005453B0	sceGsSetDefDBuff	0.3833	graph	004F9B58
005466B0	AddDmacHandler	0.2667	graph	004FAE70
005466C0	AddDmacHandler2	0.0769	graph	004FAE80
005466D0	RemoveDmacHandler	0.3269	graph	004FAE90
005466E0	_EnableIntc	0.1667	graph	004FAEA0
00546700	_EnableDmac	0.1429	graph	004FAEC0
00546710	_DisableDmac	0.1667	graph	004FAED0
005467E0	ExitDeleteThread	0.1345	graph	004FAFA0
00546830	ChangeThreadPriority	0.2500	graph	004FAFF0
00546890	GetThreadId	0.2667	graph	004FB050
005468A0	ReferThreadStatus	0.1833	graph	004FB060
005469C0	SignalSema	0.7872	graph	004FB180
005469E0	WaitSema	0.6031	graph	004FB1A0
005469F0	PollSema	0.5806	graph	004FB1B0
00546C20	FlushCache	0.3956	graph	004FB3E0
00546C70	sceSifStopDma	0.1429	graph	004FB430
00546D40	sceSifDmaStat	0.2500	graph	004FB500
00546D60	sceSifSetDma	0.2778	graph	004FB520
00546D70	isceSifSetDma	0.1667	graph	004FB530
00546D80	sceSifSetDChain	0.1000	graph	004FB540
00546DA0	sceSifSetReg	0.2429	graph	004FB560
00546DB0	sceSifGetReg	0.1769	graph	004FB570
00546E20	sceResetttyinit	0.2000	graph	004FB5E0
00546FB8	_sceSDC	0.0714	graph	004FB748
00547060	SyncDCache	0.1000	graph	004FB7F0
00547280	EnableIntc	0.0983	graph	004FBA10
005472E8	DisableDmac	0.1252	graph	004FBA78
00547350	EnableDmac	0.2252	graph	004FBAE0
00547490	InitThread	0.4242	graph	004FBC20
00547A78	sceTtyInit	0.1115	graph	004FC208
00547CF8	printfloat	0.4167	graph	004FC488
00547E60	_printf	0.1009	graph	004FC5F0
00548458	kprintf	0.0833	graph	004FCBE8
00548490	scePrintf	0.1944	graph	004FCC20
00548520	sceSifGetSreg	0.0769	graph	004FCCB0
00548548	sceSifInitCmd	0.1252	graph	004FCCD8
005487C8	sceSifExitCmd	0.1667	graph	004FCF58
00548800	sceSifAddCmdHandler	0.1538	graph	004FCF90
005488C8	_sceSifSendCmd	0.2436	graph	004FD058
00548A00	sceSifSendCmd	0.1658	graph	004FD190
00548A40	isceSifSendCmd	0.1667	graph	004FD1D0
00548BC8	sceSifWriteBackDCache	0.1603	graph	004FD358
00548C78	sceSifInitRpc	0.3507	graph	004FD408
00548E18	sceSifExitRpc	0.2500	graph	004FD5A8
00548E40	_sceRpcGetPacket	0.1371	graph	004FD5D0
005492B8	sceSifBindRpc	0.2429	graph	004FDA48
00549488	sceSifCallRpc	0.3755	graph	004FDC18
00549888	sceSifExecRequest	0.2919	graph	004FE018
00549A50	sceSifRpcLoop	0.1111	graph	004FE1E0
00549A90	_sceFsIobSemaMK	0.0769	graph	004FE220
0054A080	sceFsInit	0.1269	graph	004FE810
0054A288	_fs_version	0.1167	graph	004FEA18
0054A350	sceOpen	0.5429	graph	004FEAE0
0054AEC0	_sceCallCode	0.4676	graph	004FF650
0054B068	sceRemove	0.2000	graph	004FF7F8
0054B0C8	sceGetstat	0.1343	graph	004FF838
0054B510	_lf_bind	0.2317	graph	004FFE40
0054B610	_lf_version	0.2095	graph	004FFF40
0054BB78	sceSifSearchModuleByName	0.0817	graph	005002A0
0054BEA8	sceSifResetIop	0.4769	graph	005005B8
0054C000	sceSifSyncIop	0.2588	graph	00500710
0054C160	DIntr	0.7031	graph	00500870
0054C1B8	EIntr	0.6793	graph	005008C8
0054C3C0	_InitSys	0.2909	graph	00500AD0
0054C960	InitTimer	0.2191	graph	00501070
0054D098	GetTimerSystemTime	0.1233	graph	005017A8
0054D9A0	sceSifExecNotifyHandler	0.3429	graph	00501F20
0054DCE8	InitTLB	0.5000	graph	00502268
0054E178	__divdi3	0.4833	graph	005026F8
0054E868	__fixsfdi	0.0769	graph	00502DE8
0054E998	__fixunssfdi	0.3026	graph	00502F18
0054EB28	__floatdisf	0.3667	graph	005030A8
0054EC08	__moddi3	0.2083	graph	00503188
0054FDE0	__pack_d	0.3333	graph	00504360
00550988	__make_dp	0.0526	graph	00504F08
00550B20	__unpack_f	0.1526	graph	005050A0
00550BE0	fptoui	0.1435	graph	00505160
00550CA8	fptodp	1.3893	graph	00505228
00550F00	mcPickUpManager__LoadPowerUpSource_datAsciiTokenizer__ref__bool_bool	0.1454	graph	00505480
00550F58	mcPickUpManager__InitPowerUpSourceFromCheckPoints_int_aiRaceCheckpoint__ptr__bool	0.1429	graph	005054D8
00550FA0	mcPickUpManager__PowerUpSourcePostInit_bool_bool	0.2566	graph	00505520
00551970	mcPickUpManager__Draw_int	0.1405	graph	00505EF8
00551EF8	mcPowerUpSource__SetPowerUpType_nsMcPowerUp__TPowerUpTypes_bool	0.2857	graph	00506440
00552258	mcPowerUpSource__Draw_void	0.1267	graph	005067A0
005525C0	mcPowerUpSourceFactory__LoadPowerUpSource_datAsciiTokenizer__ref__atArray_mcPowerUpSource_8_unsigned_short_65535__ref	0.1667	graph	00506B08
005527A0	mcPowerUpSourceFactory__InitPowerUpSourceFromCheckPoints_int_aiRaceCheckpoint__ptr__atArray_mcPowerUpSource_8_unsigned_short_65535__ref	0.4540	graph	00506CE8
00553218	mcPowerupTuneData__mcPowerupTuneData_void	0.1056	graph	00507720
00553A20	mcPowerup__Draw_Matrix34_nsMcPowerUp__TPowerUpTypes_float_float_bool	0.0880	graph	00507F58
00553D70	mcPowerup__DrawIcon_Matrix34_nsMcPowerUp__TPowerUpTypes_float_float	0.3054	graph	005081E0
005555A0	mshMesh__LoadMod_char_const__ptr	0.0435	graph	005097B8
0055B1C8	Serialize_mshSerializer__ref__mshMaterial__ref	0.1111	graph	0050F3E0
0055B500	Serialize_mshSerializer__ref__mshMesh__ref	0.0667	graph	0050F718
0055EAC0	mshAttribute__Set_char_const__ptr__float	0.1513	graph	00512CD8
0055EC78	parCsvFile__Load_char_const__ptr__char_const__ptr__bool_int_bool	0.1000	graph	00512E90
0055ECF0	parCsvFile__Load_Stream__ptr__bool_int	0.0684	graph	00512F08
0055F268	parFileIO__parFileIO_void	2.3898	graph	00513480
0055F288	parFileIO__dtor_parFileIO_void	0.4225	graph	005134A0
0055F3D8	parFileIO__Load_void	2.3907	graph	005135F0
0055F490	parFileIO__FileIO_datParser__ref	8.4000	graph	005136A8
0055F498	parFileIO__SetName_char_const__ptr	6.4027	graph	005136B0
0055F510	parFileIO__parFileIO_datResource__ref	0.1465	graph	00513728
0055F738	datParser__AddParser_char_const__ptr__datCallback__ptr	2.8336	graph	00513950
0055F7C0	datParser__AddRecord_int_char_const__ptr__void__ptr__unsigned_short_datCallback__ptr	46.9795	graph	005139D8
0055F928	datParser__Load_datBaseTokenizer__ref	0.3111	graph	00513B40
0055F9F8	datParser__Load_char_const__ptr__char_const__ptr__char_const__ptr	0.4679	graph	00513C10
0055FC78	datParser__Read_datBaseTokenizer__ref	0.2500	graph	00513E90
00560D80	vehManager__Instance_void	0.2693	graph	00514F90
00560E48	vehSim__GetNumPivots_char_const__ptr__char_const__ptr__int	0.4691	graph	00515058
00561010	vehSim__Reset_void	0.1000	graph	00515220
005611D8	vehSim__SetResetPos_Vector3_const__ref	0.1769	graph	005153E8
005611F8	vehSim__SetResetAngle_Vector3_const__ref	0.2917	graph	00515408
00561A50	mcCityEnvMap__ClearForReflectedObjects_void	0.1964	graph	00515FC8
00562318	mcCityEnvMap__BindRenderTargetAndVpForReflectedObjects_void	0.1984	graph	00516890
00562530	mcCityEnvMap__SetupCam_void	0.1966	graph	00516AA8
00562730	mcCityEnvMap__BeginRender_void	0.1270	graph	00516CA8
00562D60	mcCityEnvMap__EndRender_void	0.1181	graph	00517250
00562D90	Blit2D_UV12_4_int_int_int_int_int_int_int_int_unsigned_int	0.1667	graph	00517280
00562F68	mcCityEnvMap__DrawSky_void	0.0845	graph	00517458
00563998	BackDrop__Draw_void	0.1611	graph	002931A8
00563C58	mcCityEnvMap__RenderLights_void	0.1845	graph	00518110
005641E8	mcCityEnvMap__RenderLightGlows_void	0.3089	graph	005186A0
00564DF0	mcRain__Draw_void	0.2855	graph	00519428
00564F30	mcRain__Update_Matrix34__ref	0.2221	graph	00519558
00565DE8	mcRain__DrawSplashes_void	0.1686	graph	0051A838
005676E8	mcSSTTrail__Update_Matrix34_const__ref	0.1422	graph	0051C108
00567DC8	fxSnow__Create_int	0.0691	graph	0051C720
00568BF0	fxSnowStorm__Draw_void	0.0352	graph	0051D588
0056A798	screamSystem__FileSemaphoreLoop_void__ptr	0.2909	graph	0051F268
0056A960	peerInitialize	0.2403	graph	0051F430
0056AAE8	piDisconnectTitle	0.2500	graph	0051F660
0056AB48	peerSetTitleA	0.5082	graph	0051F6A0
0056AC58	peerClearTitle	0.3095	graph	0051F860
0056ACA0	piDisconnectCleanup_void__ptr	0.2000	graph	0051F8A8
0056ACD0	piDisconnect_void__ptr	0.2857	graph	0051F908
0056AD18	peerDisconnect	0.2000	graph	0051F958
0056AD60	piShutdownCleanup_void__ptr	0.3127	graph	0051F9A0
0056ADB0	peerShutdown	0.7361	graph	0051F9F0
0056AE00	piThink_void__ptr__int	0.3333	graph	0051FA78
0056AE68	peerThink	0.1429	graph	0051FB70
0056AEB8	peerParseQueryA	0.0833	graph	0051FBF0
0056AF00	peerStartListingGamesA	0.2000	graph	0051FC90
0056AF88	peerStopListingGames	0.2857	graph	0051FD18
0056AFB0	peerStartReportingWithSocket	0.1429	graph	0051FE20
0056B060	piOperationsListFree_void__ptr	0.2451	graph	005204B0
0056B130	piOperationsReset	0.4500	graph	00520580
0056B190	piRemoveOperation	0.2764	graph	005205E0
0056B280	piPingCleanup	0.3750	graph	00521408
0056B5E8	piStartReporting	0.3250	graph	00522EE0
0056B740	piStopReporting	0.3095	graph	00523040
0056B778	piSendStateChanged	0.2500	graph	00523078
0056B7A0	piQRThink	0.2500	graph	005230A0
0056B7C8	piSBGamesListCallback__SBServerList__ptr__SBListCallbackReason__SBServer__ptr__void__ptr	0.3000	graph	005239C0
0056B900	piSBGamesEngineCallback__SBQueryEngine__ptr__SBQueryEngineCallbackReason__SBServer__ptr__void__ptr	0.1000	graph	00523AF8
0056BB18	piSBStopListingGames	0.1909	graph	00523D90
0056BD68	piSBStopListingGroups	0.0909	graph	00523FE0
0056BD90	piSBInit	0.1470	graph	005245C8
0056BE78	piSBCleanup	0.3095	graph	00524750
0056BEC8	piSBThink	0.3429	graph	00524838
0056C128	piAddListGroupRoomsCallback	0.3095	graph	005251A8
0056E590	piCallCallback_void__ptr__piCallbackData__ptr__int	0.2769	graph	00527C90
0056E620	piCallbacksThink	0.1995	graph	00527D20
0056E710	piAddCallback_void__ptr__PEERBool_void__ptr__void__ptr__piCallbackType_void__ptr__unsigned_int_int	0.1967	graph	00527E10
0056E830	piClearCallbacks	0.2764	graph	00527F30
0056E8B0	piClearListingGameServerCallbacks	0.2335	graph	00527FB0
0056E948	piStopHosting	0.3667	graph	00528D48
0056FE18	vehWheelSound__Start_sndControlVolumeGroup_const__ptr	0.1529	graph	0052B028
005714A8	get_sockaddrin_char_const__ptr__int_sockaddr_in__ptr	0.1854	graph	0052C3A0
00571528	SendPacket_void	0.2159	graph	0052C420
00571670	HandlePacket_char__ptr__int_sockaddr_in__ptr__int__ptr	0.1778	graph	0052C568
00571740	GSIAvailableCheckThink	0.6827	graph	0052C638
005718D0	FreeElement_DArrayImplementation__ptr__int	0.1657	graph	0052C7C8
00571910	ArrayGrow_DArrayImplementation__ptr	0.2576	graph	0052C808
00571958	SetElement_DArrayImplementation__ptr__void_const__ptr__int	0.4043	graph	0052C850
005719A0	ArrayNew	0.1667	graph	0052C898
00571A40	ArrayFree	0.1444	graph	0052C938
00571AC8	ArrayLength	0.2917	graph	0052C9C0
00571AD0	ArrayNth	0.7738	graph	0052C9C8
00571AE8	ArrayAppend	0.2500	graph	0052C9E0
00571B08	ArrayInsertAt	0.1648	graph	0052CA00
00571BD0	ArrayRemoveAt	0.1509	graph	0052CAC8
00571C60	ArrayDeleteAt	0.2917	graph	0052CB58
00571CA0	ArrayReplaceAt	0.1667	graph	0052CB98
00571CF8	ArraySearch	0.1513	graph	0052CC18
00571DF0	ArrayMap	0.3596	graph	0052CD10
00571E80	ArrayMapBackwards2	0.3596	graph	0052CEA0
00571F10	ArrayClear	0.2322	graph	0052CF30
005720B8	TableNew	0.2000	graph	0052D0D8
005720E8	TableNew2	0.2833	graph	0052D108
005721C8	TableFree	0.5641	graph	0052D1E8
00572250	TableCount	0.2803	graph	0052D270
005722C8	TableEnter	0.5016	graph	0052D2E8
00572370	TableRemove	0.2198	graph	0052D390
00572408	TableLookup	0.1429	graph	0052D428
005724A0	TableMap	0.3333	graph	0052D4C0
00572530	TableMapSafe2	0.1429	graph	0052D658
005738B0	MD5Digest	0.3976	graph	0052EA38
00573920	gsirealloc	0.2917	graph	0052EAA8
005739C8	_gmtotime_t	0.1429	graph	0052EB50
00573AA8	time	0.5538	graph	0052EC30
00573B88	current_time	0.5958	graph	0052ED10
00573BC8	msleep	0.4492	graph	0052ED50
00573BE8	SocketStartUp	0.3449	graph	0052ED70
00573BF0	SocketShutDown	0.2000	graph	0052ED78
00573BF8	goastrdup	0.3519	graph	0052ED80
00573C60	_strlwr	0.3309	graph	0052EDE8
00573CB0	SetSockBlocking	0.4135	graph	0052EE38
00573CF8	SetReceiveBufferSize	0.0909	graph	0052EE80
00573D30	SetSendBufferSize	0.2540	graph	0052EEB8
00573DE8	GSISocketSelect	0.1667	graph	0052EF70
00574038	CanReceiveOnSocket	0.2338	graph	0052F1C0
00574158	GOAGetLastError	0.4234	graph	0052F2E0
00574190	nextlongrand	0.3333	graph	0052F318
00574220	longrand	0.2500	graph	0052F3A8
00574278	Util_RandInt	0.2679	graph	0052F400
00574518	mcFeMemCard__mcFeMemCard_char_const__ptr__int	0.2552	graph	0052F6A0
00574728	mcFeMemCard__dtor_mcFeMemCard_void	0.2651	graph	0052F8B8
00574D78	mcFeMemCard__IOUpdate_void	0.5250	graph	0052FDE0
005750C0	mcFeMemCard__StandardEventHandler_atPtr_uiWidget_const__ref__unsigned_int_atPtr_uiWidget__EventData_const_const__ref	0.3255	graph	005300D8
00575540	mcFeMemCard__IsBusy_void	0.1791	graph	005304C0
005759A8	mcFeMemCard__HideAccessWarning_void	0.2871	graph	00530918
00575B40	mcFeMemCard__CreateNewSavegameUpdate_void	0.1667	graph	00530A80
00575CF0	mcSaveGameSelect__ResultCallback_int	0.0909	graph	0034E630
00576D90	mcFeMemCard__SetSavegameListTo_char_const__ptr	0.3017	graph	00531590
00577050	mcFeMemCard__SaveCareerAndOptions_bool	0.2497	graph	00531838
005770D8	mcFeMemCard__SaveCareerAndOptionsUpdate_void	0.1250	graph	005318C0
005771D0	mcFeMemCard__LoadCompleteSavegame_char_const__ptr__char_const__ptr__bool	0.2746	graph	005319B0
00577368	mcFeMemCard__LoadCompleteSavegame_int_bool	0.1186	graph	00531B90
00577398	mcFeMemCard__LoadCompleteSavegameUpdate_void	0.5833	graph	00531BC0
00577568	mcFeMemCard__FormatUpdate_void	0.3333	graph	00531D58
005776B0	mcFeMemCard__RequestMemcardStateOfFEUpdate_void	0.2576	graph	00531EA0
00577808	mcFeMemCard__RequestEndOfMemcardStateOfFEUpdate_void	0.1383	graph	00531FE0
00577930	mcFeMemCard__ReplaceCurrentState_int	1.2005	graph	00532108
00577980	mcFeMemCard__InitializeToNewGame_void	0.2778	graph	00532158
00577A00	mcFeMemCard__InitializeToCurrentSaveGame_void	0.1250	graph	005321A8
00577AA0	mcFeMemCard__ResultCallback_int	0.1000	graph	00532268
00577C70	mcFeMemCard__UnrollStack_bool	0.3500	graph	00532400
00578428	mcFeMemCard__RetryOperation_mcFeMemCard__Operation	0.2667	graph	00532B60
005785B0	atHashNextSize_unsigned_short	0.4373	graph	00532CE8
00578648	atHash_const_char_char_const__ptr	0.1303	graph	00532D80
005786A0	atReferenceCounter__atReferenceCounter_void	0.2907	graph	00532DD8
00579418	phInertialCS__UpdateVelocityFromImpulse_void	0.3429	graph	00533A98
00579870	phInertialCS__UpdateInner_float	0.1000	graph	00533EF0
00579E10	phInertialCS__UpdateImplicit_float_Vector3__ref__Vector3__ref__Matrix34__ref	0.4028	graph	00534490
0057A728	phInertialCS__ApplyForce_Vector3_const__ref	0.1946	graph	00534DA8
0057A8A0	phInertialCS__ApplyForceCenterOfMass_Vector3_const__ref__Vector3_const__ref	0.3000	graph	00534F20
0057AA18	phInertialCS__ApplyContactForce_Vector3_const__ref__Vector3_const__ref__Matrix34_const__ref__Vector3__ptr	0.2083	graph	00535098
0057AC30	phInertialCS__ApplyTorque_Vector3_const__ref	0.2000	graph	005352B0
0057AC80	phInertialCS__ApplyImpulse_Vector3_const__ref	0.1880	graph	00535300
0057ADF8	phInertialCS__ApplyImpulseChangeMotion_Vector3_const__ref__Vector3_const__ref__int	0.3500	graph	00535478
0057AF60	phInertialCS__ApplyAngImpulse_Vector3_const__ref	0.3548	graph	005355E0
0057AFB0	phInertialCS__ApplyAccel_Vector3_const__ref	0.3724	graph	00535630
0057B150	phInertialCS__ApplyPushAndTurn_Vector3_const__ref__Vector3_const__ref__Vector3_const__ref	0.1778	graph	005357D0
0057B448	phInertialCS__GetInertiaMatrix_Matrix34__ptr__const	0.2268	graph	00535AC8
0057B530	phInertialCS__GetInverseInertiaMatrix_Matrix34__ptr__const	0.1344	graph	00535BB0
0057B5A0	phInertialCS__GetInvMassMatrix_Vector3_const__ref__Matrix34__ref__Vector3_const__ptr__const	0.6190	graph	00535C20
0057B868	phInertialCS__GetLocalVelocity_Vector3_const__ref__Vector3__ref__int_const	0.1667	graph	00535EE8
0057BF70	phInertialCS__GetForce_float_Vector3__ptr__const	0.1744	graph	005365F0
0057BFE8	phInertialCS__GetTorque_float_Vector3__ptr__const	0.2020	graph	00536668
0057C108	phInertialCS__SetVelocity_Vector3_const__ref	0.1381	graph	00536788
0057C170	phInertialCS__SetMomentum_Vector3_const__ref	0.2000	graph	005367F0
0057C1D8	phInertialCS__SetAngVelocity_Vector3_const__ref	0.2111	graph	00536858
0057C2B8	phInertialCS__CalcAngVelocity_void	0.3429	graph	00536938
0057C7D0	phJoint__phJoint_void	0.2500	graph	00536E50
0057CA18	phJoint__ComputeInvMassMatrix_void	0.3750	graph	00537098
0057CFA8	phJointedICS__FindInvMassMatrix_Vector3_const__ref__Matrix34__ref__const	0.2000	graph	00537628
0057D870	phLinkedICS__UpdateInner_float	0.3929	graph	00537EF0
0057D8A0	phLinkedICS__SetWorldSituation_void	0.2250	graph	00537F20
0057D8E8	phLinkedICS__ResetWorldSituation_void	0.1667	graph	00537F68
0057D930	phLinkedICS__UpdateLinks_float_Matrix34_const__ptr__Matrix34_const__ptr__Vector3_const__ptr	0.2667	graph	00537FB0
0057DE58	phLinkedICS__SetICSType_phLinkedICSType_const__ptr	0.3333	graph	005384D8
0057DF68	phLinkedICS__SetRecovering_bool	0.3667	graph	005385E8
0057E1D8	phLinkedICS__GetLocalVelocity_Vector3_const__ref__Vector3__ref__int_const	0.3333	graph	00538858
0057E738	phLinkedICS__ResetLinkWorldSituation_int_Situation_const__ref	0.1667	graph	00538DB8
00580D10	mcUiGroup__mcUiGroup_char_const__ptr__int_atDerivedPtr_uiMaster_atPtr_uiWidget_const__ref	0.3815	graph	0053B948
005810F0	mcUiGroup__Update_void	0.3016	graph	0053BCD8
00581110	mcUiGroup__StandardEventHandler_atPtr_uiWidget_const__ref__unsigned_int_atPtr_uiWidget__EventData_const_const__ref	0.1786	graph	0053BCF8
00581348	mcUiHeading__mcUiHeading_char_const__ptr__char_const__ptr__int_bool_char_const__ptr	0.0441	graph	0053BE40
00581550	mcUiHeading__DoRendering_void	0.1245	graph	0053C040
00581EA8	mcUiHeading__Show_bool	0.0918	graph	0053C998
00581F68	mcUiHeading__Hide_bool	0.1736	graph	0053CA58
005835E8	mcUiKeyboard__ResetKeyboard_void	0.3333	graph	0053E028
00583620	mcUiKeyboard__MoveToNextKey_bool_bool	0.2667	graph	0053E060
00583B10	mcUiKeyboard__StandardEventHandler_atPtr_uiWidget_const__ref__unsigned_int_atPtr_uiWidget__EventData_const_const__ref	0.1111	graph	0053E528
00583F10	mcUiKeyboard__Update_void	0.2331	graph	0053E870
00584478	mcUiKeyboard__DeleteCharacterInMessage_mcKeyboardKey__ptr	0.2443	graph	0053ED50
00584508	mcUiKeyboard__HandleHotkeyAction_mcKeyboardKey__ptr	0.1397	graph	0053EDE0
00584668	mcUiKeyboard__AddCharacterToMessage_mcKeyboardKey__ptr	0.0521	graph	0053EF40
005848F8	mcUiKeyboard__MessageIsEmpty_void	0.3269	graph	0053F188
00584970	mcUiKeyboard__DrawKey_int_int_int_int_int_int_int_int_mcKeyboardKey__ptr__unsigned_wchar_t_const__ptr	0.1752	graph	0053F200
005850C8	mcUiKeyboard__CalcKeyPos_int_int_mcKeyboardKey__ptr__unsigned_wchar_t_const__ptr	0.1778	graph	0053F948
00586038	mcUiKeyboard__IsShowingOrHiding_void	0.2250	graph	005407D0
00586110	mcUiKeyboard__StripLeadingAndTrailingSpaces_char__ptr__int_char_const__ptr	0.0939	graph	005408A8
00587108	mcUiListMenu__Update_void	0.3496	graph	00541538
005879F8	mcUiListMenu__GetRow_int_int	0.3571	graph	00541DE8
00587D58	mcUiListMenu__SetInput_atDerivedPtr_uiInput_atPtr_uiWidget_const__ref	0.5012	graph	00542080
005880C0	mcUiListMenu__GetSelectCallback_int	0.2183	graph	00542380
005880E0	mcUiListMenu__SetCursorByUniqueId_unsigned_long_int	0.3188	graph	005423C8
00588238	mcUiListMenu__AddItemSimpleStringTable_unsigned_long_unsigned_int_datCallback_int_char_const__ptr	1.2466	graph	00542500
00588700	mcUiListMenu__RestoreCursor_mcUiListMenu__Cursor_const__ref__int_bool	0.2500	graph	00542910
00589610	mcUiListMenu__FindRowById_unsigned_long_int	0.0769	graph	005430C0
0058B370	mcUiListMenu__Cursor__operator_assign_mcUiListMenu__Cursor_const__ref	0.1667	graph	00544898
0058BE50	mcSndControl3dMultiple__SetRadius_int_float_float	0.1429	graph	00544DF8
0058C1E8	mcSoundFxArea__Add_char__ptr	0.1907	graph	00545190
0058C290	mcSoundFxArea__Play_void	0.1250	graph	00545238
0058C548	mcSoundFxArea__AddStreamsToBank_sndBank__ptr__bool	0.1500	graph	005454E8
0058C850	crBone__crBone_void	0.1111	graph	00545B18
0058C968	crBone__crBone_datResource__ref	0.2500	graph	00545C30
0058CA50	crBoneData__AddChild_crBoneData__ptr	0.2929	graph	00545D18
0058CEE0	ReadVisibility_datTokenizer__ref__unsigned_short__ref__unsigned_int	0.1818	graph	005461A8
0058DAE0	crSkeletonData__crSkeletonData_void	0.1250	graph	00546DA8
0058DAF8	crSkeletonData__dtor_crSkeletonData_void	0.2958	graph	00546DC0
0058DBA0	crSkeletonData__Create_Stream__ptr__char_const__ptr	0.1778	graph	00546E68
0058E470	crSkeleton__crSkeleton_int_bool_crBone__ptr__Matrix34__ptr__Matrix34__ptr__Vector3__ptr__unsigned_short__ptr	0.2776	graph	00547738
0058E740	crSkeleton__Init_crSkeletonData_const__ref__Matrix34_const__ptr__crBoneOffsets_const__ptr	0.1333	graph	00547A08
0058EB78	crSkeleton__FindGlobalMtxInternal_char_const__ptr__int_char_const	0.3000	graph	00547E40
0058ED60	crSkeleton__crSkeleton_datResource__ref	0.2588	graph	00548028
0058EE78	ioInput__Begin_bool	0.2000	graph	00548140
0058EF38	ioAddDeadZone_float_float	0.5583	graph	005481D8
0058EF90	ioAddDeadZone_float	0.2020	graph	00548230
0058EFB8	Curve__Curve_void	0.2338	graph	00548258
0058F090	Curve__NewVertex_void	0.1308	graph	00548330
0058FA18	AddNegotiator	0.2350	graph	00548CB8
0058FA88	RemoveNegotiator	0.1191	graph	00548D28
0058FB78	SendPacket	0.1190	graph	00548E18
00590030	NNBeginNegotiationWithSocket	0.2017	graph	005492D0
005901A0	NegotiateThink	0.4111	graph	00549440
005903B8	NNThink	0.3066	graph	00549658
00590B38	mcSerializer__FileDescriptor__CheckAndConsumeId_char_const__ptr__unsigned_int	1.0269	graph	00549DD8
00590C40	void_mcPgFileIOHelper__Read_char_const__ptr__mcSerializer__FileDescriptor__ref__char_const__ptr___ref__unsigned_int_char_const__ptr	0.2500	graph	00549EE0
00590C70	char_const__ptr__mcPgFileIOHelper__Read_char_const__ptr__mcSerializer__FileDescriptor__ref__unsigned_int_char_const__ptr	0.3834	graph	00549F10
00590FD0	vehBaseCS__Init_vehEntity__ptr__char__ptr	0.2514	graph	0054A270
005913C8	vehPovCS__Update_void	0.1667	graph	0054A650
00591408	vehPovCS__UpdatePOV_void	0.3490	graph	0054A690
005917E0	vehPovCS__AfterLoad_void	0.3333	graph	0054AA38
00591C30	vehTrackCS__Update_void	0.1429	graph	0054AE48
00592158	vehTrackCS__UpdateHill_void	0.1667	graph	0054B370
00592320	vehTrackCS__UpdateTrack_void	0.1001	graph	0054B538
00594F60	FIFOAddRear__SBServerFIFO__ptr___SBServer__ptr	0.1667	graph	0054D198
00594F90	FIFOAddFront__SBServerFIFO__ptr___SBServer__ptr	0.2000	graph	0054D1C8
00594FB8	FIFOGetFirst__SBServerFIFO__ptr	0.2500	graph	0054D1F0
00594FE8	FIFORemove__SBServerFIFO__ptr___SBServer__ptr	0.3095	graph	0054D220
00595058	FIFOClear__SBServerFIFO__ptr	0.3333	graph	0054D290
00595220	SBQueryEngineInit	0.6338	graph	0054D458
005952D0	SBEngineHaltUpdates	0.1429	graph	0054D508
00595300	SBEngineCleanup	0.2101	graph	0054D538
00595340	SBQueryEngineUpdateServer	0.5000	graph	0054D578
005953D0	ParseSingleQR2Reply__SBQueryEngine__ptr___SBServer__ptr__char__ptr__int	0.2083	graph	0054D608
00595520	ParseSingleGOAReply__SBQueryEngine__ptr___SBServer__ptr__char__ptr__int	0.0702	graph	0054D758
005955E8	ProcessIncomingReplies__SBQueryEngine__ptr	0.2667	graph	0054D820
00595700	TimeoutOldQueries__SBQueryEngine__ptr	0.2417	graph	0054D938
00595798	QueueNextQueries__SBQueryEngine__ptr	0.3667	graph	0054D9D0
005957F8	SBQueryEngineThink	0.1667	graph	0054DA30
00595878	SBQueryEngineAddQueryKey	0.1000	graph	0054DAB0
005958A0	SBQueryEngineRemoveServerFromFIFOs	0.4167	graph	0054DAD8
00595DA8	mcLightData__mcLightData_datResource__ref	0.1064	graph	0054DFD0
00597618	mcShaderTexAnimation__mcShaderTexAnimation_void	0.2778	graph	0054EA40
005981B0	CurveMgr__CreateCurve_int	0.3113	graph	0054F5A0
005985A8	CurveMgr__Save_char_const__ptr__char_const__ptr__char_const__ptr	0.0535	graph	0054F998
00598830	CurveMgr__AddCurve_datAsciiTokenizer__ref	0.1250	graph	0054FC20
0059AF78	vehAuto__Update_void	0.0909	graph	00552350
0059C3A8	vehDriver__vehDriver_void	0.1667	graph	00553780
0059CF50	vehGyro__ApplyForce_Vector3_const__ref__Vector3_const__ref	0.2263	graph	005542A0
0059D0E8	vehGyro__ApplyTorque_Vector3_const__ref__Vector3_const__ref	0.5180	graph	00554438
0059DBC8	vehPlayerInput__UpdateMouse_void	0.3000	graph	00554F18
0059E248	vehPlayerInput__UpdatePad_void	0.1409	graph	00555598
0059F030	vehStuck__Pegged_void	0.1944	graph	00556378
0059F068	vehStuck__Update_void	0.1250	graph	005563B0
0059F9E0	vehTelemetry__Update_void	0.4683	graph	00556CA8
005A0410	txtMovieSubtitles__Draw_void	0.0707	graph	005575F0
005A14C0	mcVehFactory__GetCar_void_const	0.8899	graph	005585F0
005A14C8	mcVehFactory__OpenCDVehicleZipFile_void	0.2314	graph	005585F8
005A15D0	mcVehFactory__CloseCDVehicleZipFile_void	0.2788	graph	00558700
005A1780	camAppCS__ApproachIt_void	0.1250	graph	005588F8
005A1840	camAppCS__UpdateApproach_void	0.1011	graph	005589B8
005A2838	camPolarCS__ProcessInputs_void	0.2500	graph	005599B0
005A2F00	camPolarCS__Update_void	0.3833	graph	0055A078
005A2FF0	camPolarCS__PolarView_float_float_float_float	0.2500	graph	0055A168
005A3BB8	mcTrigger__LoadTriggerEvents_mcTriggerArrayFactory__ref__datAsciiTokenizer__ref	0.1429	graph	0055BEC8
005A4B18	mcTriggerArrayFactory__AddTriggerEvent_atArray_mcTriggerEvent__ptr__8_unsigned_short_65535__ref__mcTriggerEventFileData_const__ref	0.1487	graph	0055CD80
005A6348	mcTriggerManager__OnOpponentLapFinished_int_int	0.2000	graph	0055E570
005A6370	mcTriggerManager__OnOpponentLapFinished_int_int_atArray_mcTrigger__ptr__8_unsigned_short_65535__ref	0.3333	graph	0055E598
005A87A8	memHeap__InitClass_char_const__ptr__int_bool_bool_bool	0.2696	graph	00560740
005A8898	pssOpenFile_char_const__ptr	0.1667	graph	00372188
005A8940	memHeap__End_void	0.3333	graph	00560910
005B0900	aiDrivePathSTRLMultiSeg__PushTurn_Vector2__ref__float__ref__float__ref__Vector2_const__ref__Vector2_const__ref__Vector2_const__ref__float_float_Vector2_const__ref__float_float_const	0.4167	graph	005685D0
005B60D0	crfAnimation__GetAnimationPrefix_char_const__ptr__char_const__ptr__bool_bool	0.1900	graph	0056DC58
005B6240	crfAnimation__LoadAnim_ANI1_Stream__ptr__bool	0.4521	graph	0056DDC8
005B65D8	crfAnimation__LoadAnim_char_const__ptr__char_const__ptr__bool_bool	0.2104	graph	0056E160
005B86A0	TaggedStream__Close_void	0.0921	graph	0057A4C0
005B86F8	TaggedStream__ReadTag_short__ref__int__ref	0.3444	graph	0057A518
005B8B48	__malloc_alloc_template_0____S_oom_malloc_unsigned_int	0.5526	graph	0057B9C0
005B8BA8	__default_alloc_template_false_0____S_chunk_alloc_unsigned_int_int__ref	0.0610	graph	0057BA20
005B8D30	__default_alloc_template_false_0____S_refill_unsigned_int	0.2262	graph	0057BBA8
005B96B0	virtual_function_thunk_delta_36_for_mcSenseOfSpeed__FileIO_datParser__ref	0.3333	graph	0057C3D8
005B97D8	mcSenseOfSpeed__RenderAllTypes_mcPassTypes	0.1250	graph	0057C500
005B9878	virtual_function_thunk_delta_36_for_mcColorFilter__FileIO_datParser__ref	0.3333	graph	0057C5A0
005B99A8	atSList_mcNetGame___operator_index_int	0.7000	graph	0057C6D0
005BA658	aiAmbientVehicle__operator_assign_aiAmbientVehicle_const__ref	0.2111	graph	0057D6C8
005BACE0	virtual_function_thunk_delta_44_for_aiAmbientType__FileIO_datParser__ref	0.2000	graph	0057DD90
005BAD20	virtual_function_thunk_delta_44_for_aiAmbientType__GetDirName_void	0.5000	graph	0057DDD0
005BAD40	virtual_function_thunk_delta_44_for_aiAmbientType__GetTypeName_void	0.5000	graph	0057DDF0
005BB0B8	virtual_function_thunk_delta_48_for_aiAmbientVehicle__PreImpact_phImpactBase__ptr__phInst__ptr	0.0667	graph	0057E128
005BB188	virtual_function_thunk_delta_16_for_aiAmbientVehicle__Render_mcPassTypes	0.0345	graph	0057E1F8
005BBB90	virtual_function_thunk_delta_36_for_mcSkyHatClass__FileIO_datParser__ref	0.2500	graph	0057E730
005BD038	bool_SerializeFromFile_mshMesh_char_const__ptr__mshMesh__ref__char_const__ptr	0.3415	graph	0057F8A8
005BDE88	mcPhysicsSurfaceMgr__dtor_mcPhysicsSurfaceMgr_void	0.3333	graph	005806F0
005BE5E8	virtual_function_thunk_delta_8_for_rmcCarModel__dtor_rmcCarModel_void	0.0500	graph	00580E40
005BE618	virtual_function_thunk_delta_8_for_rmcCarModel__Render_mcPassTypes	0.0213	graph	00580E70
005C2C60	virtual_function_thunk_delta_32_for_mcBanger__BreakApart_phImpact__ptr__phInstBreakable__ptr__ptr__int__ptr__phInst__ptr__ptr__phImpactData__ptr__phBreakData_const__ref	0.0417	graph	00584CA8
005C3D00	virtual_function_thunk_delta_32_for_mcPropFixed__PreImpact_phImpactBase__ptr__phInst__ptr	0.1429	graph	00585D38
005C4B10	virtual_function_thunk_delta_32_for_mcPropCollectable__BreakApart_phImpact__ptr__phInstBreakable__ptr__ptr__int__ptr__phInst__ptr__ptr__phImpactData__ptr__phBreakData_const__ref	0.0909	graph	00586B48
005C58E8	atSList_mcNetGame___PopHead_void	0.1429	graph	00587928
005C6CD8	mcRaceAmbient__operator_assign_mcRaceAmbient_const__ref	0.2061	graph	00588CF8
005C7D90	virtual_function_thunk_delta_16_for_aiOpponent__Reset_void	0.1429	graph	00589D10
005C8400	__uninitialized_copy_aux__H2ZPt12atDerivedPtr2Z8uiMasterZt5atPtr1Z8uiWidgetZPt12atDerivedPtr2Z8uiMasterZt5atPtr1Z8uiWidget_X01X01X11G12__false_type_X11	0.1250	graph	0058A278
005C8470	vector_atDerivedPtr_uiMaster_atPtr_uiWidget_allocator_atDerivedPtr_uiMaster_atPtr_uiWidget____M_insert_aux_atDerivedPtr_uiMaster_atPtr_uiWidget__ptr__atDerivedPtr_uiMaster_atPtr_uiWidget_const__ref	0.1022	graph	0058A2E8
005CD718	virtual_function_thunk_delta_20_for_mcCreature__Render_mcPassTypes	0.0909	graph	0058F568
005CDF78	phPolytree_phOctreeCell___CullSphereOBBPolysVerts_Vector3_const__ref__float_Matrix34_const__ref__Vector3_const__ref__int__ref__unsigned_short__ptr__ref__int__ref__unsigned_short__ptr__ref__bool_const	0.1429	graph	0058FDD0
005CF438	phPolytree_phQuadtreeCell___CullSphereOBBPolysVerts_Vector3_const__ref__float_Matrix34_const__ref__Vector3_const__ref__int__ref__unsigned_short__ptr__ref__int__ref__unsigned_short__ptr__ref__bool_const	0.1429	graph	00591290
005D06E0	void_mcPgFileIOHelper__Read_bool_mcSerializer__FileDescriptor__ref__bool__ref__unsigned_int_char_const__ptr	0.1000	graph	00592538
005D07C0	void_mcSerializer__Read_bool_bool__ref__char_const__ptr	1.0437	graph	00592618
005D07E0	bool_mcPgFileIOHelper__Read_bool_mcSerializer__FileDescriptor__ref__unsigned_int_char_const__ptr	0.3788	graph	00592638
005D08B8	bool_mcSerializer__Read_bool_char_const__ptr	0.1429	graph	00592710
005D1A70	void_mcPgFileIOHelper__Read_int_mcSerializer__FileDescriptor__ref__int__ref__unsigned_int_char_const__ptr	0.2000	graph	00593130
005D1B68	void_mcSerializer__Read_int_int__ref__char_const__ptr	0.5323	graph	00593228
005D1FE8	int_mcPgFileIOHelper__Read_int_mcSerializer__FileDescriptor__ref__unsigned_int_char_const__ptr	0.1429	graph	00593600
005D20D8	int_mcSerializer__Read_int_char_const__ptr	0.5790	graph	005936F0
005D20F8	unsigned_short_mcPgFileIOHelper__Read_unsigned_short_mcSerializer__FileDescriptor__ref__unsigned_int_char_const__ptr	0.3788	graph	00593710
005D21E8	unsigned_short_mcSerializer__Read_unsigned_short_char_const__ptr	0.1429	graph	00593800
005D3278	void_mcPgFileIOHelper__Read_unsigned_char_mcSerializer__FileDescriptor__ref__unsigned_char__ref__unsigned_int_char_const__ptr	0.1250	graph	005947D0
005D3358	void_mcSerializer__Read_unsigned_char_unsigned_char__ref__char_const__ptr	0.5258	graph	005948B0
005D3B20	void_mcPgFileIOHelper__Read_signed_char_mcSerializer__FileDescriptor__ref__signed_char__ref__unsigned_int_char_const__ptr	0.1429	graph	00594EC0
005D3C00	void_mcSerializer__Read_signed_char_signed_char__ref__char_const__ptr	0.7083	graph	00594FA0
005D4EC0	__uninitialized_copy_aux__H2ZPQ28mcPgFlow22RaceAvailabilityRecordZPQ28mcPgFlow22RaceAvailabilityRecord_X01X01X11G12__false_type_X11	0.1429	graph	00595F40
005D4EF0	vector_mcPgFlow__RaceAvailabilityRecord_allocator_mcPgFlow__RaceAvailabilityRecord____M_insert_aux_mcPgFlow__RaceAvailabilityRecord__ptr__mcPgFlow__RaceAvailabilityRecord_const__ref	0.1857	graph	00595F70
005D5AB0	__uninitialized_copy_aux__H2ZP14mcPgKBOpenRaceZP14mcPgKBOpenRace_X01X01X11G12__false_type_X11	0.1364	graph	00596B30
005D5BD0	void_fill_mcPgKBOpenRace__ptr__mcPgKBOpenRace_mcPgKBOpenRace__ptr__mcPgKBOpenRace__ptr__mcPgKBOpenRace_const__ref	0.1909	graph	00596C50
005D5C28	__uninitialized_fill_n_aux__H3ZP14mcPgKBOpenRaceZUiZ14mcPgKBOpenRace_X01X11RCX21G12__false_type_X01	0.1909	graph	00596CA8
005D5C88	vector_mcPgKBOpenRace_allocator_mcPgKBOpenRace___insert_mcPgKBOpenRace__ptr__unsigned_int_mcPgKBOpenRace_const__ref	0.5200	graph	00596D08
005D6BB8	vector_mcPgKBOpenRace_allocator_mcPgKBOpenRace____M_insert_aux_mcPgKBOpenRace__ptr__mcPgKBOpenRace_const__ref	0.2068	graph	00597C38
005D7260	char_const__ptr__mcSerializer__Read_char_const__ptr__char_const__ptr	0.2323	graph	005982E0
005D7800	int_mcPgKnowledgeBase__GetRaceIdx_vector_mcPgKBOpenRace_allocator_mcPgKBOpenRace_vector_mcPgKBOpenRace_allocator_mcPgKBOpenRace_const__ref__unsigned_short_const	0.0526	graph	00598720
005D7918	int_mcPgKnowledgeBase__GetRaceIdx_vector_mcPgKBPutAsideRace_allocator_mcPgKBPutAsideRace_vector_mcPgKBPutAsideRace_allocator_mcPgKBPutAsideRace_const__ref__unsigned_short_const	0.1111	graph	005987E0
005D8820	void_mcPgFileIOHelper__Read_float_mcSerializer__FileDescriptor__ref__float__ref__unsigned_int_char_const__ptr	0.2500	graph	005995F8
005D8918	void_mcSerializer__Read_float_float__ref__char_const__ptr	0.2019	graph	005996F0
005D8A28	void_mcSerializer__Read_char_const__ptr__char_const__ptr___ref__char_const__ptr	0.1538	graph	005998F0
005D9980	mcPgRewards__RoundingRecord_const__ptr____lower_bound_mcPgRewards__RoundingRecord_const__ptr__mcPgRewards__RoundingRecord_bool__ptr__mcPgRewards__RoundingRecord_const__ref__mcPgRewards__RoundingRecord_const__ref__int_mcPgRewards__4e378a8924	0.2000	graph	0059AA10
005DAF20	__uninitialized_copy_aux__H2ZPQ211mcPgRewards14RoundingRecordZPQ211mcPgRewards14RoundingRecord_X01X01X11G12__false_type_X11	0.1429	graph	0059BFB0
005DAF50	vector_mcPgRewards__RoundingRecord_allocator_mcPgRewards__RoundingRecord____M_insert_aux_mcPgRewards__RoundingRecord__ptr__mcPgRewards__RoundingRecord_const__ref	0.1996	graph	0059BFE0
005DC218	__uninitialized_copy_aux__H2ZPQ217mcPgRubberBanding8RBRecordZPQ217mcPgRubberBanding8RBRecord_X01X01X11G12__false_type_X11	0.1429	graph	0059D2A8
005DC2F8	vector_mcPgRubberBanding__RBRecord_allocator_mcPgRubberBanding__RBRecord____M_insert_aux_mcPgRubberBanding__RBRecord__ptr__mcPgRubberBanding__RBRecord_const__ref	0.1329	graph	0059D320
005DE3F0	__uninitialized_copy_aux__H2ZPQ211mcPgTaskMgr11RunningTaskZPQ211mcPgTaskMgr11RunningTask_X01X01X11G12__false_type_X11	0.2540	graph	0059E9C8
005DFA70	__uninitialized_copy_aux__H2ZPQ211mcPgTaskMgr11RetiredTaskZPQ211mcPgTaskMgr11RetiredTask_X01X01X11G12__false_type_X11	0.2083	graph	005A0048
005DFB00	vector_mcPgTaskMgr__RetiredTask_allocator_mcPgTaskMgr__RetiredTask___insert_mcPgTaskMgr__RetiredTask__ptr__unsigned_int_mcPgTaskMgr__RetiredTask_const__ref	0.3246	graph	005A00D8
005DFDD0	vector_mcPgTaskMgr__RetiredTask_allocator_mcPgTaskMgr__RetiredTask____M_insert_aux_mcPgTaskMgr__RetiredTask__ptr__mcPgTaskMgr__RetiredTask_const__ref	0.1265	graph	005A03A8
005E0D98	vector_mcPgTaskMgr__RunningTask_allocator_mcPgTaskMgr__RunningTask____M_insert_aux_mcPgTaskMgr__RunningTask__ptr__mcPgTaskMgr__RunningTask_const__ref	0.2174	graph	005A1138
005E0FF8	mcPgTaskMgr__RunningTask__ptr__find_mcPgTaskMgr__RunningTask__ptr__mcPgTaskMgr__RunningTask_mcPgTaskMgr__RunningTask__ptr__mcPgTaskMgr__RunningTask__ptr__mcPgTaskMgr__RunningTask_const__ref__random_access_iterator_tag	0.1468	graph	005A1398
005E1200	mcPgTaskMgr__RegisteredTaskType_const__ptr____lower_bound_mcPgTaskMgr__RegisteredTaskType_const__ptr__mcPgTaskMgr__RegisteredTaskType_int_mcPgTaskMgr__RegisteredTaskType_const__ptr__mcPgTaskMgr__RegisteredTaskType_const__ptr__mc__3c7d90fde4	0.1429	graph	005A15A0
005E1268	mcPgTaskMgr__IdByNameLookupNode_const__ptr____lower_bound_mcPgTaskMgr__IdByNameLookupNode_const__ptr__mcPgTaskMgr__IdByNameLookupNode_int_mcPgTaskMgr__IdByNameLookupNode_const__ptr__mcPgTaskMgr__IdByNameLookupNode_const__ptr__mc__081f7e6369	0.1706	graph	005A1608
005E1350	mcPgTaskMgr__RunningTask_const__ptr__find_mcPgTaskMgr__RunningTask_const__ptr__mcPgTaskMgr__RunningTask_mcPgTaskMgr__RunningTask_const__ptr__mcPgTaskMgr__RunningTask_const__ptr__mcPgTaskMgr__RunningTask_const__ref__random_access__195ac38c54	0.2040	graph	005A16F0
005E1558	mcPgTaskMgr__RetiredTask_const__ptr__find_mcPgTaskMgr__RetiredTask_const__ptr__mcPgTaskMgr__RetiredTask_mcPgTaskMgr__RetiredTask_const__ptr__mcPgTaskMgr__RetiredTask_const__ptr__mcPgTaskMgr__RetiredTask_const__ref__random_access__f6cc20b0fd	0.2540	graph	005A18F8
005E38E8	__uninitialized_copy_aux__H2ZPQ223mcPgBinaryRulesEvalBase11RuleOrGroupZPQ223mcPgBinaryRulesEvalBase11RuleOrGroup_X01X01X11G12__false_type_X11	0.1429	graph	005A3AF8
005E3928	vector_mcPgBinaryRulesEvalBase__RuleOrGroup_allocator_mcPgBinaryRulesEvalBase__RuleOrGroup____M_insert_aux_mcPgBinaryRulesEvalBase__RuleOrGroup__ptr__mcPgBinaryRulesEvalBase__RuleOrGroup_const__ref	0.1857	graph	005A3B38
005E45B0	mcPgBinaryRulesEvalBase__RuleOrGroup_const__ptr____lower_bound_mcPgBinaryRulesEvalBase__RuleOrGroup_const__ptr__mcPgBinaryRulesEvalBase__RuleOrGroup_mcPgBinaryRulesEvalBase__RuleOrGroup__Less_int_mcPgBinaryRulesEvalBase__RuleOrG__99c109ff21	0.0357	graph	005A47C0
005E4D50	mcArchetypeBreak__dtor_mcArchetypeBreak_void	0.1429	graph	00580648
005E5968	void_SwapEm_phBreakData__ptr__phBreakData__ptr___ref__phBreakData__ptr___ref	0.2500	graph	005A5B78
005E7740	void_Serialize_mshMaterial_mshSerializer__ref__mshArray_mshMaterial_64__ref	0.4025	graph	005A7930
005E7F68	vector_int_allocator_int____M_insert_aux_int__ptr__int_const__ref	0.1972	graph	005A8148
005E8110	mcFeMemCard__AllWidgets__AllWidgets_void	0.2167	graph	005A82F0
